Posted Date,Description,Amount,Balance,Reference
2026-01-01,ACH CREDIT RIVERBEND NATURA PPD,23670.49,502610.33,555626004701223
2026-01-01,ACH CREDIT MADRONA FOOD CO- PPD,13392.73,516003.06,754938288088095
2026-01-01,ACH CREDIT HAWTHORNE FRESH  PPD,25894.56,541897.62,177278687227208
2026-01-01,REMOTE DEPOSIT CAPTURE,23550.64,565448.26,6555
2026-01-01,ACH CREDIT SALT MARSH KITCH PPD,3860.75,569309.01,925916204380109
2026-01-01,ACH DEBIT GOWEN FIELD COMMER CCD,-4875.00,564434.01,789443658776855
2026-01-01,ACH DEBIT LOMBARD STREET PRO CCD,-8500.00,555934.01,562010601494074
2026-01-01,ACH DEBIT DUWAMISH INDUSTRIA CCD,-6420.00,549514.01,847790841897875
2026-01-02,REMOTE DEPOSIT CAPTURE,799.94,550313.95,2462
2026-01-02,REMOTE DEPOSIT CAPTURE,3834.56,554148.51,2065
2026-01-02,ACH CREDIT VALE BRASSERIE PPD,2721.80,556870.31,542715099735311
2026-01-02,ACH CREDIT NORTHSTAR DELI PPD,3934.01,560804.32,122133955071996
2026-01-05,REMOTE DEPOSIT CAPTURE,16317.07,577121.39,9448
2026-01-05,REMOTE DEPOSIT CAPTURE,2858.18,579979.57,66
2026-01-05,REMOTE DEPOSIT CAPTURE,26756.65,606736.22,847
2026-01-05,REMOTE DEPOSIT CAPTURE,27326.69,634062.91,8226
2026-01-05,REMOTE DEPOSIT CAPTURE,1007.32,635070.23,1198
2026-01-05,ACH CREDIT NETTLE CANTINA PPD,2448.21,637518.44,423364336277336
2026-01-05,REMOTE DEPOSIT CAPTURE,1220.39,638738.83,8847
2026-01-05,REMOTE DEPOSIT CAPTURE,2734.49,641473.32,5326
2026-01-05,REMOTE DEPOSIT CAPTURE,3646.46,645119.78,4734
2026-01-05,REMOTE DEPOSIT CAPTURE,809.95,645929.73,9430
2026-01-05,ACH CREDIT MOUNTAIN GROCERS PPD,23929.86,669859.59,231727917349525
2026-01-05,ACH CREDIT KETTLE BISTRO PPD,3481.45,673341.04,136945394687333
2026-01-05,REMOTE DEPOSIT CAPTURE,17810.36,691151.40,2558
2026-01-05,REMOTE DEPOSIT CAPTURE,3800.87,694952.27,4798
2026-01-06,REMOTE DEPOSIT CAPTURE,25448.04,720400.31,3376
2026-01-06,ACH CREDIT UPLAND KITCHEN PPD,1302.63,721702.94,278598695624204
2026-01-06,REMOTE DEPOSIT CAPTURE,2350.59,724053.53,9008
2026-01-06,ACH CREDIT FOXGLOVE MARKET PPD,26178.70,750232.23,168694778252442
2026-01-06,REMOTE DEPOSIT CAPTURE,962.88,751195.11,7998
2026-01-07,REMOTE DEPOSIT CAPTURE,20348.26,771543.37,3708
2026-01-07,ACH CREDIT HERON CAFE PPD,3147.29,774690.66,173373622366838
2026-01-07,ACH CREDIT COPPERLEAF BRASS PPD,2611.00,777301.66,987970167193563
2026-01-07,ACH CREDIT ELK ROCK PROVISI PPD,18467.16,795768.82,942449614438401
2026-01-07,REMOTE DEPOSIT CAPTURE,19621.81,815390.63,4958
2026-01-07,REMOTE DEPOSIT CAPTURE,831.13,816221.76,6786
2026-01-07,REMOTE DEPOSIT CAPTURE,1699.41,817921.17,2510
2026-01-07,ACH CREDIT ROOKERY CAFE PPD,1868.44,819789.61,611634349648355
2026-01-07,REMOTE DEPOSIT CAPTURE,2476.93,822266.54,4753
2026-01-08,REMOTE DEPOSIT CAPTURE,2851.99,825118.53,4382
2026-01-08,ACH CREDIT PARSNIP PIZZERIA PPD,3529.77,828648.30,146074218655191
2026-01-08,ACH CREDIT JUNIPER HILL FOO PPD,22982.46,851630.76,653038461301428
2026-01-08,REMOTE DEPOSIT CAPTURE,3227.86,854858.62,9363
2026-01-08,ACH CREDIT KINFOLK PIZZERIA PPD,1118.19,855976.81,827463473534964
2026-01-08,REMOTE DEPOSIT CAPTURE,27626.10,883602.91,2835
2026-01-08,ACH CREDIT VASHON ISLAND MA PPD,12339.91,895942.82,465220019609778
2026-01-08,REMOTE DEPOSIT CAPTURE,2525.93,898468.75,6923
2026-01-08,ACH CREDIT IRONCLAD BRASSER PPD,3271.05,901739.80,350577588093218
2026-01-08,REMOTE DEPOSIT CAPTURE,2224.26,903964.06,3901
2026-01-08,ACH CREDIT ROSE CITY MARKET PPD,21035.01,924999.07,111721081599229
2026-01-08,REMOTE DEPOSIT CAPTURE,2141.60,927140.67,7043
2026-01-08,ACH CREDIT BELMONT NATURAL  PPD,16033.40,943174.07,539348509689631
2026-01-08,ACH DEBIT ROGUE VALLEY CHEES CCD,-7605.70,935568.37,283080562163607
2026-01-08,ACH DEBIT MT. HOOD BERRY FAR CCD,-10765.21,924803.16,319173190035703
2026-01-08,ACH DEBIT COWLITZ CREEK FARM CCD,-11282.31,913520.85,914786650689148
2026-01-08,ACH DEBIT NOOKSACK BERRY GRO CCD,-22202.51,891318.34,959020448504076
2026-01-08,ACH DEBIT YAKIMA HOP & HERB CCD,-11437.23,879881.11,133882467226967
2026-01-08,ACH DEBIT CHEHALIS VALLEY EG CCD,-7615.80,872265.31,533081267169472
2026-01-08,ACH DEBIT METHOW VALLEY APPL CCD,-10255.29,862010.02,460286965825901
2026-01-08,ACH DEBIT CHINOOK SMOKEHOUSE CCD,-16316.78,845693.24,970285804340982
2026-01-08,ACH DEBIT TREASURE VALLEY TR CCD,-1969.34,843723.90,827544462426334
2026-01-08,ACH DEBIT LUMMI BAY SEAFOOD CCD,-12871.67,830852.23,652323992730458
2026-01-08,ACH DEBIT TETON VALLEY TROUT CCD,-4161.25,826690.98,824357992050415
2026-01-08,ACH DEBIT PAYETTE VALLEY BEE CCD,-16385.69,810305.29,152002098539065
2026-01-08,ACH DEBIT BOARDMAN TREE FRUI CCD,-23664.58,786640.71,114929259790686
2026-01-08,ACH DEBIT HOOD CANAL OYSTER  CCD,-6073.06,780567.65,731701672531483
2026-01-08,ACH DEBIT WALLOWA GRASS-FED  CCD,-8868.25,771699.40,878195903059608
2026-01-08,ACH DEBIT COLUMBIA GORGE ORC CCD,-11063.35,760636.05,827592443978140
2026-01-08,ACH DEBIT PALOUSE LENTIL GRO CCD,-6757.39,753878.66,988685909567338
2026-01-08,ACH DEBIT HERMISTON MELON FA CCD,-4793.81,749084.85,194376934651107
2026-01-08,ACH DEBIT UMPQUA OAT MILL CCD,-5961.75,743123.10,821873518717657
2026-01-09,REMOTE DEPOSIT CAPTURE,15991.86,759114.96,6245
2026-01-09,ACH CREDIT WREN NOODLE HOUS PPD,3225.33,762340.29,459111046389318
2026-01-09,ACH CREDIT ALDER STREET MAR PPD,21180.62,783520.91,787933537875024
2026-01-09,FIRST CASCADE LOAN PMT 7719,-6326.20,777194.71,
2026-01-12,REMOTE DEPOSIT CAPTURE,1814.84,779009.55,4639
2026-01-12,REMOTE DEPOSIT CAPTURE,11070.08,790079.63,6069
2026-01-12,ACH CREDIT BELLWETHER TAVER PPD,1361.95,791441.58,549587378667929
2026-01-12,REMOTE DEPOSIT CAPTURE,17381.87,808823.45,8164
2026-01-12,ACH CREDIT YAKIMA ORCHARD M PPD,21368.66,830192.11,381208384018368
2026-01-12,ACH CREDIT KEEL SMOKEHOUSE PPD,2044.03,832236.14,818266573613920
2026-01-12,REMOTE DEPOSIT CAPTURE,1516.99,833753.13,3457
2026-01-12,ACH CREDIT PIONEER SQUARE P PPD,22257.49,856010.62,896612227865674
2026-01-12,REMOTE DEPOSIT CAPTURE,1518.35,857528.97,8868
2026-01-12,ACH CREDIT GULL EATERY PPD,3461.44,860990.41,460619124869921
2026-01-12,ACH CREDIT OWYHEE MERCANTIL PPD,12011.91,873002.32,704979175867927
2026-01-12,ACH CREDIT SAWTOOTH NATURAL PPD,15415.38,888417.70,631882560715361
2026-01-12,REMOTE DEPOSIT CAPTURE,3748.06,892165.76,4338
2026-01-12,ACH CREDIT JETTY TAVERN PPD,1830.73,893996.49,329317218107106
2026-01-12,ACH CREDIT HOLLOW NOODLE HO PPD,1922.99,895919.48,374954926763582
2026-01-12,REMOTE DEPOSIT CAPTURE,12652.18,908571.66,6521
2026-01-12,ACH CREDIT ZEPHYR BAKERY PPD,3299.21,911870.87,156633269317995
2026-01-12,REMOTE DEPOSIT CAPTURE,1449.33,913320.20,2073
2026-01-12,REMOTE DEPOSIT CAPTURE,24680.05,938000.25,8611
2026-01-12,REMOTE DEPOSIT CAPTURE,1847.44,939847.69,6808
2026-01-12,REMOTE DEPOSIT CAPTURE,2300.54,942148.23,5858
2026-01-12,ACH CREDIT IRONWOOD GROCERY PPD,13992.68,956140.91,861155886719051
2026-01-12,REMOTE DEPOSIT CAPTURE,28574.96,984715.87,2057
2026-01-12,ACH CREDIT FILBERT & OAK MA PPD,14880.52,999596.39,759578019523260
2026-01-12,ACH CREDIT UMPQUA VALLEY FO PPD,19779.29,1019375.68,124077986505364
2026-01-12,REMOTE DEPOSIT CAPTURE,16478.73,1035854.41,837
2026-01-12,ACH CREDIT BASALT GRILL PPD,3292.47,1039146.88,429059870824876
2026-01-12,ACH CREDIT KESTREL MARKET H PPD,11895.59,1051042.47,461964576901672
2026-01-12,CHECK 40113,-11303.18,1039739.29,40113
2026-01-12,CHECK 40114,-9246.62,1030492.67,40114
2026-01-12,CHECK 40120,-8671.25,1021821.42,40120
2026-01-13,ACH CREDIT GABLE BRASSERIE PPD,2609.75,1024431.17,829430648261701
2026-01-13,REMOTE DEPOSIT CAPTURE,24744.11,1049175.28,5311
2026-01-13,REMOTE DEPOSIT CAPTURE,18008.51,1067183.79,3975
2026-01-13,CHECK 40115,-9945.83,1057237.96,40115
2026-01-14,ACH CREDIT FIDDLEHEAD TAPRO PPD,1501.38,1058739.34,573831024992139
2026-01-14,REMOTE DEPOSIT CAPTURE,3336.33,1062075.67,2772
2026-01-14,REMOTE DEPOSIT CAPTURE,2434.19,1064509.86,9919
2026-01-14,REMOTE DEPOSIT CAPTURE,3626.31,1068136.17,8114
2026-01-14,ACH CREDIT OXBOW SMOKEHOUSE PPD,1634.93,1069771.10,681290768664236
2026-01-14,ACH CREDIT DOGWOOD BISTRO PPD,2744.02,1072515.12,348165140217302
2026-01-14,CHECK 40112,-5952.68,1066562.44,40112
2026-01-14,CHECK 40119,-21887.18,1044675.26,40119
2026-01-15,ACH CREDIT GORGE VALLEY CO- PPD,24120.85,1068796.11,452855269257833
2026-01-15,ACH CREDIT HUCKLEBERRY GRIL PPD,1870.53,1070666.64,710856331633948
2026-01-15,ACH CREDIT DESCHUTES FOOD H PPD,22488.49,1093155.13,790591562558957
2026-01-15,CHECK 40110,-3886.60,1089268.53,40110
2026-01-15,CHECK 40111,-13627.78,1075640.75,40111
2026-01-15,CHECK 40118,-17083.97,1058556.78,40118
2026-01-15,ACH DEBIT DESCHUTES BREWING  CCD,-26029.43,1032527.35,890968458507050
2026-01-15,ACH DEBIT PUGET SOUND SHELLF CCD,-21004.01,1011523.34,123151309676672
2026-01-15,ACH DEBIT MT. HOOD BERRY FAR CCD,-13075.67,998447.67,485117584514317
2026-01-15,ACH DEBIT COWLITZ CREEK FARM CCD,-13965.35,984482.32,018752749210403
2026-01-15,ACH DEBIT COLUMBIA RIVER FRE CCD,-4333.52,980148.80,672832390006028
2026-01-15,ACH DEBIT NOOKSACK BERRY GRO CCD,-9984.38,970164.42,683816074868270
2026-01-15,ACH DEBIT YAKIMA HOP & HERB CCD,-15060.74,955103.68,758409921436182
2026-01-15,ACH DEBIT WALLA WALLA ONION  CCD,-10450.76,944652.92,878640463846208
2026-01-15,ACH DEBIT CHEHALIS VALLEY EG CCD,-8979.66,935673.26,983689103696216
2026-01-15,ACH DEBIT NORTHWEST REEFER T CCD,-3696.71,931976.55,855491862316825
2026-01-15,ACH DEBIT METHOW VALLEY APPL CCD,-10961.48,921015.07,756141588912332
2026-01-15,ACH DEBIT SOUND CARTAGE CO. CCD,-2753.49,918261.58,520684365889961
2026-01-15,ACH DEBIT TREASURE VALLEY TR CCD,-3311.82,914949.76,946513707856085
2026-01-15,ACH DEBIT SIUSLAW CRANBERRY  CCD,-13692.32,901257.44,608486024066481
2026-01-15,ACH DEBIT BITTERROOT BAKEHOU CCD,-7623.31,893634.13,270913086966708
2026-01-15,ACH DEBIT MCKENZIE RIVER MIL CCD,-17719.24,875914.89,552039105671248
2026-01-15,ACH DEBIT SNAKE RIVER TROUT  CCD,-27680.53,848234.36,892192790693612
2026-01-15,ACH DEBIT COQUILLE DAIRY COO CCD,-5468.04,842766.32,720465797516197
2026-01-15,ACH DEBIT COLUMBIA GORGE ORC CCD,-10340.97,832425.35,221563762039687
2026-01-15,ACH DEBIT PALOUSE LENTIL GRO CCD,-15444.69,816980.66,401433462894935
2026-01-15,ACH DEBIT HERMISTON MELON FA CCD,-6972.18,810008.48,466677620196455
2026-01-15,PINNACLE PAYROLL SVCS PAYROLL DD,-162865.84,647142.64,
2026-01-16,REMOTE DEPOSIT CAPTURE,14062.61,661205.25,7484
2026-01-16,REMOTE DEPOSIT CAPTURE,3010.78,664216.03,9913
2026-01-16,ACH CREDIT WHIDBEY HARVEST  PPD,25975.29,690191.32,601347107147236
2026-01-16,ACH CREDIT FOXGLOVE MARKET PPD,16079.74,706271.06,035544292930672
2026-01-16,ACH CREDIT DRIFTWOOD PANTRY PPD,25069.42,731340.48,949108025952138
2026-01-16,CHECK 40109,-3013.46,728327.02,40109
2026-01-16,CHECK 40116,-11725.95,716601.07,40116
2026-01-16,CHECK 40117,-9292.03,707309.04,40117
2026-01-19,REMOTE DEPOSIT CAPTURE,1583.62,708892.66,6492
2026-01-19,REMOTE DEPOSIT CAPTURE,2529.64,711422.30,2779
2026-01-19,REMOTE DEPOSIT CAPTURE,25533.85,736956.15,190
2026-01-19,ACH CREDIT WHIDBEY HARVEST  PPD,28391.28,765347.43,180651927606279
2026-01-19,REMOTE DEPOSIT CAPTURE,11661.91,777009.34,9108
2026-01-19,ACH CREDIT JUBILEE CANTINA PPD,778.29,777787.63,188896233102354
2026-01-19,ACH CREDIT ELK ROCK PROVISI PPD,16708.78,794496.41,375962407225069
2026-01-19,REMOTE DEPOSIT CAPTURE,1466.70,795963.11,1144
2026-01-19,REMOTE DEPOSIT CAPTURE,3812.89,799776.00,4883
2026-01-19,REMOTE DEPOSIT CAPTURE,1293.22,801069.22,4519
2026-01-19,REMOTE DEPOSIT CAPTURE,11542.68,812611.90,5835
2026-01-19,REMOTE DEPOSIT CAPTURE,863.93,813475.83,2934
2026-01-19,REMOTE DEPOSIT CAPTURE,3242.64,816718.47,8295
2026-01-19,REMOTE DEPOSIT CAPTURE,1876.35,818594.82,6465
2026-01-19,REMOTE DEPOSIT CAPTURE,25057.19,843652.01,9466
2026-01-19,ACH CREDIT DOVETAIL TAPROOM PPD,2076.85,845728.86,012825307538013
2026-01-19,ACH CREDIT FILBERT & OAK MA PPD,27887.86,873616.72,089927580633966
2026-01-19,ACH CREDIT UMPQUA VALLEY FO PPD,21040.73,894657.45,359187276633855
2026-01-19,REMOTE DEPOSIT CAPTURE,19905.22,914562.67,4251
2026-01-19,ACH CREDIT DESCHUTES FOOD H PPD,23421.31,937983.98,220693202087756
2026-01-19,CHECK 40125,-6520.07,931463.91,40125
2026-01-19,CHECK 40126,-24549.62,906914.29,40126
2026-01-20,REMOTE DEPOSIT CAPTURE,12453.02,919367.31,8104
2026-01-20,REMOTE DEPOSIT CAPTURE,1981.70,921349.01,9953
2026-01-20,ACH CREDIT ALDER STREET MAR PPD,12453.75,933802.76,577596758008262
2026-01-20,REMOTE DEPOSIT CAPTURE,3434.88,937237.64,9303
2026-01-20,CHECK 40124,-21514.41,915723.23,40124
2026-01-21,ACH CREDIT RIVERBEND NATURA PPD,28235.12,943958.35,420892168675534
2026-01-21,REMOTE DEPOSIT CAPTURE,3600.10,947558.45,2101
2026-01-21,REMOTE DEPOSIT CAPTURE,24793.84,972352.29,8099
2026-01-21,ACH CREDIT OBSIDIAN GRILL PPD,1842.72,974195.01,396507794274792
2026-01-21,REMOTE DEPOSIT CAPTURE,2321.36,976516.37,6731
2026-01-21,ACH CREDIT MOUNTAIN GROCERS PPD,27367.32,1003883.69,326934336395752
2026-01-21,ACH CREDIT BELMONT NATURAL  PPD,20507.05,1024390.74,181682135644516
2026-01-21,CHECK 40121,-10441.53,1013949.21,40121
2026-01-21,CHECK 40128,-14115.71,999833.50,40128
2026-01-22,REMOTE DEPOSIT CAPTURE,1954.82,1001788.32,6279
2026-01-22,REMOTE DEPOSIT CAPTURE,2342.22,1004130.54,5255
2026-01-22,ACH CREDIT MADRONA FOOD CO- PPD,22250.98,1026381.52,540470868184546
2026-01-22,ACH CREDIT ROOKERY CAFE PPD,4063.79,1030445.31,936533242421874
2026-01-22,CHECK 40123,-8642.47,1021802.84,40123
2026-01-22,CHECK 40127,-9690.36,1012112.48,40127
2026-01-22,CHECK 40129,-8509.11,1003603.37,40129
2026-01-22,ACH DEBIT CLEARWATER CREAMER CCD,-9881.12,993722.25,811482270376045
2026-01-22,ACH DEBIT RIDGELINE EXPRESS CCD,-1898.65,991823.60,114903650949459
2026-01-22,ACH DEBIT ROGUE VALLEY CHEES CCD,-3844.97,987978.63,115835775711592
2026-01-22,ACH DEBIT COWLITZ CREEK FARM CCD,-4159.33,983819.30,511478439280023
2026-01-22,ACH DEBIT WALLA WALLA ONION  CCD,-11214.25,972605.05,417775112369088
2026-01-22,ACH DEBIT NORTHWEST REEFER T CCD,-3110.62,969494.43,872550766665067
2026-01-22,ACH DEBIT METHOW VALLEY APPL CCD,-14926.64,954567.79,663334017277900
2026-01-22,ACH DEBIT NEWBERG NUT GROWER CCD,-11217.69,943350.10,238901902415665
2026-01-22,ACH DEBIT COLUMBIA BASIN WAT CCD,-438.03,942912.07,881952831732882
2026-01-22,ACH DEBIT WILLAMETTE VALLEY  CCD,-7555.97,935356.10,809353066333898
2026-01-22,ACH DEBIT UMPQUA OAT MILL CCD,-10529.88,924826.22,681863542758205
2026-01-23,REMOTE DEPOSIT CAPTURE,3190.25,928016.47,9504
2026-01-23,ACH CREDIT MOSSY ROCK TAPRO PPD,3288.23,931304.70,339182660761781
2026-01-23,ACH CREDIT KESTREL MARKET H PPD,25849.00,957153.70,866355611666005
2026-01-23,CHECK 40122,-5995.27,951158.43,40122
2026-01-23,FIRST CASCADE LOC INTEREST 5512,-5175.00,945983.43,
2026-01-23,FIRST CASCADE LOC ADVANCE 5512,55000.00,1000983.43,
2026-01-26,REMOTE DEPOSIT CAPTURE,16152.03,1017135.46,3183
2026-01-26,ACH CREDIT PARSNIP PIZZERIA PPD,1168.41,1018303.87,015734455292666
2026-01-26,ACH CREDIT YAKIMA ORCHARD M PPD,25875.31,1044179.18,214553938886298
2026-01-26,REMOTE DEPOSIT CAPTURE,910.83,1045090.01,5398
2026-01-26,ACH CREDIT GORGE VALLEY CO- PPD,14459.21,1059549.22,710622689177281
2026-01-26,ACH CREDIT VASHON ISLAND MA PPD,28408.48,1087957.70,493860893595306
2026-01-26,ACH CREDIT HAWTHORNE FRESH  PPD,26764.42,1114722.12,136384875354276
2026-01-26,REMOTE DEPOSIT CAPTURE,28571.94,1143294.06,3554
2026-01-26,REMOTE DEPOSIT CAPTURE,22397.64,1165691.70,1704
2026-01-26,ACH CREDIT ROSE CITY MARKET PPD,14939.30,1180631.00,820899884698203
2026-01-26,ACH CREDIT IRONWOOD GROCERY PPD,13178.94,1193809.94,875065296521406
2026-01-26,ACH CREDIT UPROOT CAFE PPD,1539.17,1195349.11,333276458363869
2026-01-26,REMOTE DEPOSIT CAPTURE,14264.15,1209613.26,4622
2026-01-26,ACH CREDIT IRIS TAPROOM PPD,1593.98,1211207.24,999354758399799
2026-01-26,REMOTE DEPOSIT CAPTURE,3788.52,1214995.76,8558
2026-01-26,CHECK 40131,-7884.64,1207111.12,40131
2026-01-26,CHECK 40133,-15348.83,1191762.29,40133
2026-01-26,CHECK 40134,-14155.18,1177607.11,40134
2026-01-26,CHECK 40138,-2086.35,1175520.76,40138
2026-01-26,CHECK 40139,-7628.58,1167892.18,40139
2026-01-27,ACH CREDIT OWYHEE MERCANTIL PPD,21083.67,1188975.85,610028158938326
2026-01-27,CHECK 40136,-6941.21,1182034.64,40136
2026-01-28,REMOTE DEPOSIT CAPTURE,4001.12,1186035.76,9783
2026-01-28,REMOTE DEPOSIT CAPTURE,2711.03,1188746.79,2163
2026-01-28,ACH CREDIT DRIFTWOOD PANTRY PPD,11041.27,1199788.06,681139633075095
2026-01-28,ACH CREDIT KESTREL MARKET H PPD,25029.58,1224817.64,094814720662534
2026-01-28,CHECK 40130,-11650.98,1213166.66,40130
2026-01-28,CHECK 40132,-6233.95,1206932.71,40132
2026-01-29,ACH CREDIT ASTER KITCHEN PPD,3906.86,1210839.57,644479064406774
2026-01-29,REMOTE DEPOSIT CAPTURE,3987.49,1214827.06,9545
2026-01-29,ACH CREDIT PIONEER SQUARE P PPD,27932.99,1242760.05,100440475524075
2026-01-29,REMOTE DEPOSIT CAPTURE,2201.87,1244961.92,1688
2026-01-29,ACH CREDIT ALDER STREET MAR PPD,12093.45,1257055.37,253585317936203
2026-01-29,REMOTE DEPOSIT CAPTURE,21761.02,1278816.39,2963
2026-01-29,CHECK 40135,-5841.33,1272975.06,40135
2026-01-29,CHECK 40137,-11506.30,1261468.76,40137
2026-01-29,ACH DEBIT CLEARWATER CREAMER CCD,-8614.00,1252854.76,065218631862578
2026-01-29,ACH DEBIT PACIFIC COAST PACK CCD,-3084.45,1249770.31,434484035586538
2026-01-29,ACH DEBIT RIDGELINE EXPRESS CCD,-2229.66,1247540.65,837260073037956
2026-01-29,ACH DEBIT PUGET SOUND SHELLF CCD,-10579.53,1236961.12,746084701443989
2026-01-29,ACH DEBIT COLUMBIA RIVER FRE CCD,-1992.36,1234968.76,564439374467531
2026-01-29,ACH DEBIT NOOKSACK BERRY GRO CCD,-25407.21,1209561.55,640800648475469
2026-01-29,ACH DEBIT YAKIMA HOP & HERB CCD,-11556.30,1198005.25,745292401405586
2026-01-29,ACH DEBIT WALLA WALLA ONION  CCD,-5897.00,1192108.25,341450103807425
2026-01-29,ACH DEBIT PACIFIC FLEET FUEL CCD,-2680.02,1189428.23,217530156586193
2026-01-29,ACH DEBIT SALEM PALLET RECYC CCD,-459.94,1188968.29,802243571370845
2026-01-29,ACH DEBIT CHEHALIS VALLEY EG CCD,-4037.95,1184930.34,922390067604881
2026-01-29,ACH DEBIT EMERALD CITY COLD  CCD,-3808.52,1181121.82,919140548171327
2026-01-29,ACH DEBIT PORTLAND GENERAL U CCD,-1263.51,1179858.31,606638819042537
2026-01-29,ACH DEBIT PINNACLE PAYROLL S CCD,-355.83,1179502.48,219363019651369
2026-01-29,ACH DEBIT CHINOOK SMOKEHOUSE CCD,-11425.77,1168076.71,710498199609576
2026-01-29,ACH DEBIT TREASURE VALLEY TR CCD,-2406.25,1165670.46,418997090527581
2026-01-29,ACH DEBIT LUMMI BAY SEAFOOD CCD,-8765.25,1156905.21,635320512926493
2026-01-29,ACH DEBIT BITTERROOT BAKEHOU CCD,-8870.01,1148035.20,025701004902904
2026-01-29,ACH DEBIT MCKENZIE RIVER MIL CCD,-11370.22,1136664.98,761610227008007
2026-01-29,ACH DEBIT NEWBERG NUT GROWER CCD,-14063.71,1122601.27,935946114402364
2026-01-29,ACH DEBIT TETON VALLEY TROUT CCD,-11012.63,1111588.64,390058019916890
2026-01-29,ACH DEBIT PAYETTE VALLEY BEE CCD,-15481.05,1096107.59,142385071113301
2026-01-29,ACH DEBIT BOARDMAN TREE FRUI CCD,-15169.47,1080938.12,272997275159577
2026-01-29,ACH DEBIT WALLOWA GRASS-FED  CCD,-8022.58,1072915.54,616706631167322
2026-01-29,ACH DEBIT PALOUSE LENTIL GRO CCD,-11263.45,1061652.09,908388078020288
2026-01-29,ACH DEBIT HERMISTON MELON FA CCD,-15781.51,1045870.58,515606918913620
2026-01-29,ACH DEBIT UMPQUA OAT MILL CCD,-9615.02,1036255.56,457360249863616
2026-01-29,ACH DEBIT EVERGREEN BOX & FI CCD,-1708.04,1034547.52,728594678104186
2026-01-30,ACH CREDIT JUNIPER HILL FOO PPD,14839.25,1049386.77,545546877904688
2026-01-30,REMOTE DEPOSIT CAPTURE,27137.61,1076524.38,9730
2026-01-30,ACH CREDIT SAWTOOTH NATURAL PPD,25261.60,1101785.98,083591582100708
2026-01-30,ACH CREDIT UMPQUA VALLEY FO PPD,26008.67,1127794.65,696378786070160
2026-01-30,CHECK 40140,-29321.33,1098473.32,40140
2026-01-30,PINNACLE PAYROLL SVCS PAYROLL DD,-145703.14,952770.18,
2026-01-30,MONTHLY MAINTENANCE FEE,-45.00,952725.18,
2026-02-02,REMOTE DEPOSIT CAPTURE,27972.04,980697.22,5543
2026-02-02,REMOTE DEPOSIT CAPTURE,2035.41,982732.63,2676
2026-02-02,REMOTE DEPOSIT CAPTURE,1842.58,984575.21,1473
2026-02-02,REMOTE DEPOSIT CAPTURE,3222.66,987797.87,185
2026-02-02,ACH CREDIT DRIFTWOOD PANTRY PPD,20472.56,1008270.43,357072111933586
2026-02-02,ACH CREDIT BELMONT NATURAL  PPD,28638.45,1036908.88,607819506102093
2026-02-02,CHECK 40143,-567.58,1036341.30,40143
2026-02-02,CHECK 40147,-11566.44,1024774.86,40147
2026-02-02,CHECK 40149,-7463.12,1017311.74,40149
2026-02-02,ACH DEBIT GOWEN FIELD COMMER CCD,-4875.00,1012436.74,421547101647700
2026-02-02,ACH DEBIT LOMBARD STREET PRO CCD,-8500.00,1003936.74,067960153410790
2026-02-02,ACH DEBIT DUWAMISH INDUSTRIA CCD,-6420.00,997516.74,211227307316761
2026-02-03,REMOTE DEPOSIT CAPTURE,1458.71,998975.45,8991
2026-02-03,ACH CREDIT GREENHOUSE BISTR PPD,1456.28,1000431.73,487609759564742
2026-02-03,REMOTE DEPOSIT CAPTURE,766.13,1001197.86,41
2026-02-03,REMOTE DEPOSIT CAPTURE,23128.67,1024326.53,6799
2026-02-03,ACH CREDIT HUCKLEBERRY GRIL PPD,3908.37,1028234.90,378494066174890
2026-02-03,ACH CREDIT DOGWOOD BISTRO PPD,2745.65,1030980.55,651233599267785
2026-02-03,CHECK 40154,-13567.11,1017413.44,40154
2026-02-03,CHECK 40155,-14788.72,1002624.72,40155
2026-02-04,ACH CREDIT YAKIMA ORCHARD M PPD,17495.31,1020120.03,152722713210715
2026-02-04,REMOTE DEPOSIT CAPTURE,15796.67,1035916.70,7563
2026-02-04,ACH CREDIT SAWTOOTH NATURAL PPD,23804.64,1059721.34,254443423078121
2026-02-04,REMOTE DEPOSIT CAPTURE,2245.15,1061966.49,4362
2026-02-04,ACH CREDIT DOVETAIL TAPROOM PPD,2703.42,1064669.91,315383228809849
2026-02-04,REMOTE DEPOSIT CAPTURE,22415.61,1087085.52,9668
2026-02-04,CHECK 40141,-14638.22,1072447.30,40141
2026-02-04,CHECK 40148,-10321.62,1062125.68,40148
2026-02-04,CHECK 40151,-5554.82,1056570.86,40151
2026-02-04,CHECK 40152,-10544.58,1046026.28,40152
2026-02-05,REMOTE DEPOSIT CAPTURE,3322.48,1049348.76,363
2026-02-05,ACH CREDIT VASHON ISLAND MA PPD,11566.90,1060915.66,299851927964256
2026-02-05,ACH CREDIT DRIFTLESS TAVERN PPD,3301.33,1064216.99,881690605667815
2026-02-05,REMOTE DEPOSIT CAPTURE,11041.55,1075258.54,2798
2026-02-05,REMOTE DEPOSIT CAPTURE,2680.20,1077938.74,8626
2026-02-05,REMOTE DEPOSIT CAPTURE,3285.65,1081224.39,2043
2026-02-05,CHECK 40142,-3966.40,1077257.99,40142
2026-02-05,CHECK 40144,-7429.25,1069828.74,40144
2026-02-05,CHECK 40146,-10575.43,1059253.31,40146
2026-02-05,ACH DEBIT RIDGEWIRE TELECOM CCD,-1299.56,1057953.75,734668039537222
2026-02-05,ACH DEBIT DESCHUTES BREWING  CCD,-10979.54,1046974.21,404539734788932
2026-02-05,ACH DEBIT PACIFIC COAST PACK CCD,-7620.55,1039353.66,816290493093066
2026-02-05,ACH DEBIT ROGUE VALLEY CHEES CCD,-25295.92,1014057.74,822605599190473
2026-02-05,ACH DEBIT MT. HOOD BERRY FAR CCD,-17706.23,996351.51,594418744370372
2026-02-05,ACH DEBIT COWLITZ CREEK FARM CCD,-15339.14,981012.37,641605632673502
2026-02-05,ACH DEBIT PACIFIC FLEET FUEL CCD,-3042.82,977969.55,576650467966009
2026-02-05,ACH DEBIT CROWN LINEN & UNIF CCD,-648.22,977321.33,054249734084884
2026-02-05,ACH DEBIT NORTHWEST REEFER T CCD,-6580.10,970741.23,661017745551913
2026-02-05,ACH DEBIT METHOW VALLEY APPL CCD,-8704.76,962036.47,929971255785284
2026-02-05,ACH DEBIT SOUND CARTAGE CO. CCD,-1973.63,960062.84,576865016760859
2026-02-05,ACH DEBIT SIUSLAW CRANBERRY  CCD,-8293.83,951769.01,293304727373122
2026-02-05,ACH DEBIT NEWBERG NUT GROWER CCD,-3815.87,947953.14,651300808843601
2026-02-05,ACH DEBIT PAYETTE VALLEY BEE CCD,-12213.34,935739.80,099780167225108
2026-02-05,ACH DEBIT SNAKE RIVER TROUT  CCD,-11835.92,923903.88,270995585926045
2026-02-05,ACH DEBIT COQUILLE DAIRY COO CCD,-4476.58,919427.30,484088340165490
2026-02-05,ACH DEBIT METRO WASTE HAULER CCD,-757.10,918670.20,132288751155806
2026-02-05,ACH DEBIT WILLAMETTE VALLEY  CCD,-8892.64,909777.56,988242488381965
2026-02-05,ACH DEBIT HOOD CANAL OYSTER  CCD,-11842.08,897935.48,105771677560938
2026-02-05,ACH DEBIT COLUMBIA GORGE ORC CCD,-13492.58,884442.90,325342268260057
2026-02-05,ACH DEBIT PALOUSE LENTIL GRO CCD,-14550.46,869892.44,426430031378155
2026-02-05,ACH DEBIT HERMISTON MELON FA CCD,-11714.42,858178.02,344415463841846
2026-02-06,REMOTE DEPOSIT CAPTURE,3588.14,861766.16,766
2026-02-06,REMOTE DEPOSIT CAPTURE,4548.40,866314.56,3214
2026-02-06,ACH CREDIT HERON CAFE PPD,3165.40,869479.96,246705843491722
2026-02-06,ACH CREDIT ROSE CITY MARKET PPD,11722.27,881202.23,835608666250313
2026-02-06,REMOTE DEPOSIT CAPTURE,2579.46,883781.69,364
2026-02-06,REMOTE DEPOSIT CAPTURE,2865.84,886647.53,9983
2026-02-06,CHECK 40145,-9519.17,877128.36,40145
2026-02-06,CHECK 40150,-1723.00,875405.36,40150
2026-02-06,CHECK 40153,-9545.78,865859.58,40153
2026-02-09,REMOTE DEPOSIT CAPTURE,28132.32,893991.90,1258
2026-02-09,REMOTE DEPOSIT CAPTURE,24402.98,918394.88,1472
2026-02-09,ACH CREDIT JUNIPER HILL FOO PPD,11061.71,929456.59,074338191535013
2026-02-09,ACH CREDIT PIONEER SQUARE P PPD,14666.78,944123.37,816590738250730
2026-02-09,ACH CREDIT WHIDBEY HARVEST  PPD,22320.36,966443.73,382311569541272
2026-02-09,REMOTE DEPOSIT CAPTURE,915.46,967359.19,6908
2026-02-09,ACH CREDIT GORGE VALLEY CO- PPD,20662.61,988021.80,519428734096092
2026-02-09,ACH CREDIT HAWTHORNE FRESH  PPD,20626.27,1008648.07,475684128274990
2026-02-09,REMOTE DEPOSIT CAPTURE,3466.37,1012114.44,1477
2026-02-09,REMOTE DEPOSIT CAPTURE,2410.22,1014524.66,3401
2026-02-09,ACH CREDIT ISLE SMOKEHOUSE PPD,2282.07,1016806.73,535300592899411
2026-02-09,REMOTE DEPOSIT CAPTURE,2480.66,1019287.39,8454
2026-02-09,REMOTE DEPOSIT CAPTURE,3121.16,1022408.55,8595
2026-02-09,REMOTE DEPOSIT CAPTURE,1726.37,1024134.92,4224
2026-02-09,CHECK 40158,-9151.05,1014983.87,40158
2026-02-09,CHECK 40163,-9340.26,1005643.61,40163
2026-02-09,CHECK 40166,-11894.04,993749.57,40166
2026-02-09,CHECK 40169,-14438.98,979310.59,40169
2026-02-10,REMOTE DEPOSIT CAPTURE,1176.23,980486.82,4536
2026-02-10,ACH CREDIT GABLE BRASSERIE PPD,2048.80,982535.62,403818176994800
2026-02-10,REMOTE DEPOSIT CAPTURE,24171.28,1006706.90,8029
2026-02-10,REMOTE DEPOSIT CAPTURE,3956.19,1010663.09,564
2026-02-10,ACH CREDIT VALE BRASSERIE PPD,2444.12,1013107.21,639853883988718
2026-02-10,REMOTE DEPOSIT CAPTURE,20533.19,1033640.40,4497
2026-02-10,ACH CREDIT MOUNTAIN GROCERS PPD,11321.11,1044961.51,053065930952009
2026-02-10,CHECK 40161,-19835.58,1025125.93,40161
2026-02-10,CHECK 40164,-23974.38,1001151.55,40164
2026-02-10,CHECK 40165,-1589.02,999562.53,40165
2026-02-10,FIRST CASCADE LOAN PMT 7719,-6299.52,993263.01,
2026-02-11,REMOTE DEPOSIT CAPTURE,13382.94,1006645.95,4449
2026-02-11,ACH CREDIT JACKDAW KITCHEN PPD,2104.32,1008750.27,009443485642507
2026-02-11,CHECK 40157,-4598.67,1004151.60,40157
2026-02-11,CHECK 40162,-25126.79,979024.81,40162
2026-02-11,CHECK 40167,-5792.55,973232.26,40167
2026-02-11,CHECK 40168,-15512.51,957719.75,40168
2026-02-12,ACH CREDIT OWYHEE MERCANTIL PPD,26244.54,983964.29,474538597611475
2026-02-12,ACH CREDIT HOLLOW NOODLE HO PPD,834.21,984798.50,536953523738453
2026-02-12,REMOTE DEPOSIT CAPTURE,2944.57,987743.07,5346
2026-02-12,ACH CREDIT ZEPHYR BAKERY PPD,3334.78,991077.85,451318527288899
2026-02-12,ACH CREDIT ROOKERY CAFE PPD,1812.51,992890.36,612636198709110
2026-02-12,CHECK 40160,-14042.95,978847.41,40160
2026-02-12,ACH DEBIT CLEARWATER CREAMER CCD,-8498.62,970348.79,333749869245929
2026-02-12,ACH DEBIT PACIFIC COAST PACK CCD,-7907.90,962440.89,328668706617700
2026-02-12,ACH DEBIT TALENT BRIDGE STAF CCD,-2226.48,960214.41,813846122284032
2026-02-12,ACH DEBIT STUMPTOWN OFFICE S CCD,-645.85,959568.56,290099206237837
2026-02-12,ACH DEBIT RIDGELINE EXPRESS CCD,-1557.30,958011.26,650331352504128
2026-02-12,ACH DEBIT WILLAMETTE SANITAT CCD,-518.98,957492.28,207095926052150
2026-02-12,ACH DEBIT PUGET SOUND SHELLF CCD,-15690.27,941802.01,680666322095613
2026-02-12,ACH DEBIT COWLITZ CREEK FARM CCD,-8066.71,933735.30,062810771721695
2026-02-12,ACH DEBIT COLUMBIA RIVER FRE CCD,-3767.98,929967.32,123313778272094
2026-02-12,ACH DEBIT NOOKSACK BERRY GRO CCD,-6733.44,923233.88,582437878591433
2026-02-12,ACH DEBIT YAKIMA HOP & HERB CCD,-9912.63,913321.25,105158770931484
2026-02-12,ACH DEBIT CLOUDLEDGER SOFTWA CCD,-615.10,912706.15,043146975088631
2026-02-12,ACH DEBIT WALLA WALLA ONION  CCD,-5122.01,907584.14,796740890243009
2026-02-12,ACH DEBIT PACIFIC FLEET FUEL CCD,-1833.05,905751.09,662905675043854
2026-02-12,ACH DEBIT CROWN LINEN & UNIF CCD,-532.00,905219.09,920032625146928
2026-02-12,ACH DEBIT CHEHALIS VALLEY EG CCD,-9183.58,896035.51,090692002482547
2026-02-12,ACH DEBIT NORTHGATE IT PARTN CCD,-2092.17,893943.34,419446360049591
2026-02-12,ACH DEBIT METHOW VALLEY APPL CCD,-4789.97,889153.37,965549088200869
2026-02-12,ACH DEBIT SOUND CARTAGE CO. CCD,-1839.24,887314.13,891289226796500
2026-02-12,ACH DEBIT CHINOOK SMOKEHOUSE CCD,-13413.28,873900.85,750081622710836
2026-02-12,ACH DEBIT TREASURE VALLEY TR CCD,-3948.09,869952.76,031073178777730
2026-02-12,ACH DEBIT SIUSLAW CRANBERRY  CCD,-7143.54,862809.22,480396915193002
2026-02-12,ACH DEBIT BITTERROOT BAKEHOU CCD,-13833.14,848976.08,998134538158047
2026-02-12,ACH DEBIT MCKENZIE RIVER MIL CCD,-4366.41,844609.67,011823440484926
2026-02-12,ACH DEBIT NEWBERG NUT GROWER CCD,-8806.80,835802.87,226034567806727
2026-02-12,ACH DEBIT TETON VALLEY TROUT CCD,-7645.24,828157.63,956944010247828
2026-02-12,ACH DEBIT PORTLAND FLEET WAS CCD,-220.66,827936.97,009089816275599
2026-02-12,ACH DEBIT SNAKE RIVER TROUT  CCD,-9780.62,818156.35,984840042754059
2026-02-12,ACH DEBIT COQUILLE DAIRY COO CCD,-4503.89,813652.46,016346699364732
2026-02-12,ACH DEBIT COASTLINE SHREDDIN CCD,-162.12,813490.34,432383175540166
2026-02-12,ACH DEBIT WILLAMETTE VALLEY  CCD,-6268.62,807221.72,048308079518527
2026-02-12,ACH DEBIT BOARDMAN TREE FRUI CCD,-9715.50,797506.22,119495529384837
2026-02-12,ACH DEBIT HOOD CANAL OYSTER  CCD,-10879.76,786626.46,867508977597014
2026-02-12,ACH DEBIT WALLOWA GRASS-FED  CCD,-13301.54,773324.92,470604136944625
2026-02-12,ACH DEBIT COLUMBIA GORGE ORC CCD,-6537.94,766786.98,072889233291613
2026-02-12,ACH DEBIT UMPQUA OAT MILL CCD,-11613.49,755173.49,966352615376964
2026-02-13,REMOTE DEPOSIT CAPTURE,20237.07,775410.56,6797
2026-02-13,REMOTE DEPOSIT CAPTURE,21808.73,797219.29,5020
2026-02-13,ACH CREDIT DUNE CANTINA PPD,2621.28,799840.57,455847205463739
2026-02-13,REMOTE DEPOSIT CAPTURE,20914.11,820754.68,8657
2026-02-13,CHECK 40156,-15054.62,805700.06,40156
2026-02-13,CHECK 40159,-13562.57,792137.49,40159
2026-02-13,PINNACLE PAYROLL SVCS PAYROLL DD,-160300.76,631836.73,
2026-02-16,ACH CREDIT YAKIMA ORCHARD M PPD,19535.38,651372.11,372245618074034
2026-02-16,ACH CREDIT RIVERBEND NATURA PPD,26284.34,677656.45,882145491466506
2026-02-16,REMOTE DEPOSIT CAPTURE,2608.97,680265.42,6245
2026-02-16,REMOTE DEPOSIT CAPTURE,1667.20,681932.62,3713
2026-02-16,ACH CREDIT JETTY TAVERN PPD,2694.65,684627.27,648698190161562
2026-02-16,REMOTE DEPOSIT CAPTURE,3932.30,688559.57,121
2026-02-16,ACH CREDIT MADRONA FOOD CO- PPD,22616.89,711176.46,870579874638927
2026-02-16,REMOTE DEPOSIT CAPTURE,13016.48,724192.94,4713
2026-02-16,ACH CREDIT ROSE CITY MARKET PPD,11612.23,735805.17,796055846932538
2026-02-16,ACH CREDIT ALDER STREET MAR PPD,27617.55,763422.72,268455324539866
2026-02-16,ACH CREDIT IRONWOOD GROCERY PPD,21355.33,784778.05,402940575837170
2026-02-16,REMOTE DEPOSIT CAPTURE,16790.93,801568.98,2849
2026-02-16,REMOTE DEPOSIT CAPTURE,1226.70,802795.68,8366
2026-02-16,ACH CREDIT FILBERT & OAK MA PPD,16651.24,819446.92,020964977416368
2026-02-16,REMOTE DEPOSIT CAPTURE,22349.98,841796.90,319
2026-02-16,ACH CREDIT DESCHUTES FOOD H PPD,26717.74,868514.64,033386693922409
2026-02-16,CHECK 40171,-12337.84,856176.80,40171
2026-02-16,CHECK 40177,-9173.22,847003.58,40177
2026-02-16,CHECK 40181,-7310.39,839693.19,40181
2026-02-17,REMOTE DEPOSIT CAPTURE,3386.36,843079.55,4402
2026-02-17,REMOTE DEPOSIT CAPTURE,25719.27,868798.82,521
2026-02-17,REMOTE DEPOSIT CAPTURE,841.09,869639.91,2431
2026-02-17,REMOTE DEPOSIT CAPTURE,3167.86,872807.77,4361
2026-02-17,ACH CREDIT BASALT GRILL PPD,867.36,873675.13,422067891456397
2026-02-17,ACH CREDIT SALT MARSH KITCH PPD,1855.36,875530.49,147709479661690
2026-02-17,CHECK 40170,-2916.22,872614.27,40170
2026-02-17,CHECK 40175,-4807.61,867806.66,40175
2026-02-17,CHECK 40183,-4358.80,863447.86,40183
2026-02-18,REMOTE DEPOSIT CAPTURE,23029.88,886477.74,2267
2026-02-18,ACH CREDIT MOSSY ROCK TAPRO PPD,2756.06,889233.80,730002808082559
2026-02-18,ACH CREDIT ISLE SMOKEHOUSE PPD,2353.10,891586.90,715474951080987
2026-02-18,REMOTE DEPOSIT CAPTURE,19165.49,910752.39,2454
2026-02-18,CHECK 40172,-14847.08,895905.31,40172
2026-02-18,CHECK 40176,-14860.32,881044.99,40176
2026-02-18,CHECK 40179,-6920.91,874124.08,40179
2026-02-18,CHECK 40180,-1578.95,872545.13,40180
2026-02-19,ACH CREDIT PARSNIP PIZZERIA PPD,4034.80,876579.93,139427238569709
2026-02-19,REMOTE DEPOSIT CAPTURE,20213.39,896793.32,1315
2026-02-19,REMOTE DEPOSIT CAPTURE,6419.12,903212.44,6802
2026-02-19,REMOTE DEPOSIT CAPTURE,25820.98,929033.42,2474
2026-02-19,ACH CREDIT UMPQUA VALLEY FO PPD,26136.60,955170.02,870941252967454
2026-02-19,ACH DEBIT DESCHUTES BREWING  CCD,-11689.62,943480.40,461104044256743
2026-02-19,ACH DEBIT CLEARWATER CREAMER CCD,-14496.02,928984.38,138809410002894
2026-02-19,ACH DEBIT PACIFIC COAST PACK CCD,-2846.99,926137.39,509779549316175
2026-02-19,ACH DEBIT RIDGELINE EXPRESS CCD,-453.66,925683.73,858653591853001
2026-02-19,ACH DEBIT WILLAMETTE SANITAT CCD,-272.79,925410.94,725481142142594
2026-02-19,ACH DEBIT ROGUE VALLEY CHEES CCD,-14171.36,911239.58,010957723754629
2026-02-19,ACH DEBIT COLUMBIA RIVER FRE CCD,-2076.76,909162.82,456060808504811
2026-02-19,ACH DEBIT YAKIMA HOP & HERB CCD,-7715.45,901447.37,328569394321200
2026-02-19,ACH DEBIT WALLA WALLA ONION  CCD,-13921.38,887525.99,677054910493604
2026-02-19,ACH DEBIT BRIGHTLINE JANITOR CCD,-1573.27,885952.72,823648385476724
2026-02-19,ACH DEBIT PACIFIC FLEET FUEL CCD,-2106.69,883846.03,609425608896158
2026-02-19,ACH DEBIT NORTHWEST REEFER T CCD,-6917.79,876928.24,456119333110293
2026-02-19,ACH DEBIT METHOW VALLEY APPL CCD,-5939.74,870988.50,791171199885083
2026-02-19,ACH DEBIT SOUND CARTAGE CO. CCD,-2857.71,868130.79,745119104489751
2026-02-19,ACH DEBIT CHINOOK SMOKEHOUSE CCD,-11971.93,856158.86,386122827476898
2026-02-19,ACH DEBIT LUMMI BAY SEAFOOD CCD,-9573.84,846585.02,891717411768446
2026-02-19,ACH DEBIT BITTERROOT BAKEHOU CCD,-14132.93,832452.09,313704943782562
2026-02-19,ACH DEBIT MCKENZIE RIVER MIL CCD,-11242.63,821209.46,414712221178094
2026-02-19,ACH DEBIT TETON VALLEY TROUT CCD,-12471.74,808737.72,829249796147004
2026-02-19,ACH DEBIT PAYETTE VALLEY BEE CCD,-9339.13,799398.59,440728072997290
2026-02-19,ACH DEBIT SNAKE RIVER TROUT  CCD,-15551.57,783847.02,127859762542299
2026-02-19,ACH DEBIT WILLAMETTE VALLEY  CCD,-9472.42,774374.60,628881342841674
2026-02-19,ACH DEBIT HOOD CANAL OYSTER  CCD,-11669.97,762704.63,924188027494119
2026-02-19,ACH DEBIT WALLOWA GRASS-FED  CCD,-12078.21,750626.42,899821781528762
2026-02-19,ACH DEBIT COLUMBIA GORGE ORC CCD,-14100.58,736525.84,329611412481342
2026-02-19,ACH DEBIT PALOUSE LENTIL GRO CCD,-18031.86,718493.98,178059624044768
2026-02-19,ACH DEBIT HERMISTON MELON FA CCD,-7937.93,710556.05,710825027193200
2026-02-20,REMOTE DEPOSIT CAPTURE,24848.73,735404.78,2613
2026-02-20,ACH CREDIT JUNIPER HILL FOO PPD,16007.25,751412.03,927323545385870
2026-02-20,REMOTE DEPOSIT CAPTURE,28593.39,780005.42,9228
2026-02-20,ACH CREDIT FOXGLOVE MARKET PPD,16546.44,796551.86,491507502370157
2026-02-20,ACH CREDIT KESTREL MARKET H PPD,22462.20,819014.06,638464448229718
2026-02-20,CHECK 40173,-4714.95,814299.11,40173
2026-02-20,CHECK 40174,-1116.17,813182.94,40174
2026-02-20,CHECK 40178,-11688.91,801494.03,40178
2026-02-20,CHECK 40182,-6992.20,794501.83,40182
2026-02-23,ACH CREDIT ALPINE EATERY PPD,1707.08,796208.91,854592504807514
2026-02-23,REMOTE DEPOSIT CAPTURE,1451.87,797660.78,3681
2026-02-23,REMOTE DEPOSIT CAPTURE,2929.56,800590.34,5680
2026-02-23,REMOTE DEPOSIT CAPTURE,2912.70,803503.04,7653
2026-02-23,ACH CREDIT GORGE VALLEY CO- PPD,11675.59,815178.63,722062256886782
2026-02-23,REMOTE DEPOSIT CAPTURE,3419.34,818597.97,2987
2026-02-23,ACH CREDIT HOLLOW NOODLE HO PPD,3816.24,822414.21,197392321271265
2026-02-23,ACH CREDIT ELK ROCK PROVISI PPD,22671.84,845086.05,292736505528876
2026-02-23,ACH CREDIT MADRONA FOOD CO- PPD,16429.39,861515.44,149590361352905
2026-02-23,REMOTE DEPOSIT CAPTURE,1617.39,863132.83,35
2026-02-23,CHECK 40188,-11433.66,851699.17,40188
2026-02-23,CHECK 40197,-13268.64,838430.53,40197
2026-02-24,ACH CREDIT BELMONT NATURAL  PPD,12909.07,851339.60,753987533338016
2026-02-24,CHECK 40189,-4524.02,846815.58,40189
2026-02-24,CHECK 40190,-5631.81,841183.77,40190
2026-02-25,ACH CREDIT HERON CAFE PPD,2168.56,843352.33,933639342412619
2026-02-25,ACH CREDIT SAWTOOTH NATURAL PPD,20378.49,863730.82,333321714211586
2026-02-25,ACH CREDIT MOUNTAIN GROCERS PPD,23014.49,886745.31,108609015335017
2026-02-25,REMOTE DEPOSIT CAPTURE,2133.20,888878.51,6838
2026-02-25,REMOTE DEPOSIT CAPTURE,20716.65,909595.16,9970
2026-02-25,CHECK 40186,-3824.60,905770.56,40186
2026-02-25,CHECK 40187,-15102.20,890668.36,40187
2026-02-25,CHECK 40191,-12371.77,878296.59,40191
2026-02-25,CHECK 40193,-11051.18,867245.41,40193
2026-02-25,CHECK 40194,-7430.78,859814.63,40194
2026-02-25,FIRST CASCADE LOC INTEREST 5512,-5491.25,854323.38,
2026-02-25,FIRST CASCADE LOC ADVANCE 5512,55000.00,909323.38,
2026-02-26,ACH CREDIT JUNIPER HILL FOO PPD,21526.81,930850.19,115472955249975
2026-02-26,ACH CREDIT SEXTANT BAKERY PPD,1250.19,932100.38,695817494695638
2026-02-26,REMOTE DEPOSIT CAPTURE,11590.08,943690.46,5345
2026-02-26,REMOTE DEPOSIT CAPTURE,22934.97,966625.43,250
2026-02-26,CHECK 40185,-13430.54,953194.89,40185
2026-02-26,CHECK 40196,-11076.39,942118.50,40196
2026-02-26,ACH DEBIT DESCHUTES BREWING  CCD,-10697.47,931421.03,355666112261614
2026-02-26,ACH DEBIT PACIFIC COAST PACK CCD,-6082.29,925338.74,068179646449939
2026-02-26,ACH DEBIT TALENT BRIDGE STAF CCD,-4264.82,921073.92,077819970261582
2026-02-26,ACH DEBIT STUMPTOWN OFFICE S CCD,-162.67,920911.25,607446545803366
2026-02-26,ACH DEBIT RIDGELINE EXPRESS CCD,-1056.79,919854.46,350378641223914
2026-02-26,ACH DEBIT PUGET SOUND SHELLF CCD,-9828.51,910025.95,036808409944987
2026-02-26,ACH DEBIT MT. HOOD BERRY FAR CCD,-12447.52,897578.43,776361279029861
2026-02-26,ACH DEBIT COWLITZ CREEK FARM CCD,-14405.40,883173.03,004536394662693
2026-02-26,ACH DEBIT COLUMBIA RIVER FRE CCD,-896.28,882276.75,853138750430842
2026-02-26,ACH DEBIT NOOKSACK BERRY GRO CCD,-8933.30,873343.45,261467697613219
2026-02-26,ACH DEBIT WALLA WALLA ONION  CCD,-12878.90,860464.55,025300718543529
2026-02-26,ACH DEBIT BRIGHTLINE JANITOR CCD,-1642.04,858822.51,647863333621374
2026-02-26,ACH DEBIT PACIFIC FLEET FUEL CCD,-3584.63,855237.88,006448301009903
2026-02-26,ACH DEBIT BEAVERTON FORKLIFT CCD,-4395.23,850842.65,224910551666528
2026-02-26,ACH DEBIT CHEHALIS VALLEY EG CCD,-12850.59,837992.06,977594771640697
2026-02-26,ACH DEBIT NORTHWEST REEFER T CCD,-1699.23,836292.83,798901376453629
2026-02-26,ACH DEBIT SOUND CARTAGE CO. CCD,-635.24,835657.59,260176577016352
2026-02-26,ACH DEBIT PORTLAND GENERAL U CCD,-1236.07,834421.52,237687494514831
2026-02-26,ACH DEBIT CHINOOK SMOKEHOUSE CCD,-12306.90,822114.62,782938778778665
2026-02-26,ACH DEBIT TREASURE VALLEY TR CCD,-4591.49,817523.13,702461673162690
2026-02-26,ACH DEBIT SIUSLAW CRANBERRY  CCD,-12859.33,804663.80,881344227642910
2026-02-26,ACH DEBIT LUMMI BAY SEAFOOD CCD,-4915.22,799748.58,160778197256675
2026-02-26,ACH DEBIT MCKENZIE RIVER MIL CCD,-7969.00,791779.58,960462402879267
2026-02-26,ACH DEBIT NEWBERG NUT GROWER CCD,-15717.79,776061.79,050818542812386
2026-02-26,ACH DEBIT PAYETTE VALLEY BEE CCD,-12993.69,763068.10,110975868175508
2026-02-26,ACH DEBIT COQUILLE DAIRY COO CCD,-15111.58,747956.52,262887621448097
2026-02-26,ACH DEBIT COLUMBIA BASIN WAT CCD,-592.12,747364.40,067568493722962
2026-02-26,ACH DEBIT WILLAMETTE VALLEY  CCD,-15647.67,731716.73,351289122406945
2026-02-26,ACH DEBIT BOARDMAN TREE FRUI CCD,-10792.66,720924.07,527513429042088
2026-02-26,ACH DEBIT UMPQUA OAT MILL CCD,-14391.09,706532.98,108677459515572
2026-02-26,ACH DEBIT EVERGREEN BOX & FI CCD,-5006.00,701526.98,388102790709306
2026-02-27,REMOTE DEPOSIT CAPTURE,24375.08,725902.06,6827
2026-02-27,REMOTE DEPOSIT CAPTURE,13070.19,738972.25,523
2026-02-27,REMOTE DEPOSIT CAPTURE,2338.71,741310.96,100
2026-02-27,ACH CREDIT FILBERT & OAK MA PPD,24112.32,765423.28,121168560994255
2026-02-27,ACH CREDIT DRIFTWOOD PANTRY PPD,28943.77,794367.05,720629304159821
2026-02-27,CHECK 40184,-9617.98,784749.07,40184
2026-02-27,CHECK 40192,-3492.09,781256.98,40192
2026-02-27,CHECK 40195,-5046.20,776210.78,40195
2026-02-27,PINNACLE PAYROLL SVCS PAYROLL DD,-141589.81,634620.97,
2026-02-27,MONTHLY MAINTENANCE FEE,-45.00,634575.97,
2026-03-02,ACH CREDIT PIONEER SQUARE P PPD,21307.66,655883.63,769130076518548
2026-03-02,ACH CREDIT COPPERLEAF BRASS PPD,2233.93,658117.56,711559463250500
2026-03-02,ACH CREDIT WHIDBEY HARVEST  PPD,22021.92,680139.48,582660912433978
2026-03-02,ACH CREDIT JETTY TAVERN PPD,2234.55,682374.03,598210503496098
2026-03-02,ACH CREDIT VASHON ISLAND MA PPD,23589.85,705963.88,095893969439733
2026-03-02,ACH CREDIT ELK ROCK PROVISI PPD,15077.19,721041.07,542260041382611
2026-03-02,ACH CREDIT DUNE CANTINA PPD,2286.68,723327.75,303178982183599
2026-03-02,ACH CREDIT HAWTHORNE FRESH  PPD,22832.55,746160.30,365708596560761
2026-03-02,REMOTE DEPOSIT CAPTURE,1237.45,747397.75,919
2026-03-02,ACH CREDIT IRONWOOD GROCERY PPD,11769.07,759166.82,488941608237844
2026-03-02,REMOTE DEPOSIT CAPTURE,20927.01,780093.83,4804
2026-03-02,ACH CREDIT FOXGLOVE MARKET PPD,20363.41,800457.24,385430521510162
2026-03-02,ACH CREDIT MARROW BRASSERIE PPD,2421.00,802878.24,232157512314192
2026-03-02,ACH CREDIT DESCHUTES FOOD H PPD,28242.76,831121.00,421596804278534
2026-03-02,CHECK 40201,-6464.59,824656.41,40201
2026-03-02,CHECK 40202,-3784.14,820872.27,40202
2026-03-02,ACH DEBIT GOWEN FIELD COMMER CCD,-4875.00,815997.27,107927222417969
2026-03-02,ACH DEBIT LOMBARD STREET PRO CCD,-8500.00,807497.27,184537425699965
2026-03-02,ACH DEBIT DUWAMISH INDUSTRIA CCD,-6420.00,801077.27,890606755505347
2026-03-03,ACH CREDIT YAKIMA ORCHARD M PPD,14521.32,815598.59,049710278373602
2026-03-03,ACH CREDIT GULL EATERY PPD,990.78,816589.37,543344446253756
2026-03-03,ACH CREDIT OWYHEE MERCANTIL PPD,25699.62,842288.99,812840273622285
2026-03-03,ACH CREDIT ALDER STREET MAR PPD,16639.26,858928.25,485544535947981
2026-03-03,ACH CREDIT DOVETAIL TAPROOM PPD,2911.95,861840.20,111269037173607
2026-03-03,ACH CREDIT QUILL GRILL PPD,1186.49,863026.69,458468049010028
2026-03-03,REMOTE DEPOSIT CAPTURE,17065.87,880092.56,9717
2026-03-03,REMOTE DEPOSIT CAPTURE,1633.06,881725.62,5888
2026-03-03,CHECK 40203,-1787.39,879938.23,40203
2026-03-03,CHECK 40206,-9373.41,870564.82,40206
2026-03-03,CHECK 40207,-4510.66,866054.16,40207
2026-03-03,CHECK 40211,-6025.79,860028.37,40211
2026-03-03,CHECK 40214,-5721.27,854307.10,40214
2026-03-03,CHECK 40216,-261.75,854045.35,40216
2026-03-03,CHECK 40217,-4246.46,849798.89,40217
2026-03-04,REMOTE DEPOSIT CAPTURE,3927.04,853725.93,8346
2026-03-04,REMOTE DEPOSIT CAPTURE,2369.46,856095.39,9661
2026-03-04,ACH CREDIT VALE BRASSERIE PPD,871.18,856966.57,723119929626931
2026-03-04,ACH CREDIT NIMBUS CAFE PPD,1397.16,858363.73,365540853519235
2026-03-04,REMOTE DEPOSIT CAPTURE,3058.38,861422.11,7680
2026-03-04,CHECK 40198,-8618.55,852803.56,40198
2026-03-04,CHECK 40204,-13646.68,839156.88,40204
2026-03-04,CHECK 40212,-5330.03,833826.85,40212
2026-03-04,CHECK 40215,-11171.16,822655.69,40215
2026-03-05,REMOTE DEPOSIT CAPTURE,23546.12,846201.81,9873
2026-03-05,REMOTE DEPOSIT CAPTURE,3868.65,850070.46,6326
2026-03-05,CHECK 40208,-13377.61,836692.85,40208
2026-03-05,CHECK 40209,-14138.24,822554.61,40209
2026-03-05,ACH DEBIT DESCHUTES BREWING  CCD,-14421.40,808133.21,784098088698786
2026-03-05,ACH DEBIT CLEARWATER CREAMER CCD,-24261.53,783871.68,741680252868260
2026-03-05,ACH DEBIT PACIFIC COAST PACK CCD,-8621.94,775249.74,273270797850272
2026-03-05,ACH DEBIT RIDGELINE EXPRESS CCD,-1388.36,773861.38,482840390320268
2026-03-05,ACH DEBIT ROGUE VALLEY CHEES CCD,-13986.33,759875.05,229216613061175
2026-03-05,ACH DEBIT MT. HOOD BERRY FAR CCD,-4918.96,754956.09,101084154233990
2026-03-05,ACH DEBIT COWLITZ CREEK FARM CCD,-15736.76,739219.33,989853996262899
2026-03-05,ACH DEBIT NOOKSACK BERRY GRO CCD,-15620.67,723598.66,281030900888645
2026-03-05,ACH DEBIT YAKIMA HOP & HERB CCD,-9263.05,714335.61,182933022400329
2026-03-05,ACH DEBIT PACIFIC FLEET FUEL CCD,-1888.15,712447.46,510280050199821
2026-03-05,ACH DEBIT SALEM PALLET RECYC CCD,-1174.64,711272.82,545501014079380
2026-03-05,ACH DEBIT CROWN LINEN & UNIF CCD,-689.15,710583.67,073998390498756
2026-03-05,ACH DEBIT MILL CREEK TEMP CO CCD,-777.83,709805.84,327262140703234
2026-03-05,ACH DEBIT CHEHALIS VALLEY EG CCD,-7860.46,701945.38,064981052937907
2026-03-05,ACH DEBIT NORTHWEST REEFER T CCD,-3825.33,698120.05,130413361261099
2026-03-05,ACH DEBIT SIUSLAW CRANBERRY  CCD,-10340.61,687779.44,445726100485497
2026-03-05,ACH DEBIT LUMMI BAY SEAFOOD CCD,-10333.07,677446.37,055755747435664
2026-03-05,ACH DEBIT BITTERROOT BAKEHOU CCD,-8451.80,668994.57,679829271979663
2026-03-05,ACH DEBIT MCKENZIE RIVER MIL CCD,-8320.34,660674.23,318371808218976
2026-03-05,ACH DEBIT NEWBERG NUT GROWER CCD,-10185.59,650488.64,263864679688610
2026-03-05,ACH DEBIT TETON VALLEY TROUT CCD,-25442.34,625046.30,484493047860707
2026-03-05,ACH DEBIT PAYETTE VALLEY BEE CCD,-7549.06,617497.24,083551733378010
2026-03-05,ACH DEBIT SNAKE RIVER TROUT  CCD,-13213.95,604283.29,118252054457895
2026-03-05,ACH DEBIT COQUILLE DAIRY COO CCD,-10811.78,593471.51,949812491639586
2026-03-05,ACH DEBIT BOARDMAN TREE FRUI CCD,-15649.90,577821.61,017278459815499
2026-03-05,ACH DEBIT WALLOWA GRASS-FED  CCD,-12077.27,565744.34,681502409576466
2026-03-05,ACH DEBIT COLUMBIA GORGE ORC CCD,-14225.98,551518.36,131528994203609
2026-03-05,ACH DEBIT PALOUSE LENTIL GRO CCD,-12300.99,539217.37,949289753690157
2026-03-05,ACH DEBIT HERMISTON MELON FA CCD,-9378.63,529838.74,748144895711199
2026-03-05,ACH DEBIT PACIFIC COAST PACKAG CCD,-14862.50,514976.24,021000089773052
2026-03-06,ACH CREDIT RIVERBEND NATURA PPD,14278.74,529254.98,314265080035003
2026-03-06,REMOTE DEPOSIT CAPTURE,12977.16,542232.14,2492
2026-03-06,ACH CREDIT ROSE CITY MARKET PPD,14044.15,556276.29,033320991075351
2026-03-06,REMOTE DEPOSIT CAPTURE,11212.05,567488.34,1892
2026-03-06,ACH CREDIT MOUNTAIN GROCERS PPD,13584.66,581073.00,754138194571576
2026-03-06,ACH CREDIT UMPQUA VALLEY FO PPD,12274.09,593347.09,577855547918552
2026-03-06,CHECK 40199,-3384.72,589962.37,40199
2026-03-06,CHECK 40200,-11645.81,578316.56,40200
2026-03-06,CHECK 40205,-6940.38,571376.18,40205
2026-03-06,CHECK 40210,-4792.50,566583.68,40210
2026-03-06,CHECK 40213,-9711.00,556872.68,40213
2026-03-06,CHECK 40218,-9279.88,547592.80,40218
2026-03-09,REMOTE DEPOSIT CAPTURE,22174.58,569767.38,3742
2026-03-09,REMOTE DEPOSIT CAPTURE,17584.48,587351.86,5191
2026-03-09,REMOTE DEPOSIT CAPTURE,12292.81,599644.67,6067
2026-03-09,ACH CREDIT BELLWETHER TAVER PPD,1495.38,601140.05,826326466900416
2026-03-09,ACH CREDIT LUMEN KITCHEN PPD,2468.89,603608.94,650346259926203
2026-03-09,REMOTE DEPOSIT CAPTURE,17217.68,620826.62,5445
2026-03-09,REMOTE DEPOSIT CAPTURE,3649.53,624476.15,9880
2026-03-09,ACH CREDIT WREN NOODLE HOUS PPD,2443.47,626919.62,717509664451264
2026-03-09,ACH CREDIT VALE BRASSERIE PPD,3100.36,630019.98,880707330602119
2026-03-09,REMOTE DEPOSIT CAPTURE,2865.72,632885.70,6388
2026-03-09,REMOTE DEPOSIT CAPTURE,11928.82,644814.52,8701
2026-03-09,ACH CREDIT ISLE SMOKEHOUSE PPD,4121.26,648935.78,696321771516654
2026-03-09,REMOTE DEPOSIT CAPTURE,14197.43,663133.21,827
2026-03-09,ACH CREDIT BELMONT NATURAL  PPD,17925.31,681058.52,954465111870247
2026-03-09,ACH CREDIT KESTREL MARKET H PPD,23169.81,704228.33,894893554332665
2026-03-09,REMOTE DEPOSIT CAPTURE,14837.18,719065.51,4935
2026-03-09,ACH CREDIT DESCHUTES FOOD H PPD,16594.07,735659.58,666888227913654
2026-03-09,CHECK 40219,-14862.50,720797.08,40219
2026-03-09,CHECK 40224,-2584.62,718212.46,40224
2026-03-09,CHECK 40225,-9781.76,708430.70,40225
2026-03-10,REMOTE DEPOSIT CAPTURE,702.71,709133.41,8070
2026-03-10,ACH CREDIT DRIFTWOOD PANTRY PPD,24524.90,733658.31,555548196000764
2026-03-10,ACH CREDIT IRIS TAPROOM PPD,2695.21,736353.52,914515524508551
2026-03-10,CHECK 40221,-8687.07,727666.45,40221
2026-03-10,CHECK 40222,-12820.43,714846.02,40222
2026-03-10,CHECK 40229,-13332.48,701513.54,40229
2026-03-10,FIRST CASCADE LOAN PMT 7719,-6272.85,695240.69,
2026-03-11,ACH CREDIT PIONEER SQUARE P PPD,22449.62,717690.31,010724954537063
2026-03-11,ACH CREDIT DUNE CANTINA PPD,1783.70,719474.01,832463223239157
2026-03-11,REMOTE DEPOSIT CAPTURE,1486.46,720960.47,9179
2026-03-11,REMOTE DEPOSIT CAPTURE,1089.54,722050.01,6071
2026-03-11,CHECK 40220,-3497.20,718552.81,40220
2026-03-11,CHECK 40230,-6078.53,712474.28,40230
2026-03-12,REMOTE DEPOSIT CAPTURE,21764.01,734238.29,6602
2026-03-12,ACH CREDIT RIVERBEND NATURA PPD,21887.96,756126.25,337021477700262
2026-03-12,ACH CREDIT VASHON ISLAND MA PPD,18676.67,774802.92,121955514485551
2026-03-12,ACH CREDIT HAWTHORNE FRESH  PPD,20295.03,795097.95,737780477775183
2026-03-12,REMOTE DEPOSIT CAPTURE,11572.69,806670.64,437
2026-03-12,REMOTE DEPOSIT CAPTURE,2005.61,808676.25,8626
2026-03-12,CHECK 40223,-14160.47,794515.78,40223
2026-03-12,CHECK 40226,-4748.21,789767.57,40226
2026-03-12,CHECK 40227,-13794.68,775972.89,40227
2026-03-12,CHECK 40228,-13521.15,762451.74,40228
2026-03-12,ACH DEBIT RIDGEWIRE TELECOM CCD,-1266.69,761185.05,039226499251324
2026-03-12,ACH DEBIT PACIFIC COAST PACK CCD,-9289.60,751895.45,279723401823993
2026-03-12,ACH DEBIT TALENT BRIDGE STAF CCD,-5509.99,746385.46,637733033157569
2026-03-12,ACH DEBIT PUGET SOUND SHELLF CCD,-11938.02,734447.44,089045610858458
2026-03-12,ACH DEBIT MT. HOOD BERRY FAR CCD,-7917.70,726529.74,380207100520132
2026-03-12,ACH DEBIT COWLITZ CREEK FARM CCD,-14537.64,711992.10,050501179072042
2026-03-12,ACH DEBIT COLUMBIA RIVER FRE CCD,-6146.75,705845.35,886493076682025
2026-03-12,ACH DEBIT NOOKSACK BERRY GRO CCD,-11754.84,694090.51,990777556419921
2026-03-12,ACH DEBIT YAKIMA HOP & HERB CCD,-15173.35,678917.16,944578611253810
2026-03-12,ACH DEBIT WALLA WALLA ONION  CCD,-12354.17,666562.99,322339405504821
2026-03-12,ACH DEBIT PACIFIC FLEET FUEL CCD,-4578.17,661984.82,455537962312090
2026-03-12,ACH DEBIT EMERALD CITY COLD  CCD,-2372.82,659612.00,349674112962128
2026-03-12,ACH DEBIT METHOW VALLEY APPL CCD,-21879.99,637732.01,247401395625439
2026-03-12,ACH DEBIT SOUND CARTAGE CO. CCD,-2320.13,635411.88,336305873969554
2026-03-12,ACH DEBIT TREASURE VALLEY TR CCD,-3352.89,632058.99,321075813541019
2026-03-12,ACH DEBIT BITTERROOT BAKEHOU CCD,-12508.06,619550.93,805588038960770
2026-03-12,ACH DEBIT NEWBERG NUT GROWER CCD,-6328.41,613222.52,902805992717649
2026-03-12,ACH DEBIT PORTLAND FLEET WAS CCD,-255.29,612967.23,873116277251976
2026-03-12,ACH DEBIT PAYETTE VALLEY BEE CCD,-9316.19,603651.04,046804080716599
2026-03-12,ACH DEBIT COQUILLE DAIRY COO CCD,-5139.22,598511.82,871504998775913
2026-03-12,ACH DEBIT COASTLINE SHREDDIN CCD,-128.44,598383.38,096187587732535
2026-03-12,ACH DEBIT WILLAMETTE VALLEY  CCD,-8552.08,589831.30,898572326689880
2026-03-12,ACH DEBIT BOARDMAN TREE FRUI CCD,-13391.58,576439.72,188351650708914
2026-03-12,ACH DEBIT HOOD CANAL OYSTER  CCD,-9447.13,566992.59,292689321921994
2026-03-12,ACH DEBIT WALLOWA GRASS-FED  CCD,-7567.94,559424.65,341850397875104
2026-03-12,ACH DEBIT COLUMBIA GORGE ORC CCD,-15646.39,543778.26,639896628994514
2026-03-12,ACH DEBIT UMPQUA OAT MILL CCD,-14274.51,529503.75,487277308821847
2026-03-13,REMOTE DEPOSIT CAPTURE,717.41,530221.16,1901
2026-03-13,ACH CREDIT FILBERT & OAK MA PPD,21569.17,551790.33,504846953572083
2026-03-13,REMOTE DEPOSIT CAPTURE,26187.70,577978.03,9646
2026-03-13,PINNACLE PAYROLL SVCS PAYROLL DD,-161192.82,416785.21,
2026-03-16,REMOTE DEPOSIT CAPTURE,27885.46,444670.67,7895
2026-03-16,REMOTE DEPOSIT CAPTURE,19778.95,464449.62,5193
2026-03-16,ACH CREDIT WHIDBEY HARVEST  PPD,16043.97,480493.59,965179950753605
2026-03-16,REMOTE DEPOSIT CAPTURE,15005.21,495498.80,3115
2026-03-16,ACH CREDIT GORGE VALLEY CO- PPD,22039.54,517538.34,880187007799489
2026-03-16,REMOTE DEPOSIT CAPTURE,1186.08,518724.42,565
2026-03-16,REMOTE DEPOSIT CAPTURE,1098.61,519823.03,8409
2026-03-16,ACH CREDIT ELK ROCK PROVISI PPD,16222.47,536045.50,561597896971138
2026-03-16,ACH CREDIT MADRONA FOOD CO- PPD,15703.92,551749.42,335200074358276
2026-03-16,REMOTE DEPOSIT CAPTURE,24072.68,575822.10,5531
2026-03-16,REMOTE DEPOSIT CAPTURE,1395.83,577217.93,7298
2026-03-16,REMOTE DEPOSIT CAPTURE,2275.20,579493.13,3420
2026-03-16,REMOTE DEPOSIT CAPTURE,2350.35,581843.48,2873
2026-03-16,ACH CREDIT IRONWOOD GROCERY PPD,13736.93,595580.41,128874528819840
2026-03-16,ACH CREDIT FOXGLOVE MARKET PPD,19463.67,615044.08,300602782366078
2026-03-16,ACH CREDIT FILBERT & OAK MA PPD,17686.71,632730.79,299694655055191
2026-03-16,CHECK 40231,-14881.15,617849.64,40231
2026-03-16,CHECK 40236,-934.72,616914.92,40236
2026-03-16,CHECK 40237,-4163.73,612751.19,40237
2026-03-16,CHECK 40239,-10580.64,602170.55,40239
2026-03-16,CHECK 40243,-5200.83,596969.72,40243
2026-03-16,CHECK 40244,-1443.43,595526.29,40244
2026-03-17,REMOTE DEPOSIT CAPTURE,20576.03,616102.32,4337
2026-03-17,ACH CREDIT SAWTOOTH NATURAL PPD,12231.32,628333.64,977136608819712
2026-03-17,REMOTE DEPOSIT CAPTURE,24949.92,653283.56,5774
2026-03-17,REMOTE DEPOSIT CAPTURE,22777.06,676060.62,6658
2026-03-17,CHECK 40234,-920.40,675140.22,40234
2026-03-17,CHECK 40246,-10088.66,665051.56,40246
2026-03-18,REMOTE DEPOSIT CAPTURE,28363.46,693415.02,8025
2026-03-18,REMOTE DEPOSIT CAPTURE,3189.04,696604.06,9542
2026-03-18,ACH CREDIT BASALT GRILL PPD,1484.18,698088.24,961145259309854
2026-03-18,CHECK 40235,-11098.20,686990.04,40235
2026-03-18,CHECK 40241,-6648.00,680342.04,40241
2026-03-19,REMOTE DEPOSIT CAPTURE,4657.46,684999.50,7460
2026-03-19,REMOTE DEPOSIT CAPTURE,1154.06,686153.56,3020
2026-03-19,ACH DEBIT DESCHUTES BREWING  CCD,-13575.90,672577.66,592834538699151
2026-03-19,ACH DEBIT CLEARWATER CREAMER CCD,-14913.41,657664.25,195754263634070
2026-03-19,ACH DEBIT PACIFIC COAST PACK CCD,-8925.64,648738.61,271545823148679
2026-03-19,ACH DEBIT STUMPTOWN OFFICE S CCD,-350.64,648387.97,225484694828798
2026-03-19,ACH DEBIT RIDGELINE EXPRESS CCD,-2111.47,646276.50,244075761419955
2026-03-19,ACH DEBIT PUGET SOUND SHELLF CCD,-4253.13,642023.37,064737109206188
2026-03-19,ACH DEBIT ROGUE VALLEY CHEES CCD,-4463.79,637559.58,036788945417925
2026-03-19,ACH DEBIT COWLITZ CREEK FARM CCD,-14853.32,622706.26,163911186756022
2026-03-19,ACH DEBIT NOOKSACK BERRY GRO CCD,-6037.41,616668.85,243947570983352
2026-03-19,ACH DEBIT YAKIMA HOP & HERB CCD,-9248.22,607420.63,160821991631347
2026-03-19,ACH DEBIT WALLA WALLA ONION  CCD,-10265.80,597154.83,250097280923655
2026-03-19,ACH DEBIT PACIFIC FLEET FUEL CCD,-2072.59,595082.24,003883182602966
2026-03-19,ACH DEBIT SALEM PALLET RECYC CCD,-629.17,594453.07,861433746757749
2026-03-19,ACH DEBIT NORTHWEST REEFER T CCD,-5571.22,588881.85,832433526670755
2026-03-19,ACH DEBIT SOUND CARTAGE CO. CCD,-1831.88,587049.97,604407845052579
2026-03-19,ACH DEBIT CHINOOK SMOKEHOUSE CCD,-11095.65,575954.32,832078573988723
2026-03-19,ACH DEBIT SIUSLAW CRANBERRY  CCD,-5995.23,569959.09,959849991006489
2026-03-19,ACH DEBIT LUMMI BAY SEAFOOD CCD,-9296.34,560662.75,642651539571249
2026-03-19,ACH DEBIT MCKENZIE RIVER MIL CCD,-8769.40,551893.35,311755049927457
2026-03-19,ACH DEBIT NEWBERG NUT GROWER CCD,-11620.22,540273.13,428962306589442
2026-03-19,ACH DEBIT TETON VALLEY TROUT CCD,-15651.48,524621.65,050806754348604
2026-03-19,ACH DEBIT PAYETTE VALLEY BEE CCD,-8306.60,516315.05,956256420539871
2026-03-19,ACH DEBIT SNAKE RIVER TROUT  CCD,-11444.67,504870.38,628678617967390
2026-03-19,ACH DEBIT WILLAMETTE VALLEY  CCD,-5808.10,499062.28,752577176906944
2026-03-19,ACH DEBIT PALOUSE LENTIL GRO CCD,-9581.83,489480.45,536948880873322
2026-03-19,ACH DEBIT HERMISTON MELON FA CCD,-8468.69,481011.76,953259230121249
2026-03-19,ACH DEBIT UMPQUA OAT MILL CCD,-7932.99,473078.77,111369111993893
2026-03-20,ACH CREDIT GABLE BRASSERIE PPD,1879.42,474958.19,938579068880200
2026-03-20,REMOTE DEPOSIT CAPTURE,23422.07,498380.26,8243
2026-03-20,ACH CREDIT KESTREL MARKET H PPD,16006.83,514387.09,200161245239746
2026-03-20,CHECK 40232,-2972.18,511414.91,40232
2026-03-20,CHECK 40233,-14116.38,497298.53,40233
2026-03-20,CHECK 40238,-7981.98,489316.55,40238
2026-03-20,CHECK 40240,-5616.90,483699.65,40240
2026-03-20,CHECK 40242,-11545.79,472153.86,40242
2026-03-20,CHECK 40245,-4229.76,467924.10,40245
2026-03-23,ACH CREDIT YAKIMA ORCHARD M PPD,19843.22,487767.32,055899147279177
2026-03-23,ACH CREDIT ASTER KITCHEN PPD,717.71,488485.03,868766290488597
2026-03-23,ACH CREDIT JUNIPER HILL FOO PPD,19804.13,508289.16,244889584773529
2026-03-23,REMOTE DEPOSIT CAPTURE,16261.42,524550.58,4231
2026-03-23,ACH CREDIT OWYHEE MERCANTIL PPD,16402.50,540953.08,447430189057863
2026-03-23,ACH CREDIT GORGE VALLEY CO- PPD,25616.78,566569.86,803632344861470
2026-03-23,REMOTE DEPOSIT CAPTURE,2854.93,569424.79,8893
2026-03-23,REMOTE DEPOSIT CAPTURE,3525.42,572950.21,2715
2026-03-23,REMOTE DEPOSIT CAPTURE,1063.39,574013.60,5395
2026-03-23,REMOTE DEPOSIT CAPTURE,2476.56,576490.16,5625
2026-03-23,REMOTE DEPOSIT CAPTURE,961.81,577451.97,991
2026-03-23,REMOTE DEPOSIT CAPTURE,11413.96,588865.93,2321
2026-03-23,ACH CREDIT OXBOW SMOKEHOUSE PPD,1645.92,590511.85,041795750881785
2026-03-23,ACH CREDIT ALDER STREET MAR PPD,25297.50,615809.35,135931406371943
2026-03-23,ACH CREDIT MOUNTAIN GROCERS PPD,28409.10,644218.45,476355165930418
2026-03-23,ACH CREDIT UMPQUA VALLEY FO PPD,19512.87,663731.32,133507771686425
2026-03-23,ACH CREDIT FABLE KITCHEN PPD,1883.22,665614.54,004400457937977
2026-03-23,REMOTE DEPOSIT CAPTURE,22885.38,688499.92,9604
2026-03-23,ACH CREDIT BASALT GRILL PPD,1562.20,690062.12,793361682990481
2026-03-23,REMOTE DEPOSIT CAPTURE,22548.10,712610.22,4707
2026-03-23,CHECK 40254,-6985.55,705624.67,40254
2026-03-23,CHECK 40258,-7726.42,697898.25,40258
2026-03-23,CHECK 40259,-3537.17,694361.08,40259
2026-03-23,CHECK 40260,-13151.73,681209.35,40260
2026-03-23,CHECK 40266,-5029.48,676179.87,40266
2026-03-24,ACH CREDIT VELVET TAPROOM PPD,3930.89,680110.76,196721454045506
2026-03-24,REMOTE DEPOSIT CAPTURE,1250.00,681360.76,4380
2026-03-24,REMOTE DEPOSIT CAPTURE,1250.00,682610.76,9216
2026-03-24,ACH CREDIT CINDER KITCHEN PPD,1019.53,683630.29,915711400971501
2026-03-24,ACH CREDIT MADRONA FOOD CO- PPD,16883.54,700513.83,775249722806460
2026-03-24,ACH CREDIT FOXGLOVE MARKET PPD,16366.94,716880.77,345004201876065
2026-03-24,REMOTE DEPOSIT CAPTURE,5282.06,722162.83,9112
2026-03-24,CHECK 40249,-9309.20,712853.63,40249
2026-03-24,CHECK 40251,-7910.27,704943.36,40251
2026-03-24,CHECK 40256,-5641.00,699302.36,40256
2026-03-24,CHECK 40265,-12685.95,686616.41,40265
2026-03-25,REMOTE DEPOSIT CAPTURE,2415.82,689032.23,2519
2026-03-25,ACH CREDIT ELK ROCK PROVISI PPD,11837.06,700869.29,888512259953194
2026-03-25,ACH CREDIT DRIFTWOOD PANTRY PPD,14235.35,715104.64,742222967705964
2026-03-25,ACH CREDIT DESCHUTES FOOD H PPD,14897.69,730002.33,971040929293195
2026-03-25,CHECK 40247,-4432.00,725570.33,40247
2026-03-25,CHECK 40248,-9750.45,715819.88,40248
2026-03-25,CHECK 40250,-8871.81,706948.07,40250
2026-03-25,CHECK 40253,-9759.87,697188.20,40253
2026-03-25,CHECK 40262,-13927.25,683260.95,40262
2026-03-25,FIRST CASCADE LOC INTEREST 5512,-5807.50,677453.45,
2026-03-25,FIRST CASCADE LOC ADVANCE 5512,55000.00,732453.45,
2026-03-26,ACH CREDIT JUNIPER HILL FOO PPD,21451.13,753904.58,747720011678663
2026-03-26,REMOTE DEPOSIT CAPTURE,3529.24,757433.82,8699
2026-03-26,ACH CREDIT ROSE CITY MARKET PPD,20619.60,778053.42,837253232945920
2026-03-26,ACH CREDIT BELMONT NATURAL  PPD,13382.71,791436.13,033135721794571
2026-03-26,CHECK 40252,-12977.95,778458.18,40252
2026-03-26,CHECK 40257,-7721.50,770736.68,40257
2026-03-26,CHECK 40264,-11645.78,759090.90,40264
2026-03-26,ACH DEBIT RIDGEWIRE TELECOM CCD,-1346.49,757744.41,152451137645142
2026-03-26,ACH DEBIT RIDGELINE EXPRESS CCD,-663.80,757080.61,028566933756225
2026-03-26,ACH DEBIT PUGET SOUND SHELLF CCD,-10239.64,746840.97,655740692387283
2026-03-26,ACH DEBIT ROGUE VALLEY CHEES CCD,-9372.47,737468.50,225494496914101
2026-03-26,ACH DEBIT MT. HOOD BERRY FAR CCD,-14632.49,722836.01,573714038863520
2026-03-26,ACH DEBIT COLUMBIA RIVER FRE CCD,-2116.20,720719.81,538618459498349
2026-03-26,ACH DEBIT CLOUDLEDGER SOFTWA CCD,-544.30,720175.51,369358579759129
2026-03-26,ACH DEBIT WALLA WALLA ONION  CCD,-4150.11,716025.40,279932150060160
2026-03-26,ACH DEBIT PACIFIC FLEET FUEL CCD,-2546.76,713478.64,178109712543814
2026-03-26,ACH DEBIT CROWN LINEN & UNIF CCD,-451.41,713027.23,884455708724980
2026-03-26,ACH DEBIT CHEHALIS VALLEY EG CCD,-5489.02,707538.21,402658779961923
2026-03-26,ACH DEBIT NORTHGATE IT PARTN CCD,-2218.72,705319.49,222747539981908
2026-03-26,ACH DEBIT METHOW VALLEY APPL CCD,-9284.86,696034.63,231205868826519
2026-03-26,ACH DEBIT SOUND CARTAGE CO. CCD,-1757.33,694277.30,445749822434485
2026-03-26,ACH DEBIT PINNACLE PAYROLL S CCD,-358.92,693918.38,136301510181044
2026-03-26,ACH DEBIT CHINOOK SMOKEHOUSE CCD,-13635.20,680283.18,373327771527919
2026-03-26,ACH DEBIT TREASURE VALLEY TR CCD,-5452.27,674830.91,320537399216843
2026-03-26,ACH DEBIT SIUSLAW CRANBERRY  CCD,-13772.56,661058.35,356364944816821
2026-03-26,ACH DEBIT BITTERROOT BAKEHOU CCD,-9040.23,652018.12,954101293430447
2026-03-26,ACH DEBIT MCKENZIE RIVER MIL CCD,-9410.78,642607.34,871636673690970
2026-03-26,ACH DEBIT NEWBERG NUT GROWER CCD,-4412.38,638194.96,510506671134931
2026-03-26,ACH DEBIT SNAKE RIVER TROUT  CCD,-14220.86,623974.10,808003788997682
2026-03-26,ACH DEBIT COQUILLE DAIRY COO CCD,-5190.50,618783.60,205560044399926
2026-03-26,ACH DEBIT METRO WASTE HAULER CCD,-607.76,618175.84,070743701131302
2026-03-26,ACH DEBIT HOOD CANAL OYSTER  CCD,-15014.53,603161.31,084250337683192
2026-03-26,ACH DEBIT WALLOWA GRASS-FED  CCD,-8793.05,594368.26,154971082820197
2026-03-26,ACH DEBIT COLUMBIA GORGE ORC CCD,-8864.79,585503.47,901433319345734
2026-03-26,ACH DEBIT PALOUSE LENTIL GRO CCD,-12381.65,573121.82,343676810404055
2026-03-26,ACH DEBIT HERMISTON MELON FA CCD,-7489.88,565631.94,543814390366785
2026-03-26,ACH DEBIT EVERGREEN BOX & FI CCD,-1867.27,563764.67,958273623831978
2026-03-27,ACH CREDIT PIONEER SQUARE P PPD,20727.83,584492.50,136811011751614
2026-03-27,ACH CREDIT SAWTOOTH NATURAL PPD,16960.88,601453.38,235548818280067
2026-03-27,ACH CREDIT VASHON ISLAND MA PPD,14542.81,615996.19,818032834402884
2026-03-27,ACH CREDIT HAWTHORNE FRESH  PPD,12682.86,628679.05,893315121961177
2026-03-27,REMOTE DEPOSIT CAPTURE,28140.68,656819.73,8007
2026-03-27,REMOTE DEPOSIT CAPTURE,3232.54,660052.27,5235
2026-03-27,REMOTE DEPOSIT CAPTURE,1925.18,661977.45,1658
2026-03-27,REMOTE DEPOSIT CAPTURE,27605.07,689582.52,5304
2026-03-27,REMOTE DEPOSIT CAPTURE,3567.24,693149.76,6811
2026-03-27,CHECK 40255,-13868.63,679281.13,40255
2026-03-27,CHECK 40261,-3288.99,675992.14,40261
2026-03-27,CHECK 40263,-11116.46,664875.68,40263
2026-03-30,ACH CREDIT VELVET TAPROOM PPD,2428.04,667303.72,836902496021135
2026-03-30,ACH CREDIT GABLE BRASSERIE PPD,2373.51,669677.23,835457860538983
2026-03-30,REMOTE DEPOSIT CAPTURE,2413.24,672090.47,5782
2026-03-30,ACH CREDIT WHIDBEY HARVEST  PPD,27441.36,699531.83,642389613606454
2026-03-30,ACH CREDIT OWYHEE MERCANTIL PPD,27833.34,727365.17,538424706928149
2026-03-30,REMOTE DEPOSIT CAPTURE,1525.67,728890.84,4048
2026-03-30,ACH CREDIT HAWTHORNE FRESH  PPD,11080.87,739971.71,508975710084460
2026-03-30,REMOTE DEPOSIT CAPTURE,3286.86,743258.57,8828
2026-03-30,ACH CREDIT NOOK EATERY PPD,3218.26,746476.83,409794167612231
2026-03-30,REMOTE DEPOSIT CAPTURE,2152.65,748629.48,3327
2026-03-30,REMOTE DEPOSIT CAPTURE,19806.28,768435.76,6838
2026-03-30,REMOTE DEPOSIT CAPTURE,1590.40,770026.16,4203
2026-03-30,ACH CREDIT UMPQUA VALLEY FO PPD,25286.64,795312.80,658789296956382
2026-03-30,REMOTE DEPOSIT CAPTURE,5270.05,800582.85,1193
2026-03-30,CHECK 40274,-398.77,800184.08,40274
2026-03-31,ACH CREDIT RIVERBEND NATURA PPD,26627.75,826811.83,449810274658886
2026-03-31,REMOTE DEPOSIT CAPTURE,12860.13,839671.96,5008
2026-03-31,ACH CREDIT HUCKLEBERRY GRIL PPD,1977.37,841649.33,379525818247718
2026-03-31,ACH CREDIT MOUNTAIN GROCERS PPD,13596.59,855245.92,662378146128491
2026-03-31,ACH CREDIT FABLE KITCHEN PPD,928.60,856174.52,462591859814761
2026-03-31,ACH CREDIT KESTREL MARKET H PPD,11704.08,867878.60,127865979297251
2026-03-31,REMOTE DEPOSIT CAPTURE,23206.93,891085.53,7801
2026-03-31,CHECK 40267,-8266.91,882818.62,40267
2026-03-31,PINNACLE PAYROLL SVCS PAYROLL DD,-146537.08,736281.54,
2026-03-31,MONTHLY MAINTENANCE FEE,-45.00,736236.54,
2026-04-01,ACH CREDIT UPLAND KITCHEN PPD,3488.07,739724.61,848602893303882
2026-04-01,ACH CREDIT VASHON ISLAND MA PPD,23144.60,762869.21,343491696378952
2026-04-01,REMOTE DEPOSIT CAPTURE,2336.22,765205.43,1613
2026-04-01,ACH CREDIT NIMBUS CAFE PPD,1971.39,767176.82,703459412754128
2026-04-01,ACH CREDIT DRIFTWOOD PANTRY PPD,17397.59,784574.41,155268317124533
2026-04-01,CHECK 40268,-13436.94,771137.47,40268
2026-04-01,ACH DEBIT GOWEN FIELD COMMER CCD,-4875.00,766262.47,822111031843836
2026-04-01,ACH DEBIT LOMBARD STREET PRO CCD,-8500.00,757762.47,264907502582012
2026-04-01,ACH DEBIT DUWAMISH INDUSTRIA CCD,-6420.00,751342.47,325109713921211
2026-04-02,REMOTE DEPOSIT CAPTURE,3314.59,754657.06,6910
2026-04-02,ACH CREDIT CINDER KITCHEN PPD,3486.15,758143.21,216451683564783
2026-04-02,ACH CREDIT JUBILEE CANTINA PPD,4008.65,762151.86,737499624931722
2026-04-02,REMOTE DEPOSIT CAPTURE,16422.82,778574.68,790
2026-04-02,REMOTE DEPOSIT CAPTURE,4257.80,782832.48,2580
2026-04-02,REMOTE DEPOSIT CAPTURE,1934.23,784766.71,1511
2026-04-02,REMOTE DEPOSIT CAPTURE,3719.65,788486.36,805
2026-04-02,REMOTE DEPOSIT CAPTURE,4160.19,792646.55,6752
2026-04-02,ACH CREDIT OBSIDIAN GRILL PPD,2978.85,795625.40,268032670560163
2026-04-02,REMOTE DEPOSIT CAPTURE,19331.23,814956.63,7807
2026-04-02,CHECK 40270,-14881.00,800075.63,40270
2026-04-02,CHECK 40272,-3984.35,796091.28,40272
2026-04-02,CHECK 40275,-5730.62,790360.66,40275
2026-04-02,ACH DEBIT DESCHUTES BREWING  CCD,-10606.08,779754.58,700368829400267
2026-04-02,ACH DEBIT CLEARWATER CREAMER CCD,-10221.08,769533.50,551360722569631
2026-04-02,ACH DEBIT PACIFIC COAST PACK CCD,-8098.56,761434.94,329097272512534
2026-04-02,ACH DEBIT RIDGELINE EXPRESS CCD,-2182.62,759252.32,899129912164296
2026-04-02,ACH DEBIT WILLAMETTE SANITAT CCD,-799.24,758453.08,024007967408620
2026-04-02,ACH DEBIT ROGUE VALLEY CHEES CCD,-8277.86,750175.22,196946434322052
2026-04-02,ACH DEBIT MT. HOOD BERRY FAR CCD,-9226.92,740948.30,890505373852637
2026-04-02,ACH DEBIT COWLITZ CREEK FARM CCD,-10412.77,730535.53,149653644674020
2026-04-02,ACH DEBIT COLUMBIA RIVER FRE CCD,-3894.55,726640.98,984195936747931
2026-04-02,ACH DEBIT NOOKSACK BERRY GRO CCD,-12930.34,713710.64,751526449890225
2026-04-02,ACH DEBIT YAKIMA HOP & HERB CCD,-13758.93,699951.71,605513034193889
2026-04-02,ACH DEBIT WALLA WALLA ONION  CCD,-9506.75,690444.96,347299700989964
2026-04-02,ACH DEBIT PACIFIC FLEET FUEL CCD,-2896.59,687548.37,276848597867770
2026-04-02,ACH DEBIT CROWN LINEN & UNIF CCD,-404.69,687143.68,030059317269397
2026-04-02,ACH DEBIT BEAVERTON FORKLIFT CCD,-2349.14,684794.54,848272204888742
2026-04-02,ACH DEBIT CHEHALIS VALLEY EG CCD,-10679.51,674115.03,004385366736905
2026-04-02,ACH DEBIT NORTHWEST REEFER T CCD,-2084.16,672030.87,244222047932948
2026-04-02,ACH DEBIT SOUND CARTAGE CO. CCD,-2500.16,669530.71,166244067359385
2026-04-02,ACH DEBIT PORTLAND GENERAL U CCD,-1184.62,668346.09,358756883531133
2026-04-02,ACH DEBIT PINNACLE PAYROLL S CCD,-325.49,668020.60,846155871198502
2026-04-02,ACH DEBIT CHINOOK SMOKEHOUSE CCD,-9020.48,659000.12,672780416197684
2026-04-02,ACH DEBIT LUMMI BAY SEAFOOD CCD,-10104.68,648895.44,909998918986571
2026-04-02,ACH DEBIT BITTERROOT BAKEHOU CCD,-14073.25,634822.19,844565906730681
2026-04-02,ACH DEBIT MCKENZIE RIVER MIL CCD,-7485.39,627336.80,862737764890932
2026-04-02,ACH DEBIT TETON VALLEY TROUT CCD,-29464.40,597872.40,322555107699701
2026-04-02,ACH DEBIT PAYETTE VALLEY BEE CCD,-6635.77,591236.63,684770938579097
2026-04-02,ACH DEBIT COQUILLE DAIRY COO CCD,-9036.20,582200.43,341830335642338
2026-04-02,ACH DEBIT WILLAMETTE VALLEY  CCD,-11362.79,570837.64,659430616389819
2026-04-02,ACH DEBIT BOARDMAN TREE FRUI CCD,-8797.46,562040.18,219487672721943
2026-04-02,ACH DEBIT HOOD CANAL OYSTER  CCD,-29783.96,532256.22,807049581418269
2026-04-02,ACH DEBIT WALLOWA GRASS-FED  CCD,-15128.51,517127.71,633942313234347
2026-04-02,ACH DEBIT COLUMBIA GORGE ORC CCD,-15465.85,501661.86,158210403101597
2026-04-02,ACH DEBIT PALOUSE LENTIL GRO CCD,-9951.37,491710.49,284325947018509
2026-04-02,ACH DEBIT HERMISTON MELON FA CCD,-10562.67,481147.82,468522119400417
2026-04-02,ACH DEBIT UMPQUA OAT MILL CCD,-6721.48,474426.34,002253430047120
2026-04-02,ACH DEBIT EVERGREEN BOX & FI CCD,-1174.33,473252.01,635804503932613
2026-04-03,REMOTE DEPOSIT CAPTURE,18089.65,491341.66,8849
2026-04-03,REMOTE DEPOSIT CAPTURE,25655.12,516996.78,641
2026-04-03,ACH CREDIT YAKIMA ORCHARD M PPD,15968.08,532964.86,488321595255765
2026-04-03,REMOTE DEPOSIT CAPTURE,766.37,533731.23,672
2026-04-03,REMOTE DEPOSIT CAPTURE,18869.53,552600.76,243
2026-04-03,REMOTE DEPOSIT CAPTURE,22944.72,575545.48,6883
2026-04-03,REMOTE DEPOSIT CAPTURE,2578.31,578123.79,4662
2026-04-03,CHECK 40269,-8691.82,569431.97,40269
2026-04-03,CHECK 40271,-8033.34,561398.63,40271
2026-04-03,CHECK 40273,-10659.70,550738.93,40273
2026-04-06,REMOTE DEPOSIT CAPTURE,11533.86,562272.79,3108
2026-04-06,REMOTE DEPOSIT CAPTURE,12981.31,575254.10,6684
2026-04-06,REMOTE DEPOSIT CAPTURE,27093.40,602347.50,8829
2026-04-06,ACH CREDIT JUNIPER HILL FOO PPD,15014.13,617361.63,550792772588602
2026-04-06,ACH CREDIT FIDDLEHEAD TAPRO PPD,1469.49,618831.12,784031118891666
2026-04-06,REMOTE DEPOSIT CAPTURE,3417.54,622248.66,1896
2026-04-06,REMOTE DEPOSIT CAPTURE,745.02,622993.68,561
2026-04-06,REMOTE DEPOSIT CAPTURE,2522.58,625516.26,646
2026-04-06,REMOTE DEPOSIT CAPTURE,1971.79,627488.05,166
2026-04-06,ACH CREDIT NORTHSTAR DELI PPD,3133.78,630621.83,108424784491374
2026-04-06,ACH CREDIT OXBOW SMOKEHOUSE PPD,2970.99,633592.82,303662607566718
2026-04-06,ACH CREDIT IRONWOOD GROCERY PPD,23985.37,657578.19,504939946475653
2026-04-06,REMOTE DEPOSIT CAPTURE,11628.61,669206.80,5026
2026-04-06,CHECK 40279,-1181.47,668025.33,40279
2026-04-06,CHECK 40281,-14461.49,653563.84,40281
2026-04-06,CHECK 40288,-13871.06,639692.78,40288
2026-04-06,CHECK 40291,-11332.58,628360.20,40291
2026-04-07,REMOTE DEPOSIT CAPTURE,1330.60,629690.80,3238
2026-04-07,REMOTE DEPOSIT CAPTURE,3401.87,633092.67,3695
2026-04-07,ACH CREDIT ROSE CITY MARKET PPD,14801.76,647894.43,700516054139190
2026-04-07,REMOTE DEPOSIT CAPTURE,1182.12,649076.55,3975
2026-04-07,ACH CREDIT BELMONT NATURAL  PPD,18191.63,667268.18,359342013450216
2026-04-07,CHECK 40287,-27161.98,640106.20,40287
2026-04-07,CHECK 40289,-1757.97,638348.23,40289
2026-04-08,REMOTE DEPOSIT CAPTURE,3932.48,642280.71,6282
2026-04-08,ACH CREDIT OWYHEE MERCANTIL PPD,21953.97,664234.68,510990039369049
2026-04-08,ACH CREDIT NETTLE CANTINA PPD,2178.98,666413.66,604356127958736
2026-04-08,ACH CREDIT YEW GRILL PPD,3806.99,670220.65,205826743667805
2026-04-08,REMOTE DEPOSIT CAPTURE,2979.47,673200.12,4545
2026-04-08,CHECK 40280,-6573.46,666626.66,40280
2026-04-08,CHECK 40282,-11591.59,655035.07,40282
2026-04-09,REMOTE DEPOSIT CAPTURE,20233.38,675268.45,2519
2026-04-09,REMOTE DEPOSIT CAPTURE,23991.49,699259.94,4022
2026-04-09,REMOTE DEPOSIT CAPTURE,3403.84,702663.78,5705
2026-04-09,REMOTE DEPOSIT CAPTURE,1740.21,704403.99,1351
2026-04-09,ACH CREDIT FOXGLOVE MARKET PPD,25441.84,729845.83,618181617709070
2026-04-09,ACH CREDIT DESCHUTES FOOD H PPD,24323.71,754169.54,007880306062815
2026-04-09,CHECK 40276,-14364.10,739805.44,40276
2026-04-09,CHECK 40284,-8570.95,731234.49,40284
2026-04-09,CHECK 40286,-13929.10,717305.39,40286
2026-04-09,ACH DEBIT CLEARWATER CREAMER CCD,-6687.69,710617.70,035340441172769
2026-04-09,ACH DEBIT PACIFIC COAST PACK CCD,-3583.91,707033.79,549511171293261
2026-04-09,ACH DEBIT TALENT BRIDGE STAF CCD,-4097.64,702936.15,450464705725704
2026-04-09,ACH DEBIT STUMPTOWN OFFICE S CCD,-823.94,702112.21,353896818541656
2026-04-09,ACH DEBIT RIDGELINE EXPRESS CCD,-1590.91,700521.30,142819266238573
2026-04-09,ACH DEBIT ROGUE VALLEY CHEES CCD,-8653.44,691867.86,958878591604322
2026-04-09,ACH DEBIT COWLITZ CREEK FARM CCD,-8873.85,682994.01,064934482122510
2026-04-09,ACH DEBIT COLUMBIA RIVER FRE CCD,-3408.45,679585.56,017090766768646
2026-04-09,ACH DEBIT NOOKSACK BERRY GRO CCD,-5925.70,673659.86,868216812794839
2026-04-09,ACH DEBIT PACIFIC FLEET FUEL CCD,-2959.07,670700.79,414256669713384
2026-04-09,ACH DEBIT SALEM PALLET RECYC CCD,-384.48,670316.31,676377776079752
2026-04-09,ACH DEBIT MILL CREEK TEMP CO CCD,-1123.14,669193.17,891146641141671
2026-04-09,ACH DEBIT NORTHWEST REEFER T CCD,-3081.94,666111.23,147155363702922
2026-04-09,ACH DEBIT METHOW VALLEY APPL CCD,-9163.57,656947.66,478949863808742
2026-04-09,ACH DEBIT TREASURE VALLEY TR CCD,-2561.81,654385.85,873637473327564
2026-04-09,ACH DEBIT SIUSLAW CRANBERRY  CCD,-11216.68,643169.17,627592190375314
2026-04-09,ACH DEBIT MCKENZIE RIVER MIL CCD,-11883.06,631286.11,633966185115460
2026-04-09,ACH DEBIT NEWBERG NUT GROWER CCD,-9288.67,621997.44,777659463458710
2026-04-09,ACH DEBIT PAYETTE VALLEY BEE CCD,-7861.22,614136.22,048704329453115
2026-04-09,ACH DEBIT SNAKE RIVER TROUT  CCD,-10895.89,603240.33,406622399216658
2026-04-09,ACH DEBIT COLUMBIA BASIN WAT CCD,-417.80,602822.53,611556050123979
2026-04-09,ACH DEBIT METRO WASTE HAULER CCD,-512.53,602310.00,511258243760019
2026-04-09,ACH DEBIT UMPQUA OAT MILL CCD,-13991.96,588318.04,615587471014920
2026-04-10,ACH CREDIT PIONEER SQUARE P PPD,16252.74,604570.78,470268170663511
2026-04-10,ACH CREDIT WHIDBEY HARVEST  PPD,22560.52,627131.30,928539833199923
2026-04-10,ACH CREDIT FIDDLEHEAD TAPRO PPD,3937.47,631068.77,142698868366326
2026-04-10,REMOTE DEPOSIT CAPTURE,2418.84,633487.61,7482
2026-04-10,REMOTE DEPOSIT CAPTURE,15438.62,648926.23,3762
2026-04-10,REMOTE DEPOSIT CAPTURE,21529.67,670455.90,500
2026-04-10,ACH CREDIT FILBERT & OAK MA PPD,24872.86,695328.76,660645761855141
2026-04-10,CHECK 40277,-869.81,694458.95,40277
2026-04-10,CHECK 40278,-1262.19,693196.76,40278
2026-04-10,CHECK 40283,-12406.47,680790.29,40283
2026-04-10,CHECK 40285,-14989.96,665800.33,40285
2026-04-10,CHECK 40290,-26396.66,639403.67,40290
2026-04-10,FIRST CASCADE LOAN PMT 7719,-6246.17,633157.50,
2026-04-13,REMOTE DEPOSIT CAPTURE,25409.31,658566.81,8651
2026-04-13,ACH CREDIT RIVERBEND NATURA PPD,21920.63,680487.44,355023937812035
2026-04-13,REMOTE DEPOSIT CAPTURE,23930.58,704418.02,9018
2026-04-13,ACH CREDIT HERON CAFE PPD,1602.39,706020.41,787496716036815
2026-04-13,ACH CREDIT UPLAND KITCHEN PPD,3826.92,709847.33,100875236760040
2026-04-13,ACH CREDIT JUBILEE CANTINA PPD,1998.32,711845.65,861241809100978
2026-04-13,ACH CREDIT GORGE VALLEY CO- PPD,15743.40,727589.05,686661950043736
2026-04-13,ACH CREDIT ELK ROCK PROVISI PPD,17058.13,744647.18,115885572718753
2026-04-13,ACH CREDIT MADRONA FOOD CO- PPD,13269.11,757916.29,251478433625539
2026-04-13,REMOTE DEPOSIT CAPTURE,25055.15,782971.44,8562
2026-04-13,"INCOMING WIRE ALPENKOST GMBH EUR 10,376.62",11223.35,794194.79,FT1004308078
2026-04-13,ACH CREDIT ALDER STREET MAR PPD,21946.30,816141.09,117817727268991
2026-04-13,REMOTE DEPOSIT CAPTURE,23092.42,839233.51,525
2026-04-13,ACH CREDIT YEW GRILL PPD,748.95,839982.46,295331223304928
2026-04-13,ACH CREDIT FILBERT & OAK MA PPD,15169.61,855152.07,801537321936149
2026-04-13,REMOTE DEPOSIT CAPTURE,26807.25,881959.32,1535
2026-04-13,CHECK 40293,-6846.75,875112.57,40293
2026-04-13,CHECK 40303,-12073.67,863038.90,40303
2026-04-13,CHECK 40306,-14533.75,848505.15,40306
2026-04-14,REMOTE DEPOSIT CAPTURE,17135.71,865640.86,8874
2026-04-14,ACH CREDIT VASHON ISLAND MA PPD,25275.22,890916.08,286871644314812
2026-04-14,ACH CREDIT MOUNTAIN GROCERS PPD,24488.05,915404.13,406160302177682
2026-04-14,ACH CREDIT DRIFTWOOD PANTRY PPD,15865.90,931270.03,216251808421876
2026-04-14,CHECK 40295,-6969.92,924300.11,40295
2026-04-14,CHECK 40300,-11516.52,912783.59,40300
2026-04-15,ACH CREDIT SAWTOOTH NATURAL PPD,13466.98,926250.57,311822733845251
2026-04-15,ACH CREDIT BELMONT NATURAL  PPD,16942.27,943192.84,451456925898553
2026-04-15,CHECK 40292,-14450.97,928741.87,40292
2026-04-15,CHECK 40294,-806.61,927935.26,40294
2026-04-15,CHECK 40297,-8591.92,919343.34,40297
2026-04-15,CHECK 40299,-13304.68,906038.66,40299
2026-04-15,CHECK 40304,-9227.77,896810.89,40304
2026-04-15,CHECK 40305,-9225.44,887585.45,40305
2026-04-15,PINNACLE PAYROLL SVCS PAYROLL DD,-161876.24,725709.21,
2026-04-16,REMOTE DEPOSIT CAPTURE,21684.60,747393.81,3258
2026-04-16,REMOTE DEPOSIT CAPTURE,14701.41,762095.22,4896
2026-04-16,ACH CREDIT QUILL GRILL PPD,1932.96,764028.18,534716266872451
2026-04-16,CHECK 40296,-7803.32,756224.86,40296
2026-04-16,CHECK 40298,-23203.38,733021.48,40298
2026-04-16,ACH DEBIT DESCHUTES BREWING  CCD,-13264.43,719757.05,293052566004965
2026-04-16,ACH DEBIT CLEARWATER CREAMER CCD,-7797.32,711959.73,176611120257694
2026-04-16,ACH DEBIT PACIFIC COAST PACK CCD,-3708.37,708251.36,201035564058768
2026-04-16,ACH DEBIT PUGET SOUND SHELLF CCD,-22790.60,685460.76,147976619043682
2026-04-16,ACH DEBIT COWLITZ CREEK FARM CCD,-6049.00,679411.76,926794042760989
2026-04-16,ACH DEBIT COLUMBIA RIVER FRE CCD,-2060.97,677350.79,830849200093727
2026-04-16,ACH DEBIT NOOKSACK BERRY GRO CCD,-7783.06,669567.73,603488163915720
2026-04-16,ACH DEBIT WALLA WALLA ONION  CCD,-12269.51,657298.22,609131264621015
2026-04-16,ACH DEBIT BRIGHTLINE JANITOR CCD,-1518.62,655779.60,219775763527965
2026-04-16,ACH DEBIT PACIFIC FLEET FUEL CCD,-3315.11,652464.49,379916651552836
2026-04-16,ACH DEBIT CHEHALIS VALLEY EG CCD,-4018.99,648445.50,739325007694043
2026-04-16,ACH DEBIT EMERALD CITY COLD  CCD,-2819.10,645626.40,349131652201265
2026-04-16,ACH DEBIT NORTHWEST REEFER T CCD,-1215.13,644411.27,038520294675003
2026-04-16,ACH DEBIT METHOW VALLEY APPL CCD,-10324.58,634086.69,517012725939833
2026-04-16,ACH DEBIT SOUND CARTAGE CO. CCD,-3369.99,630716.70,938004953202942
2026-04-16,ACH DEBIT CHINOOK SMOKEHOUSE CCD,-14910.09,615806.61,379263948866865
2026-04-16,ACH DEBIT TREASURE VALLEY TR CCD,-2340.81,613465.80,310015433475540
2026-04-16,ACH DEBIT LUMMI BAY SEAFOOD CCD,-15115.47,598350.33,233058256774863
2026-04-16,ACH DEBIT BITTERROOT BAKEHOU CCD,-9199.63,589150.70,812502523605276
2026-04-16,ACH DEBIT MCKENZIE RIVER MIL CCD,-9049.50,580101.20,512759410510802
2026-04-16,ACH DEBIT NEWBERG NUT GROWER CCD,-7461.46,572639.74,367398043995589
2026-04-16,ACH DEBIT TETON VALLEY TROUT CCD,-15740.69,556899.05,250800627924156
2026-04-16,ACH DEBIT PORTLAND FLEET WAS CCD,-314.53,556584.52,740719441703035
2026-04-16,ACH DEBIT PAYETTE VALLEY BEE CCD,-8216.94,548367.58,758272199858942
2026-04-16,ACH DEBIT SNAKE RIVER TROUT  CCD,-13098.59,535268.99,749832949580013
2026-04-16,ACH DEBIT COQUILLE DAIRY COO CCD,-6655.01,528613.98,262678130357999
2026-04-16,ACH DEBIT COLUMBIA BASIN WAT CCD,-499.23,528114.75,219073057836569
2026-04-16,ACH DEBIT WILLAMETTE VALLEY  CCD,-7696.55,520418.20,032101988746533
2026-04-16,ACH DEBIT BOARDMAN TREE FRUI CCD,-16380.07,504038.13,959277844707496
2026-04-16,ACH DEBIT WALLOWA GRASS-FED  CCD,-18829.28,485208.85,470124652043621
2026-04-16,ACH DEBIT COLUMBIA GORGE ORC CCD,-7523.39,477685.46,306127838858023
2026-04-16,ACH DEBIT PALOUSE LENTIL GRO CCD,-14146.78,463538.68,697290177338299
2026-04-17,REMOTE DEPOSIT CAPTURE,2577.47,466116.15,15
2026-04-17,REMOTE DEPOSIT CAPTURE,1308.42,467424.57,8674
2026-04-17,ACH CREDIT NORTHSTAR DELI PPD,2180.16,469604.73,797617902929998
2026-04-17,ACH CREDIT UMPQUA VALLEY FO PPD,14088.31,483693.04,692603223379517
2026-04-17,CHECK 40301,-3195.03,480498.01,40301
2026-04-17,CHECK 40302,-13389.54,467108.47,40302
2026-04-20,REMOTE DEPOSIT CAPTURE,2135.45,469243.92,9167
2026-04-20,REMOTE DEPOSIT CAPTURE,26197.30,495441.22,8741
2026-04-20,ACH CREDIT BELLWETHER TAVER PPD,3903.22,499344.44,223487791272191
2026-04-20,ACH CREDIT LUMEN KITCHEN PPD,2864.35,502208.79,248813402226918
2026-04-20,ACH CREDIT KINFOLK PIZZERIA PPD,1369.77,503578.56,781064699208447
2026-04-20,ACH CREDIT KINFOLK PIZZERIA PPD,3323.82,506902.38,765021894649879
2026-04-20,ACH CREDIT WHIDBEY HARVEST  PPD,11717.66,518620.04,282251866112907
2026-04-20,ACH CREDIT GULL EATERY PPD,4033.34,522653.38,455380143579032
2026-04-20,REMOTE DEPOSIT CAPTURE,3791.77,526445.15,354
2026-04-20,ACH CREDIT GORGE VALLEY CO- PPD,18860.46,545305.61,805264724794496
2026-04-20,ACH CREDIT HAWTHORNE FRESH  PPD,27013.20,572318.81,356673431002398
2026-04-20,REMOTE DEPOSIT CAPTURE,23641.48,595960.29,7036
2026-04-20,REMOTE DEPOSIT CAPTURE,21009.71,616970.00,1962
2026-04-20,REMOTE DEPOSIT CAPTURE,16980.43,633950.43,6308
2026-04-20,REMOTE DEPOSIT CAPTURE,1106.18,635056.61,139
2026-04-20,ACH CREDIT ROSE CITY MARKET PPD,27098.29,662154.90,943658726858475
2026-04-20,REMOTE DEPOSIT CAPTURE,1276.54,663431.44,1281
2026-04-20,ACH CREDIT OXBOW SMOKEHOUSE PPD,2400.00,665831.44,093022106318462
2026-04-20,ACH CREDIT IRONWOOD GROCERY PPD,18621.98,684453.42,705993986191253
2026-04-20,REMOTE DEPOSIT CAPTURE,25282.19,709735.61,8655
2026-04-20,REMOTE DEPOSIT CAPTURE,2723.76,712459.37,4515
2026-04-20,ACH CREDIT KESTREL MARKET H PPD,25563.69,738023.06,945359654320279
2026-04-20,CHECK 40314,-15192.20,722830.86,40314
2026-04-21,ACH CREDIT PIONEER SQUARE P PPD,16764.84,739595.70,631459382447356
2026-04-21,REMOTE DEPOSIT CAPTURE,18545.31,758141.01,3543
2026-04-21,REMOTE DEPOSIT CAPTURE,25376.90,783517.91,7558
2026-04-21,REMOTE DEPOSIT CAPTURE,2589.78,786107.69,4427
2026-04-21,CHECK 40308,-4630.08,781477.61,40308
2026-04-21,CHECK 40309,-9747.45,771730.16,40309
2026-04-21,CHECK 40310,-7355.98,764374.18,40310
2026-04-22,REMOTE DEPOSIT CAPTURE,26628.77,791002.95,5813
2026-04-22,ACH CREDIT MADRONA FOOD CO- PPD,14771.31,805774.26,964497777451863
2026-04-22,"INCOMING WIRE ALPENKOST GMBH EUR 9,695.94",10581.18,816355.44,FT3163466838
2026-04-22,REMOTE DEPOSIT CAPTURE,3549.64,819905.08,6904
2026-04-22,CHECK 40307,-10418.50,809486.58,40307
2026-04-22,CHECK 40313,-13175.70,796310.88,40313
2026-04-22,CHECK 40318,-13045.70,783265.18,40318
2026-04-22,CHECK 40322,-12507.79,770757.39,40322
2026-04-23,ACH CREDIT URSA NOODLE HOUS PPD,1721.60,772478.99,605419537919109
2026-04-23,ACH CREDIT HUCKLEBERRY GRIL PPD,2485.52,774964.51,243391388824359
2026-04-23,REMOTE DEPOSIT CAPTURE,25340.41,800304.92,4859
2026-04-23,CHECK 40311,-6381.53,793923.39,40311
2026-04-23,CHECK 40315,-7828.67,786094.72,40315
2026-04-23,CHECK 40320,-8499.45,777595.27,40320
2026-04-23,CHECK 40324,-278.27,777317.00,40324
2026-04-23,ACH DEBIT RIDGEWIRE TELECOM CCD,-1254.62,776062.38,611784591364661
2026-04-23,ACH DEBIT DESCHUTES BREWING  CCD,-10104.30,765958.08,197051171716997
2026-04-23,ACH DEBIT PACIFIC COAST PACK CCD,-2972.95,762985.13,981944438361576
2026-04-23,ACH DEBIT TALENT BRIDGE STAF CCD,-2688.45,760296.68,320436928967661
2026-04-23,ACH DEBIT RIDGELINE EXPRESS CCD,-1091.82,759204.86,021065563625433
2026-04-23,ACH DEBIT WILLAMETTE SANITAT CCD,-516.83,758688.03,555438378435586
2026-04-23,ACH DEBIT ROGUE VALLEY CHEES CCD,-15739.21,742948.82,456229010152775
2026-04-23,ACH DEBIT MT. HOOD BERRY FAR CCD,-26071.07,716877.75,069408453924406
2026-04-23,ACH DEBIT COWLITZ CREEK FARM CCD,-5905.19,710972.56,899962587236546
2026-04-23,ACH DEBIT COLUMBIA RIVER FRE CCD,-2889.50,708083.06,574144871460766
2026-04-23,ACH DEBIT YAKIMA HOP & HERB CCD,-15723.66,692359.40,904886455977739
2026-04-23,ACH DEBIT CLOUDLEDGER SOFTWA CCD,-630.75,691728.65,062560947644271
2026-04-23,ACH DEBIT WALLA WALLA ONION  CCD,-9837.24,681891.41,305670905763949
2026-04-23,ACH DEBIT PACIFIC FLEET FUEL CCD,-3024.81,678866.60,589562010398190
2026-04-23,ACH DEBIT CROWN LINEN & UNIF CCD,-594.75,678271.85,984776970442995
2026-04-23,ACH DEBIT NORTHGATE IT PARTN CCD,-2499.43,675772.42,769281314343932
2026-04-23,ACH DEBIT NORTHWEST REEFER T CCD,-3860.16,671912.26,765143481708897
2026-04-23,ACH DEBIT METHOW VALLEY APPL CCD,-4767.56,667144.70,138649025700756
2026-04-23,ACH DEBIT CHINOOK SMOKEHOUSE CCD,-7002.27,660142.43,477682945937537
2026-04-23,ACH DEBIT TREASURE VALLEY TR CCD,-1905.17,658237.26,867627233921687
2026-04-23,ACH DEBIT SIUSLAW CRANBERRY  CCD,-5780.97,652456.29,643174353382790
2026-04-23,ACH DEBIT LUMMI BAY SEAFOOD CCD,-12695.93,639760.36,402272945330179
2026-04-23,ACH DEBIT BITTERROOT BAKEHOU CCD,-5438.51,634321.85,199582190691131
2026-04-23,ACH DEBIT TETON VALLEY TROUT CCD,-6598.62,627723.23,566270745789432
2026-04-23,ACH DEBIT PAYETTE VALLEY BEE CCD,-8738.67,618984.56,644722771864219
2026-04-23,ACH DEBIT SNAKE RIVER TROUT  CCD,-12730.29,606254.27,146182877155707
2026-04-23,ACH DEBIT COASTLINE SHREDDIN CCD,-144.52,606109.75,472200394205493
2026-04-23,ACH DEBIT HOOD CANAL OYSTER  CCD,-4549.78,601559.97,787047804523937
2026-04-23,ACH DEBIT COLUMBIA GORGE ORC CCD,-15516.79,586043.18,138282827387508
2026-04-23,ACH DEBIT PALOUSE LENTIL GRO CCD,-5693.77,580349.41,893073622034723
2026-04-23,ACH DEBIT HERMISTON MELON FA CCD,-4276.81,576072.60,872738758940055
2026-04-23,ACH DEBIT EVERGREEN BOX & FI CCD,-2808.93,573263.67,428272936448593
2026-04-24,ACH CREDIT BELLWETHER TAVER PPD,1118.39,574382.06,499157733125636
2026-04-24,ACH CREDIT CINDER KITCHEN PPD,2804.75,577186.81,746615850520285
2026-04-24,ACH CREDIT ALDER STREET MAR PPD,19210.48,596397.29,692016912003419
2026-04-24,ACH CREDIT DOGWOOD BISTRO PPD,3223.65,599620.94,539271507134135
2026-04-24,ACH CREDIT DESCHUTES FOOD H PPD,11368.92,610989.86,590498740257601
2026-04-24,CHECK 40312,-4132.44,606857.42,40312
2026-04-24,CHECK 40316,-3834.35,603023.07,40316
2026-04-24,CHECK 40317,-8935.00,594088.07,40317
2026-04-24,CHECK 40319,-3842.37,590245.70,40319
2026-04-24,CHECK 40321,-7835.27,582410.43,40321
2026-04-24,CHECK 40323,-11449.40,570961.03,40323
2026-04-24,CHECK 40325,-9991.62,560969.41,40325
2026-04-24,FIRST CASCADE LOC INTEREST 5512,-6123.75,554845.66,
2026-04-24,FIRST CASCADE LOC ADVANCE 5512,55000.00,609845.66,
2026-04-27,REMOTE DEPOSIT CAPTURE,19736.94,629582.60,5677
2026-04-27,ACH CREDIT YAKIMA ORCHARD M PPD,20391.96,649974.56,237924036181201
2026-04-27,ACH CREDIT GABLE BRASSERIE PPD,3288.07,653262.63,219734210991164
2026-04-27,ACH CREDIT ASTER KITCHEN PPD,4000.61,657263.24,273685741848539
2026-04-27,ACH CREDIT JUNIPER HILL FOO PPD,22461.23,679724.47,214480454187386
2026-04-27,REMOTE DEPOSIT CAPTURE,22322.79,702047.26,7953
2026-04-27,ACH CREDIT HERON CAFE PPD,3574.86,705622.12,376042835144569
2026-04-27,REMOTE DEPOSIT CAPTURE,3055.24,708677.36,3131
2026-04-27,ACH CREDIT SAWTOOTH NATURAL PPD,12070.27,720747.63,655685102703105
2026-04-27,REMOTE DEPOSIT CAPTURE,1859.03,722606.66,5248
2026-04-27,ACH CREDIT VASHON ISLAND MA PPD,23238.19,745844.85,141571218931365
2026-04-27,REMOTE DEPOSIT CAPTURE,3261.65,749106.50,2735
2026-04-27,ACH CREDIT HARBOR TAVERN PPD,1984.46,751090.96,751463435579291
2026-04-27,REMOTE DEPOSIT CAPTURE,788.25,751879.21,5098
2026-04-27,ACH CREDIT IRONWOOD GROCERY PPD,26479.75,778358.96,712941022729713
2026-04-27,ACH CREDIT FOXGLOVE MARKET PPD,27246.68,805605.64,057897043079280
2026-04-27,CHECK 40326,-13263.82,792341.82,40326
2026-04-27,CHECK 40330,-6781.76,785560.06,40330
2026-04-27,CHECK 40331,-1611.56,783948.50,40331
2026-04-27,CHECK 40335,-6970.61,776977.89,40335
2026-04-27,CHECK 40336,-14754.58,762223.31,40336
2026-04-27,CHECK 40338,-3788.26,758435.05,40338
2026-04-28,ACH CREDIT HAWTHORNE FRESH  PPD,25722.89,784157.94,757979350609831
2026-04-28,REMOTE DEPOSIT CAPTURE,2450.20,786608.14,3608
2026-04-28,ACH CREDIT UNDERTOW BAKERY PPD,4192.04,790800.18,954967162258878
2026-04-28,ACH CREDIT DRIFTWOOD PANTRY PPD,25267.05,816067.23,424432025335597
2026-04-28,CHECK 40328,-15173.47,800893.76,40328
2026-04-28,CHECK 40329,-12738.18,788155.58,40329
2026-04-28,CHECK 40340,-13830.17,774325.41,40340
2026-04-29,ACH CREDIT ELK ROCK PROVISI PPD,21299.02,795624.43,181557337309288
2026-04-29,ACH CREDIT UNDERTOW BAKERY PPD,2354.75,797979.18,913934888455026
2026-04-29,REMOTE DEPOSIT CAPTURE,22428.39,820407.57,8999
2026-04-29,REMOTE DEPOSIT CAPTURE,21063.10,841470.67,4287
2026-04-29,CHECK 40332,-4221.10,837249.57,40332
2026-04-29,CHECK 40334,-7407.40,829842.17,40334
2026-04-30,ACH CREDIT RIVERBEND NATURA PPD,15900.92,845743.09,625425005507011
2026-04-30,REMOTE DEPOSIT CAPTURE,11978.31,857721.40,5566
2026-04-30,ACH CREDIT GULL EATERY PPD,3297.06,861018.46,270465212051640
2026-04-30,REMOTE DEPOSIT CAPTURE,21169.35,882187.81,3239
2026-04-30,REMOTE DEPOSIT CAPTURE,1534.22,883722.03,5246
2026-04-30,CHECK 40333,-8970.06,874751.97,40333
2026-04-30,CHECK 40339,-11079.77,863672.20,40339
2026-04-30,ACH DEBIT CLEARWATER CREAMER CCD,-13288.36,850383.84,227272752070432
2026-04-30,ACH DEBIT PACIFIC COAST PACK CCD,-8108.20,842275.64,230209406041317
2026-04-30,ACH DEBIT RIDGELINE EXPRESS CCD,-516.15,841759.49,082493423630541
2026-04-30,ACH DEBIT WILLAMETTE SANITAT CCD,-794.74,840964.75,097404170064953
2026-04-30,ACH DEBIT ROGUE VALLEY CHEES CCD,-10608.94,830355.81,621843929970353
2026-04-30,ACH DEBIT COLUMBIA RIVER FRE CCD,-2056.10,828299.71,295750796099121
2026-04-30,ACH DEBIT NOOKSACK BERRY GRO CCD,-9573.99,818725.72,087062356495046
2026-04-30,ACH DEBIT YAKIMA HOP & HERB CCD,-10692.66,808033.06,904286570014728
2026-04-30,ACH DEBIT WALLA WALLA ONION  CCD,-3916.91,804116.15,230461135936393
2026-04-30,ACH DEBIT PACIFIC FLEET FUEL CCD,-2113.09,802003.06,722108228737334
2026-04-30,ACH DEBIT SALEM PALLET RECYC CCD,-1056.93,800946.13,117024246759615
2026-04-30,ACH DEBIT CHEHALIS VALLEY EG CCD,-10031.48,790914.65,613208938237204
2026-04-30,ACH DEBIT NORTHWEST REEFER T CCD,-3832.36,787082.29,161137661232747
2026-04-30,ACH DEBIT SOUND CARTAGE CO. CCD,-1161.58,785920.71,021635928022235
2026-04-30,ACH DEBIT PORTLAND GENERAL U CCD,-1405.33,784515.38,721843148535193
2026-04-30,ACH DEBIT PINNACLE PAYROLL S CCD,-404.24,784111.14,654668355615675
2026-04-30,ACH DEBIT TREASURE VALLEY TR CCD,-1041.29,783069.85,122987178857111
2026-04-30,ACH DEBIT SIUSLAW CRANBERRY  CCD,-11757.61,771312.24,019458822041258
2026-04-30,ACH DEBIT MCKENZIE RIVER MIL CCD,-6422.10,764890.14,526012826177179
2026-04-30,ACH DEBIT NEWBERG NUT GROWER CCD,-7267.95,757622.19,025297973710381
2026-04-30,ACH DEBIT PORTLAND FLEET WAS CCD,-390.84,757231.35,330995618487400
2026-04-30,ACH DEBIT PAYETTE VALLEY BEE CCD,-9006.17,748225.18,518822547659354
2026-04-30,ACH DEBIT COQUILLE DAIRY COO CCD,-14319.11,733906.07,107961457939147
2026-04-30,ACH DEBIT WILLAMETTE VALLEY  CCD,-14479.59,719426.48,869674822496806
2026-04-30,ACH DEBIT BOARDMAN TREE FRUI CCD,-9644.63,709781.85,591930265838674
2026-04-30,ACH DEBIT HOOD CANAL OYSTER  CCD,-10954.32,698827.53,904548869103331
2026-04-30,ACH DEBIT WALLOWA GRASS-FED  CCD,-8872.25,689955.28,810178225179407
2026-04-30,ACH DEBIT COLUMBIA GORGE ORC CCD,-10602.75,679352.53,154049623212933
2026-04-30,ACH DEBIT HERMISTON MELON FA CCD,-4217.90,675134.63,124911688364428
2026-04-30,ACH DEBIT UMPQUA OAT MILL CCD,-5970.49,669164.14,060649037399066
2026-04-30,ACH DEBIT EVERGREEN BOX & FI CCD,-2794.85,666369.29,499301203691398
2026-04-30,PINNACLE PAYROLL SVCS PAYROLL DD,-143692.71,522676.58,
2026-04-30,MONTHLY MAINTENANCE FEE,-45.00,522631.58,
2026-05-01,ACH CREDIT ASTER KITCHEN PPD,3288.58,525920.16,537887587468975
2026-05-01,REMOTE DEPOSIT CAPTURE,28128.51,554048.67,2914
2026-05-01,"INCOMING WIRE ALPENKOST GMBH EUR 5,212.36",5728.38,559777.05,FT3201902148
2026-05-01,ACH CREDIT MOUNTAIN GROCERS PPD,15705.30,575482.35,003679900748673
2026-05-01,REMOTE DEPOSIT CAPTURE,2229.04,577711.39,4605
2026-05-01,ACH CREDIT FILBERT & OAK MA PPD,26928.94,604640.33,515024187219242
2026-05-01,REMOTE DEPOSIT CAPTURE,12393.77,617034.10,975
2026-05-01,CHECK 40327,-1782.20,615251.90,40327
2026-05-01,CHECK 40337,-8764.23,606487.67,40337
2026-05-01,CHECK 40341,-15729.14,590758.53,40341
2026-05-01,ACH DEBIT GOWEN FIELD COMMER CCD,-4875.00,585883.53,084766491738220
2026-05-01,ACH DEBIT LOMBARD STREET PRO CCD,-8500.00,577383.53,212129749898508
2026-05-01,ACH DEBIT DUWAMISH INDUSTRIA CCD,-6420.00,570963.53,644093758192444
2026-05-04,ACH CREDIT WHIDBEY HARVEST  PPD,17108.04,588071.57,875775624286335
2026-05-04,ACH CREDIT OWYHEE MERCANTIL PPD,27657.31,615728.88,596169751578772
2026-05-04,ACH CREDIT MADRONA FOOD CO- PPD,19026.90,634755.78,899789022334287
2026-05-04,REMOTE DEPOSIT CAPTURE,18748.89,653504.67,5114
2026-05-04,REMOTE DEPOSIT CAPTURE,1476.37,654981.04,5094
2026-05-04,REMOTE DEPOSIT CAPTURE,3837.93,658818.97,2121
2026-05-04,REMOTE DEPOSIT CAPTURE,25671.58,684490.55,2848
2026-05-04,REMOTE DEPOSIT CAPTURE,13145.62,697636.17,3431
2026-05-04,ACH CREDIT FOXGLOVE MARKET PPD,22064.11,719700.28,264103876127142
2026-05-04,ACH CREDIT ROOKERY CAFE PPD,3444.09,723144.37,174415868188379
2026-05-04,ACH CREDIT BELMONT NATURAL  PPD,18163.25,741307.62,076381800743894
2026-05-04,ACH CREDIT KESTREL MARKET H PPD,17701.52,759009.14,848884723253649
2026-05-04,CHECK 40353,-1615.63,757393.51,40353
2026-05-04,CHECK 40356,-5306.23,752087.28,40356
2026-05-05,ACH CREDIT ELK ROCK PROVISI PPD,22694.03,774781.31,034925095413153
2026-05-05,REMOTE DEPOSIT CAPTURE,1272.36,776053.67,8567
2026-05-05,ACH CREDIT VALE BRASSERIE PPD,2212.10,778265.77,285918590954017
2026-05-05,ACH CREDIT ZEPHYR BAKERY PPD,2121.90,780387.67,226121222239080
2026-05-05,ACH CREDIT DOVETAIL TAPROOM PPD,2884.82,783272.49,161414518351888
2026-05-05,CHECK 40347,-4502.65,778769.84,40347
2026-05-05,CHECK 40350,-12562.03,766207.81,40350
2026-05-05,CHECK 40352,-10475.53,755732.28,40352
2026-05-05,CHECK 40355,-15777.79,739954.49,40355
2026-05-06,ACH CREDIT PIONEER SQUARE P PPD,20156.87,760111.36,588262063662577
2026-05-06,ACH CREDIT UPLAND KITCHEN PPD,3430.57,763541.93,736952043746234
2026-05-06,ACH CREDIT SAWTOOTH NATURAL PPD,23596.99,787138.92,176799838880010
2026-05-06,ACH CREDIT NIMBUS CAFE PPD,2645.37,789784.29,433266153253417
2026-05-06,REMOTE DEPOSIT CAPTURE,3035.48,792819.77,9680
2026-05-06,CHECK 40342,-1484.65,791335.12,40342
2026-05-06,CHECK 40344,-4676.59,786658.53,40344
2026-05-06,CHECK 40351,-10791.99,775866.54,40351
2026-05-06,CHECK 40358,-10143.44,765723.10,40358
2026-05-07,REMOTE DEPOSIT CAPTURE,1844.79,767567.89,1206
2026-05-07,ACH CREDIT YAKIMA ORCHARD M PPD,20933.03,788500.92,636228099043571
2026-05-07,REMOTE DEPOSIT CAPTURE,1467.26,789968.18,2711
2026-05-07,ACH CREDIT RIVERBEND NATURA PPD,15402.42,805370.60,952061055319841
2026-05-07,REMOTE DEPOSIT CAPTURE,1456.65,806827.25,5877
2026-05-07,ACH CREDIT JETTY TAVERN PPD,2562.11,809389.36,210303842217782
2026-05-07,ACH CREDIT UMPQUA VALLEY FO PPD,23285.19,832674.55,295187061129556
2026-05-07,ACH CREDIT IRIS TAPROOM PPD,3631.28,836305.83,999879687747232
2026-05-07,ACH CREDIT DESCHUTES FOOD H PPD,15784.59,852090.42,305741130612645
2026-05-07,CHECK 40346,-514.92,851575.50,40346
2026-05-07,CHECK 40348,-4052.12,847523.38,40348
2026-05-07,CHECK 40349,-11512.24,836011.14,40349
2026-05-07,CHECK 40357,-15394.14,820617.00,40357
2026-05-07,CHECK 40359,-7246.09,813370.91,40359
2026-05-07,ACH DEBIT DESCHUTES BREWING  CCD,-14568.93,798801.98,908109606660534
2026-05-07,ACH DEBIT CLEARWATER CREAMER CCD,-8006.58,790795.40,394966226785883
2026-05-07,ACH DEBIT PACIFIC COAST PACK CCD,-4082.34,786713.06,715494640271000
2026-05-07,ACH DEBIT TALENT BRIDGE STAF CCD,-5272.75,781440.31,913975274356846
2026-05-07,ACH DEBIT STUMPTOWN OFFICE S CCD,-330.21,781110.10,557883500771177
2026-05-07,ACH DEBIT RIDGELINE EXPRESS CCD,-2572.46,778537.64,336915332162791
2026-05-07,ACH DEBIT PUGET SOUND SHELLF CCD,-12981.44,765556.20,226428454542203
2026-05-07,ACH DEBIT MT. HOOD BERRY FAR CCD,-12575.51,752980.69,673407030821713
2026-05-07,ACH DEBIT COWLITZ CREEK FARM CCD,-11671.46,741309.23,295194716478774
2026-05-07,ACH DEBIT COLUMBIA RIVER FRE CCD,-3875.74,737433.49,815777762604588
2026-05-07,ACH DEBIT YAKIMA HOP & HERB CCD,-11805.71,725627.78,243375031890814
2026-05-07,ACH DEBIT WALLA WALLA ONION  CCD,-10044.31,715583.47,419653848887220
2026-05-07,ACH DEBIT PACIFIC FLEET FUEL CCD,-2300.67,713282.80,014995579406322
2026-05-07,ACH DEBIT BEAVERTON FORKLIFT CCD,-2263.22,711019.58,657610112190219
2026-05-07,ACH DEBIT CHEHALIS VALLEY EG CCD,-9162.21,701857.37,434338417307597
2026-05-07,ACH DEBIT EMERALD CITY COLD  CCD,-2917.84,698939.53,157044622490292
2026-05-07,ACH DEBIT NORTHWEST REEFER T CCD,-4264.39,694675.14,941275742334756
2026-05-07,ACH DEBIT METHOW VALLEY APPL CCD,-9838.93,684836.21,482538774996578
2026-05-07,ACH DEBIT CHINOOK SMOKEHOUSE CCD,-6151.30,678684.91,459521837501043
2026-05-07,ACH DEBIT TREASURE VALLEY TR CCD,-1446.74,677238.17,069767936682293
2026-05-07,ACH DEBIT BITTERROOT BAKEHOU CCD,-4636.20,672601.97,951635985817216
2026-05-07,ACH DEBIT MCKENZIE RIVER MIL CCD,-9639.85,662962.12,353507944715350
2026-05-07,ACH DEBIT NEWBERG NUT GROWER CCD,-6730.38,656231.74,084188787579705
2026-05-07,ACH DEBIT TETON VALLEY TROUT CCD,-7960.34,648271.40,723351970620019
2026-05-07,ACH DEBIT SNAKE RIVER TROUT  CCD,-15050.35,633221.05,785924613862158
2026-05-07,ACH DEBIT COQUILLE DAIRY COO CCD,-6902.44,626318.61,055308887188814
2026-05-07,ACH DEBIT PALOUSE LENTIL GRO CCD,-5946.91,620371.70,898319992309664
2026-05-07,ACH DEBIT HERMISTON MELON FA CCD,-13655.01,606716.69,675228484827890
2026-05-07,ACH DEBIT UMPQUA OAT MILL CCD,-7404.03,599312.66,686318364670875
2026-05-08,REMOTE DEPOSIT CAPTURE,26629.68,625942.34,8824
2026-05-08,REMOTE DEPOSIT CAPTURE,26513.61,652455.95,3996
2026-05-08,ACH CREDIT GORGE VALLEY CO- PPD,15912.39,668368.34,629802703757395
2026-05-08,REMOTE DEPOSIT CAPTURE,25221.60,693589.94,1079
2026-05-08,REMOTE DEPOSIT CAPTURE,28504.16,722094.10,7386
2026-05-08,REMOTE DEPOSIT CAPTURE,1331.67,723425.77,9779
2026-05-08,CHECK 40343,-14784.83,708640.94,40343
2026-05-08,CHECK 40345,-15102.25,693538.69,40345
2026-05-08,CHECK 40354,-5660.61,687878.08,40354
2026-05-08,FIRST CASCADE LOAN PMT 7719,-6219.50,681658.58,
2026-05-09,REMOTE DEPOSIT CAPTURE,2980.00,684638.58,8392
2026-05-11,REMOTE DEPOSIT CAPTURE,22500.87,707139.45,5152
2026-05-11,REMOTE DEPOSIT CAPTURE,13130.59,720270.04,3994
2026-05-11,ACH CREDIT JUBILEE CANTINA PPD,2884.94,723154.98,636669022528171
2026-05-11,REMOTE DEPOSIT CAPTURE,719.22,723874.20,5991
2026-05-11,ACH CREDIT IRONCLAD BRASSER PPD,3541.41,727415.61,779994245554873
2026-05-11,ACH CREDIT ROSE CITY MARKET PPD,18766.80,746182.41,317105612182488
2026-05-11,ACH CREDIT ALDER STREET MAR PPD,16278.68,762461.09,544596688119104
2026-05-11,REMOTE DEPOSIT CAPTURE,2796.30,765257.39,3473
2026-05-11,ACH CREDIT UPROOT CAFE PPD,2382.20,767639.59,010334022169006
2026-05-11,REMOTE DEPOSIT CAPTURE,2054.05,769693.64,4783
2026-05-11,ACH CREDIT UMPQUA VALLEY FO PPD,11104.94,780798.58,552519628400356
2026-05-11,REMOTE DEPOSIT CAPTURE,14718.34,795516.92,3450
2026-05-11,REMOTE DEPOSIT CAPTURE,3785.15,799302.07,6311
2026-05-11,CHECK 40363,-15543.39,783758.68,40363
2026-05-11,CHECK 40365,-5646.36,778112.32,40365
2026-05-11,CHECK 40366,-11960.76,766151.56,40366
2026-05-11,CHECK 40369,-2221.74,763929.82,40369
2026-05-11,CHECK 40372,-9786.69,754143.13,40372
2026-05-11,CHECK 40373,-6962.48,747180.65,40373
2026-05-12,ACH CREDIT UPLAND KITCHEN PPD,858.65,748039.30,914007481273459
2026-05-12,ACH CREDIT OWYHEE MERCANTIL PPD,21869.83,769909.13,556262848786229
2026-05-12,REMOTE DEPOSIT CAPTURE,17070.41,786979.54,726
2026-05-12,ACH CREDIT LANTERN SUPPER C PPD,1777.82,788757.36,023117776332908
2026-05-12,"INCOMING WIRE ALPENKOST GMBH EUR 10,651.30",11820.81,800578.17,FT5057839140
2026-05-12,REMOTE DEPOSIT CAPTURE,4318.45,804896.62,5540
2026-05-12,CHECK 40367,-8188.29,796708.33,40367
2026-05-12,CHECK 40370,-4507.08,792201.25,40370
2026-05-13,ACH CREDIT JUNIPER HILL FOO PPD,17562.79,809764.04,339408024800388
2026-05-13,ACH CREDIT LANTERN SUPPER C PPD,1039.88,810803.92,950011654027653
2026-05-13,CHECK 40360,-14820.40,795983.52,40360
2026-05-13,CHECK 40361,-2959.43,793024.09,40361
2026-05-14,REMOTE DEPOSIT CAPTURE,1134.03,794158.12,5221
2026-05-14,REMOTE DEPOSIT CAPTURE,4075.63,798233.75,2203
2026-05-14,REMOTE DEPOSIT CAPTURE,3856.11,802089.86,6577
2026-05-14,REMOTE DEPOSIT CAPTURE,1639.67,803729.53,1736
2026-05-14,REMOTE DEPOSIT CAPTURE,3200.15,806929.68,4882
2026-05-14,ACH CREDIT OBSIDIAN GRILL PPD,2071.73,809001.41,944707826878271
2026-05-14,ACH CREDIT MOUNTAIN GROCERS PPD,21933.71,830935.12,733053618022646
2026-05-14,CHECK 40364,-10846.72,820088.40,40364
2026-05-14,CHECK 40371,-3979.89,816108.51,40371
2026-05-14,ACH DEBIT DESCHUTES BREWING  CCD,-14943.62,801164.89,360692968148368
2026-05-14,ACH DEBIT PACIFIC COAST PACK CCD,-5865.33,795299.56,915763803996980
2026-05-14,ACH DEBIT RIDGELINE EXPRESS CCD,-1594.49,793705.07,760405630959700
2026-05-14,ACH DEBIT PUGET SOUND SHELLF CCD,-6893.21,786811.86,711731890128115
2026-05-14,ACH DEBIT ROGUE VALLEY CHEES CCD,-12806.62,774005.24,330482756729322
2026-05-14,ACH DEBIT MT. HOOD BERRY FAR CCD,-9911.49,764093.75,626140507139707
2026-05-14,ACH DEBIT COWLITZ CREEK FARM CCD,-11029.65,753064.10,161956176070201
2026-05-14,ACH DEBIT COLUMBIA RIVER FRE CCD,-807.13,752256.97,361356326603174
2026-05-14,ACH DEBIT NOOKSACK BERRY GRO CCD,-10017.66,742239.31,856455308581176
2026-05-14,ACH DEBIT YAKIMA HOP & HERB CCD,-14203.29,728036.02,973543205286145
2026-05-14,ACH DEBIT CLOUDLEDGER SOFTWA CCD,-468.11,727567.91,968489767918125
2026-05-14,ACH DEBIT BRIGHTLINE JANITOR CCD,-1502.65,726065.26,672655667507040
2026-05-14,ACH DEBIT PACIFIC FLEET FUEL CCD,-2189.59,723875.67,840026614294043
2026-05-14,ACH DEBIT CROWN LINEN & UNIF CCD,-382.17,723493.50,563163946797624
2026-05-14,ACH DEBIT NORTHGATE IT PARTN CCD,-2512.48,720981.02,985179133809618
2026-05-14,ACH DEBIT NORTHWEST REEFER T CCD,-3901.17,717079.85,607734937976596
2026-05-14,ACH DEBIT METHOW VALLEY APPL CCD,-10898.95,706180.90,557370013714770
2026-05-14,ACH DEBIT SOUND CARTAGE CO. CCD,-909.15,705271.75,964349787732758
2026-05-14,ACH DEBIT SIUSLAW CRANBERRY  CCD,-12232.96,693038.79,726994519720716
2026-05-14,ACH DEBIT LUMMI BAY SEAFOOD CCD,-14151.55,678887.24,536210500762849
2026-05-14,ACH DEBIT BITTERROOT BAKEHOU CCD,-14281.97,664605.27,240600789540692
2026-05-14,ACH DEBIT MCKENZIE RIVER MIL CCD,-9811.43,654793.84,772966618353473
2026-05-14,ACH DEBIT NEWBERG NUT GROWER CCD,-8257.41,646536.43,878458796935906
2026-05-14,ACH DEBIT TETON VALLEY TROUT CCD,-7104.03,639432.40,884639537446503
2026-05-14,ACH DEBIT PAYETTE VALLEY BEE CCD,-9653.33,629779.07,526207101526388
2026-05-14,ACH DEBIT SNAKE RIVER TROUT  CCD,-8537.41,621241.66,459792076437950
2026-05-14,ACH DEBIT COQUILLE DAIRY COO CCD,-15079.02,606162.64,161955685531469
2026-05-14,ACH DEBIT WILLAMETTE VALLEY  CCD,-15648.52,590514.12,788672985107136
2026-05-14,ACH DEBIT BOARDMAN TREE FRUI CCD,-11420.85,579093.27,570421564707408
2026-05-14,ACH DEBIT HOOD CANAL OYSTER  CCD,-7841.92,571251.35,479317744796021
2026-05-14,ACH DEBIT WALLOWA GRASS-FED  CCD,-5444.25,565807.10,664989668816968
2026-05-14,ACH DEBIT COLUMBIA GORGE ORC CCD,-6768.73,559038.37,624629481907102
2026-05-14,ACH DEBIT PALOUSE LENTIL GRO CCD,-11389.57,547648.80,774209945239825
2026-05-14,ACH DEBIT HERMISTON MELON FA CCD,-8498.19,539150.61,377064592869406
2026-05-15,REMOTE DEPOSIT CAPTURE,21094.10,560244.71,5612
2026-05-15,REMOTE DEPOSIT CAPTURE,20503.00,580747.71,6418
2026-05-15,ACH CREDIT DRIFTWOOD PANTRY PPD,25736.54,606484.25,638182410365696
2026-05-15,CHECK 40362,-12139.04,594345.21,40362
2026-05-15,CHECK 40368,-13795.63,580549.58,40368
2026-05-15,PINNACLE PAYROLL SVCS PAYROLL DD,-163402.32,417147.26,
2026-05-18,REMOTE DEPOSIT CAPTURE,12851.26,429998.52,5375
2026-05-18,REMOTE DEPOSIT CAPTURE,19943.44,449941.96,1421
2026-05-18,REMOTE DEPOSIT CAPTURE,11234.33,461176.29,8766
2026-05-18,ACH CREDIT PIONEER SQUARE P PPD,17506.13,478682.42,189793391757043
2026-05-18,REMOTE DEPOSIT CAPTURE,1657.67,480340.09,2352
2026-05-18,REMOTE DEPOSIT CAPTURE,3237.59,483577.68,8426
2026-05-18,REMOTE DEPOSIT CAPTURE,1057.26,484634.94,5379
2026-05-18,ACH CREDIT UNDERTOW BAKERY PPD,923.62,485558.56,617254279622466
2026-05-18,REMOTE DEPOSIT CAPTURE,22696.96,508255.52,4844
2026-05-18,ACH CREDIT NORTHSTAR DELI PPD,1720.91,509976.43,934167234424410
2026-05-18,REMOTE DEPOSIT CAPTURE,2742.38,512718.81,8394
2026-05-18,ACH CREDIT ALDER STREET MAR PPD,21678.85,534397.66,026246066749194
2026-05-18,ACH CREDIT FOXGLOVE MARKET PPD,25326.00,559723.66,775155808058236
2026-05-18,REMOTE DEPOSIT CAPTURE,19982.18,579705.84,2337
2026-05-18,REMOTE DEPOSIT CAPTURE,2306.03,582011.87,480
2026-05-18,ACH CREDIT KESTREL MARKET H PPD,24760.75,606772.62,605930566558902
2026-05-18,CHECK 40383,-4098.11,602674.51,40383
2026-05-18,CHECK 40385,-7957.95,594716.56,40385
2026-05-18,CHECK 40386,-13508.85,581207.71,40386
2026-05-18,CHECK 40387,-15062.74,566144.97,40387
2026-05-19,REMOTE DEPOSIT CAPTURE,18863.48,585008.45,128
2026-05-19,REMOTE DEPOSIT CAPTURE,2393.66,587402.11,4654
2026-05-19,ACH CREDIT BELMONT NATURAL  PPD,23124.59,610526.70,667507367208533
2026-05-19,REMOTE DEPOSIT CAPTURE,16365.04,626891.74,5668
2026-05-19,CHECK 40374,-5460.05,621431.69,40374
2026-05-19,CHECK 40376,-8539.25,612892.44,40376
2026-05-20,REMOTE DEPOSIT CAPTURE,27823.40,640715.84,8922
2026-05-20,REMOTE DEPOSIT CAPTURE,11085.11,651800.95,3116
2026-05-20,REMOTE DEPOSIT CAPTURE,1647.94,653448.89,3145
2026-05-20,ACH CREDIT ELK ROCK PROVISI PPD,23060.37,676509.26,703363159495188
2026-05-20,REMOTE DEPOSIT CAPTURE,12232.81,688742.07,8046
2026-05-20,ACH CREDIT IRONWOOD GROCERY PPD,20370.14,709112.21,386290327937424
2026-05-20,ACH CREDIT FILBERT & OAK MA PPD,13443.71,722555.92,983827173410058
2026-05-20,REMOTE DEPOSIT CAPTURE,15429.41,737985.33,6162
2026-05-20,CHECK 40384,-29229.82,708755.51,40384
2026-05-20,CHECK 40388,-396.34,708359.17,40388
2026-05-21,ACH CREDIT YAKIMA ORCHARD M PPD,18462.25,726821.42,103988259290839
2026-05-21,ACH CREDIT SAWTOOTH NATURAL PPD,21418.70,748240.12,562583159803739
2026-05-21,ACH CREDIT HAWTHORNE FRESH  PPD,19367.27,767607.39,712421410346950
2026-05-21,CHECK 40375,-1101.63,766505.76,40375
2026-05-21,CHECK 40379,-12014.89,754490.87,40379
2026-05-21,CHECK 40380,-17646.49,736844.38,40380
2026-05-21,CHECK 40382,-12077.04,724767.34,40382
2026-05-21,ACH DEBIT DESCHUTES BREWING  CCD,-5804.56,718962.78,096556679496389
2026-05-21,ACH DEBIT CLEARWATER CREAMER CCD,-8015.55,710947.23,046673568759163
2026-05-21,ACH DEBIT PACIFIC COAST PACK CCD,-2465.12,708482.11,059693285350172
2026-05-21,ACH DEBIT STUMPTOWN OFFICE S CCD,-724.88,707757.23,535222499965068
2026-05-21,ACH DEBIT WILLAMETTE SANITAT CCD,-924.96,706832.27,928054611907959
2026-05-21,ACH DEBIT COWLITZ CREEK FARM CCD,-13097.39,693734.88,890053020403828
2026-05-21,ACH DEBIT COLUMBIA RIVER FRE CCD,-3580.57,690154.31,300345795741710
2026-05-21,ACH DEBIT NOOKSACK BERRY GRO CCD,-10903.87,679250.44,595438646582659
2026-05-21,ACH DEBIT YAKIMA HOP & HERB CCD,-11857.92,667392.52,022950707335200
2026-05-21,ACH DEBIT WALLA WALLA ONION  CCD,-9774.55,657617.97,533956290636018
2026-05-21,ACH DEBIT PACIFIC FLEET FUEL CCD,-3840.59,653777.38,636601951419124
2026-05-21,ACH DEBIT CROWN LINEN & UNIF CCD,-636.27,653141.11,594231861651954
2026-05-21,ACH DEBIT CHEHALIS VALLEY EG CCD,-6086.61,647054.50,969840765463741
2026-05-21,ACH DEBIT NORTHWEST REEFER T CCD,-3243.52,643810.98,070710330408662
2026-05-21,ACH DEBIT SOUND CARTAGE CO. CCD,-1566.48,642244.50,689763224129122
2026-05-21,ACH DEBIT CHINOOK SMOKEHOUSE CCD,-12635.63,629608.87,936019035054466
2026-05-21,ACH DEBIT TREASURE VALLEY TR CCD,-2619.49,626989.38,609701414957734
2026-05-21,ACH DEBIT SIUSLAW CRANBERRY  CCD,-6526.71,620462.67,024799668686294
2026-05-21,ACH DEBIT LUMMI BAY SEAFOOD CCD,-8982.71,611479.96,008593847813747
2026-05-21,ACH DEBIT BITTERROOT BAKEHOU CCD,-14854.58,596625.38,704546916666181
2026-05-21,ACH DEBIT MCKENZIE RIVER MIL CCD,-14502.16,582123.22,166927441578462
2026-05-21,ACH DEBIT NEWBERG NUT GROWER CCD,-5831.45,576291.77,819308317507096
2026-05-21,ACH DEBIT TETON VALLEY TROUT CCD,-5214.88,571076.89,993626406737240
2026-05-21,ACH DEBIT COASTLINE SHREDDIN CCD,-136.24,570940.65,806960509932267
2026-05-21,ACH DEBIT METRO WASTE HAULER CCD,-612.26,570328.39,900049445890034
2026-05-21,ACH DEBIT WILLAMETTE VALLEY  CCD,-15768.53,554559.86,429125865111204
2026-05-21,ACH DEBIT HOOD CANAL OYSTER  CCD,-15014.40,539545.46,775271699169862
2026-05-21,ACH DEBIT WALLOWA GRASS-FED  CCD,-13254.14,526291.32,762752181681619
2026-05-21,ACH DEBIT COLUMBIA GORGE ORC CCD,-7226.87,519064.45,566126944143822
2026-05-21,ACH DEBIT UMPQUA OAT MILL CCD,-15399.43,503665.02,141020477442094
2026-05-21,ACH DEBIT EVERGREEN BOX & FI CCD,-958.68,502706.34,583364311342217
2026-05-22,REMOTE DEPOSIT CAPTURE,28190.20,530896.54,8438
2026-05-22,REMOTE DEPOSIT CAPTURE,27765.59,558662.13,656
2026-05-22,CHECK 40377,-1535.02,557127.11,40377
2026-05-22,CHECK 40378,-4492.42,552634.69,40378
2026-05-22,CHECK 40381,-8453.72,544180.97,40381
2026-05-22,CHECK 40389,-18894.63,525286.34,40389
2026-05-25,REMOTE DEPOSIT CAPTURE,1801.38,527087.72,4119
2026-05-25,ACH CREDIT WHIDBEY HARVEST  PPD,27397.71,554485.43,966821233886718
2026-05-25,ACH CREDIT VASHON ISLAND MA PPD,13833.21,568318.64,572350841759697
2026-05-25,REMOTE DEPOSIT CAPTURE,2686.43,571005.07,1105
2026-05-25,ACH CREDIT URSA NOODLE HOUS PPD,4156.53,575161.60,629080270756975
2026-05-25,ACH CREDIT ROSE CITY MARKET PPD,20075.79,595237.39,759211856338074
2026-05-25,ACH CREDIT ROSE CITY MARKET PPD,11347.62,606585.01,315278679813598
2026-05-25,"INCOMING WIRE ALPENKOST GMBH EUR 7,327.85",8150.77,614735.78,FT7426361733
2026-05-25,REMOTE DEPOSIT CAPTURE,3721.38,618457.16,4017
2026-05-25,ACH CREDIT NORTHSTAR DELI PPD,2763.10,621220.26,678164508864149
2026-05-25,CHECK 40399,-7082.30,614137.96,40399
2026-05-25,FIRST CASCADE LOC INTEREST 5512,-6440.00,607697.96,
2026-05-25,FIRST CASCADE LOC ADVANCE 5512,55000.00,662697.96,
2026-05-26,REMOTE DEPOSIT CAPTURE,16817.71,679515.67,9729
2026-05-26,REMOTE DEPOSIT CAPTURE,17392.47,696908.14,8747
2026-05-26,REMOTE DEPOSIT CAPTURE,1382.00,698290.14,4950
2026-05-26,ACH CREDIT MADRONA FOOD CO- PPD,19930.89,718221.03,472436832794037
2026-05-26,ACH CREDIT DOVETAIL TAPROOM PPD,2773.82,720994.85,715740434758940
2026-05-26,ACH CREDIT DESCHUTES FOOD H PPD,27663.47,748658.32,926830647693818
2026-05-26,CHECK 40395,-7948.69,740709.63,40395
2026-05-26,CHECK 40397,-2402.66,738306.97,40397
2026-05-27,ACH CREDIT GORGE VALLEY CO- PPD,16168.35,754475.32,883697504107861
2026-05-27,REMOTE DEPOSIT CAPTURE,11531.93,766007.25,9857
2026-05-27,REMOTE DEPOSIT CAPTURE,4153.48,770160.73,567
2026-05-27,CHECK 40391,-3101.57,767059.16,40391
2026-05-27,CHECK 40392,-8252.94,758806.22,40392
2026-05-27,CHECK 40393,-8765.02,750041.20,40393
2026-05-27,CHECK 40396,-6627.11,743414.09,40396
2026-05-27,CHECK 40398,-22653.09,720761.00,40398
2026-05-28,REMOTE DEPOSIT CAPTURE,1590.75,722351.75,5218
2026-05-28,REMOTE DEPOSIT CAPTURE,4108.83,726460.58,604
2026-05-28,REMOTE DEPOSIT CAPTURE,1242.54,727703.12,849
2026-05-28,CHECK 40390,-6271.83,721431.29,40390
2026-05-28,ACH DEBIT CLEARWATER CREAMER CCD,-5413.45,716017.84,289383103501197
2026-05-28,ACH DEBIT PACIFIC COAST PACK CCD,-8344.23,707673.61,991203982970539
2026-05-28,ACH DEBIT TALENT BRIDGE STAF CCD,-5466.16,702207.45,897801450286579
2026-05-28,ACH DEBIT RIDGELINE EXPRESS CCD,-2540.10,699667.35,961851774764740
2026-05-28,ACH DEBIT PUGET SOUND SHELLF CCD,-13936.59,685730.76,441500951178767
2026-05-28,ACH DEBIT ROGUE VALLEY CHEES CCD,-23994.41,661736.35,477306786155698
2026-05-28,ACH DEBIT MT. HOOD BERRY FAR CCD,-9191.46,652544.89,899190050596059
2026-05-28,ACH DEBIT COWLITZ CREEK FARM CCD,-10148.43,642396.46,314157190084183
2026-05-28,ACH DEBIT COLUMBIA RIVER FRE CCD,-3667.44,638729.02,524897524978995
2026-05-28,ACH DEBIT CLOUDLEDGER SOFTWA CCD,-618.45,638110.57,299536335271312
2026-05-28,ACH DEBIT WALLA WALLA ONION  CCD,-7745.91,630364.66,205296082862681
2026-05-28,ACH DEBIT BRIGHTLINE JANITOR CCD,-1633.64,628731.02,387206882773379
2026-05-28,ACH DEBIT PACIFIC FLEET FUEL CCD,-4113.37,624617.65,974168404136346
2026-05-28,ACH DEBIT NORTHWEST REEFER T CCD,-3153.35,621464.30,480592411165001
2026-05-28,ACH DEBIT METHOW VALLEY APPL CCD,-4226.91,617237.39,600191315285872
2026-05-28,ACH DEBIT SOUND CARTAGE CO. CCD,-1267.08,615970.31,008024545295180
2026-05-28,ACH DEBIT PORTLAND GENERAL U CCD,-1368.12,614602.19,086212502070453
2026-05-28,ACH DEBIT TREASURE VALLEY TR CCD,-1732.00,612870.19,136683254244356
2026-05-28,ACH DEBIT LUMMI BAY SEAFOOD CCD,-9415.75,603454.44,732778682156043
2026-05-28,ACH DEBIT NEWBERG NUT GROWER CCD,-7966.20,595488.24,046377466766373
2026-05-28,ACH DEBIT PAYETTE VALLEY BEE CCD,-14424.44,581063.80,447698134902313
2026-05-28,ACH DEBIT SNAKE RIVER TROUT  CCD,-10490.86,570572.94,783202093101985
2026-05-28,ACH DEBIT COQUILLE DAIRY COO CCD,-4864.59,565708.35,913517571871153
2026-05-28,ACH DEBIT COLUMBIA BASIN WAT CCD,-506.02,565202.33,063654357618891
2026-05-28,ACH DEBIT WILLAMETTE VALLEY  CCD,-5709.07,559493.26,853126825850833
2026-05-28,ACH DEBIT BOARDMAN TREE FRUI CCD,-11199.12,548294.14,614169960800882
2026-05-28,ACH DEBIT WALLOWA GRASS-FED  CCD,-9252.75,539041.39,691870805243502
2026-05-28,ACH DEBIT PALOUSE LENTIL GRO CCD,-7406.71,531634.68,773151071935021
2026-05-28,ACH DEBIT HERMISTON MELON FA CCD,-12580.23,519054.45,714232646763690
2026-05-28,ACH DEBIT UMPQUA OAT MILL CCD,-11645.56,507408.89,821687488422906
2026-05-28,ACH DEBIT EVERGREEN BOX & FI CCD,-1636.61,505772.28,649334110433144
2026-05-29,ACH CREDIT JUNIPER HILL FOO PPD,19283.56,525055.84,291192666959616
2026-05-29,REMOTE DEPOSIT CAPTURE,18941.65,543997.49,3831
2026-05-29,ACH CREDIT HARBOR TAVERN PPD,3543.02,547540.51,958320820857503
2026-05-29,ACH CREDIT IRONWOOD GROCERY PPD,22890.38,570430.89,354698451815157
2026-05-29,REMOTE DEPOSIT CAPTURE,15171.11,585602.00,3408
2026-05-29,REMOTE DEPOSIT CAPTURE,3122.04,588724.04,3184
2026-05-29,CHECK 40394,-2536.94,586187.10,40394
2026-05-29,CHECK 40400,-4463.35,581723.75,40400
2026-05-29,CHECK 40401,-12936.32,568787.43,40401
2026-05-29,PINNACLE PAYROLL SVCS PAYROLL DD,-144812.74,423974.69,
2026-05-29,MONTHLY MAINTENANCE FEE,-45.00,423929.69,
2026-06-01,ACH CREDIT YAKIMA ORCHARD M PPD,18576.68,442506.37,418972114517563
2026-06-01,ACH CREDIT JUNIPER HILL FOO PPD,23151.10,465657.47,985097553190069
2026-06-01,ACH CREDIT RIVERBEND NATURA PPD,17160.80,482818.27,795014779159430
2026-06-01,ACH CREDIT COPPERLEAF BRASS PPD,2419.30,485237.57,648575505912756
2026-06-01,ACH CREDIT JETTY TAVERN PPD,3912.16,489149.73,102091101637788
2026-06-01,REMOTE DEPOSIT CAPTURE,3656.75,492806.48,9883
2026-06-01,ACH CREDIT ELK ROCK PROVISI PPD,15561.80,508368.28,069468162774709
2026-06-01,REMOTE DEPOSIT CAPTURE,2857.85,511226.13,1464
2026-06-01,REMOTE DEPOSIT CAPTURE,1257.86,512483.99,7160
2026-06-01,REMOTE DEPOSIT CAPTURE,1061.20,513545.19,3247
2026-06-01,REMOTE DEPOSIT CAPTURE,11669.94,525215.13,2567
2026-06-01,ACH CREDIT MOSSY ROCK TAPRO PPD,3303.68,528518.81,936561580634704
2026-06-01,REMOTE DEPOSIT CAPTURE,886.82,529405.63,8095
2026-06-01,REMOTE DEPOSIT CAPTURE,23763.98,553169.61,3219
2026-06-01,CHECK 40402,-3636.55,549533.06,40402
2026-06-01,CHECK 40406,-12199.55,537333.51,40406
2026-06-01,CHECK 40409,-13792.02,523541.49,40409
2026-06-01,CHECK 40416,-10672.22,512869.27,40416
2026-06-01,ACH DEBIT GOWEN FIELD COMMER CCD,-4875.00,507994.27,450954997655381
2026-06-01,ACH DEBIT LOMBARD STREET PRO CCD,-8500.00,499494.27,546848730809585
2026-06-01,ACH DEBIT DUWAMISH INDUSTRIA CCD,-6420.00,493074.27,177882785815930
2026-06-02,REMOTE DEPOSIT CAPTURE,18129.90,511204.17,5499
2026-06-02,ACH CREDIT OWYHEE MERCANTIL PPD,11841.17,523045.34,893532723511260
2026-06-02,REMOTE DEPOSIT CAPTURE,1380.29,524425.63,9983
2026-06-02,REMOTE DEPOSIT CAPTURE,27288.71,551714.34,8936
2026-06-02,ACH CREDIT JACKDAW KITCHEN PPD,1845.46,553559.80,886295266914985
2026-06-02,ACH CREDIT FABLE KITCHEN PPD,1097.79,554657.59,479492796979917
2026-06-02,ACH CREDIT DESCHUTES FOOD H PPD,20961.68,575619.27,275186016123617
2026-06-03,REMOTE DEPOSIT CAPTURE,22530.25,598149.52,7129
2026-06-03,ACH CREDIT FIDDLEHEAD TAPRO PPD,1054.79,599204.31,843356286576823
2026-06-03,REMOTE DEPOSIT CAPTURE,4358.78,603563.09,5961
2026-06-03,ACH CREDIT MOUNTAIN GROCERS PPD,20934.01,624497.10,986627336012850
2026-06-03,ACH CREDIT BELMONT NATURAL  PPD,24333.93,648831.03,319170172645913
2026-06-03,REMOTE DEPOSIT CAPTURE,27416.86,676247.89,8739
2026-06-03,CHECK 40411,-9935.59,666312.30,40411
2026-06-04,ACH CREDIT PIONEER SQUARE P PPD,12457.16,678769.46,222394788100580
2026-06-04,REMOTE DEPOSIT CAPTURE,21254.91,700024.37,5846
2026-06-04,ACH CREDIT GORGE VALLEY CO- PPD,28781.20,728805.57,958316420574349
2026-06-04,ACH CREDIT HAWTHORNE FRESH  PPD,16630.88,745436.45,502925534188432
2026-06-04,CHECK 40404,-5580.57,739855.88,40404
2026-06-04,CHECK 40405,-3301.71,736554.17,40405
2026-06-04,CHECK 40407,-10499.53,726054.64,40407
2026-06-04,CHECK 40408,-22826.01,703228.63,40408
2026-06-04,CHECK 40414,-12809.97,690418.66,40414
2026-06-04,ACH DEBIT DESCHUTES BREWING  CCD,-15728.50,674690.16,910560310779791
2026-06-04,ACH DEBIT CLEARWATER CREAMER CCD,-12479.87,662210.29,286776555000035
2026-06-04,ACH DEBIT PACIFIC COAST PACK CCD,-8501.69,653708.60,539504438725805
2026-06-04,ACH DEBIT RIDGELINE EXPRESS CCD,-1897.71,651810.89,797440230449822
2026-06-04,ACH DEBIT PUGET SOUND SHELLF CCD,-10063.50,641747.39,852520107740513
2026-06-04,ACH DEBIT MT. HOOD BERRY FAR CCD,-15468.09,626279.30,861752881414958
2026-06-04,ACH DEBIT COWLITZ CREEK FARM CCD,-15046.29,611233.01,961617910590348
2026-06-04,ACH DEBIT COLUMBIA RIVER FRE CCD,-3160.71,608072.30,156886913547766
2026-06-04,ACH DEBIT NOOKSACK BERRY GRO CCD,-22363.51,585708.79,743955909047640
2026-06-04,ACH DEBIT WALLA WALLA ONION  CCD,-4673.76,581035.03,216473694056103
2026-06-04,ACH DEBIT PACIFIC FLEET FUEL CCD,-4537.45,576497.58,623936829487920
2026-06-04,ACH DEBIT SALEM PALLET RECYC CCD,-902.23,575595.35,938051080065724
2026-06-04,ACH DEBIT CROWN LINEN & UNIF CCD,-573.08,575022.27,102691043871216
2026-06-04,ACH DEBIT MILL CREEK TEMP CO CCD,-1530.31,573491.96,107271377094048
2026-06-04,ACH DEBIT CHEHALIS VALLEY EG CCD,-5000.91,568491.05,719431500568399
2026-06-04,ACH DEBIT EMERALD CITY COLD  CCD,-3889.37,564601.68,378122032985553
2026-06-04,ACH DEBIT NORTHWEST REEFER T CCD,-1584.11,563017.57,543380451767801
2026-06-04,ACH DEBIT METHOW VALLEY APPL CCD,-12875.57,550142.00,964786550782052
2026-06-04,ACH DEBIT SOUND CARTAGE CO. CCD,-919.92,549222.08,343279324466912
2026-06-04,ACH DEBIT PINNACLE PAYROLL S CCD,-413.64,548808.44,164368245649394
2026-06-04,ACH DEBIT CHINOOK SMOKEHOUSE CCD,-9481.42,539327.02,522163204425257
2026-06-04,ACH DEBIT TREASURE VALLEY TR CCD,-2857.24,536469.78,444115041869208
2026-06-04,ACH DEBIT SIUSLAW CRANBERRY  CCD,-6348.26,530121.52,409406181272293
2026-06-04,ACH DEBIT BITTERROOT BAKEHOU CCD,-6574.76,523546.76,623757834558799
2026-06-04,ACH DEBIT MCKENZIE RIVER MIL CCD,-24238.62,499308.14,043491562705969
2026-06-04,ACH DEBIT TETON VALLEY TROUT CCD,-13746.10,485562.04,326516642041299
2026-06-04,ACH DEBIT PAYETTE VALLEY BEE CCD,-8829.27,476732.77,971183223697293
2026-06-04,ACH DEBIT HOOD CANAL OYSTER  CCD,-5331.16,471401.61,197812573721211
2026-06-04,ACH DEBIT COLUMBIA GORGE ORC CCD,-13388.69,458012.92,311098304874419
2026-06-04,ACH DEBIT PALOUSE LENTIL GRO CCD,-11289.60,446723.32,327640466915417
2026-06-05,ACH CREDIT SEXTANT BAKERY PPD,2679.89,449403.21,599386902722139
2026-06-05,ACH CREDIT VASHON ISLAND MA PPD,25624.04,475027.25,150179851967037
2026-06-05,REMOTE DEPOSIT CAPTURE,3734.50,478761.75,5402
2026-06-05,CHECK 40403,-1296.57,477465.18,40403
2026-06-05,CHECK 40410,-3842.73,473622.45,40410
2026-06-05,CHECK 40412,-13350.88,460271.57,40412
2026-06-05,CHECK 40413,-3127.02,457144.55,40413
2026-06-05,CHECK 40415,-14537.59,442606.96,40415
2026-06-08,REMOTE DEPOSIT CAPTURE,1543.66,444150.62,1563
2026-06-08,REMOTE DEPOSIT CAPTURE,16976.57,461127.19,5672
2026-06-08,REMOTE DEPOSIT CAPTURE,20321.06,481448.25,7252
2026-06-08,ACH CREDIT COPPERLEAF BRASS PPD,1313.11,482761.36,079400333238850
2026-06-08,REMOTE DEPOSIT CAPTURE,12709.79,495471.15,6203
2026-06-08,ACH CREDIT SAWTOOTH NATURAL PPD,27667.04,523138.19,596568511171236
2026-06-08,ACH CREDIT DRIFTLESS TAVERN PPD,1605.23,524743.42,535562052369899
2026-06-08,REMOTE DEPOSIT CAPTURE,16103.12,540846.54,5268
2026-06-08,"INCOMING WIRE ALPENKOST GMBH EUR 11,797.50",13123.54,553970.08,FT4360661155
2026-06-08,REMOTE DEPOSIT CAPTURE,1959.05,555929.13,8983
2026-06-08,ACH CREDIT IRONWOOD GROCERY PPD,27862.97,583792.10,897084224542717
2026-06-08,REMOTE DEPOSIT CAPTURE,28699.93,612492.03,1079
2026-06-08,ACH CREDIT UMPQUA VALLEY FO PPD,23618.51,636110.54,608086000267861
2026-06-08,ACH CREDIT UMPQUA VALLEY FO PPD,21442.19,657552.73,695709345388236
2026-06-08,ACH CREDIT DRIFTWOOD PANTRY PPD,24075.51,681628.24,806429631392395
2026-06-08,REMOTE DEPOSIT CAPTURE,28289.15,709917.39,7641
2026-06-08,ACH CREDIT KESTREL MARKET H PPD,16885.78,726803.17,500586165043573
2026-06-08,CHECK 40421,-9380.31,717422.86,40421
2026-06-08,CHECK 40427,-10975.92,706446.94,40427
2026-06-08,CHECK 40429,-353.44,706093.50,40429
2026-06-09,REMOTE DEPOSIT CAPTURE,26118.37,732211.87,9871
2026-06-09,ACH CREDIT RIVERBEND NATURA PPD,21244.66,753456.53,471798352467333
2026-06-09,REMOTE DEPOSIT CAPTURE,2465.06,755921.59,3123
2026-06-09,ACH CREDIT MADRONA FOOD CO- PPD,23497.02,779418.61,314671345784324
2026-06-09,REMOTE DEPOSIT CAPTURE,18329.69,797748.30,3261
2026-06-09,REMOTE DEPOSIT CAPTURE,2897.47,800645.77,7950
2026-06-09,ACH CREDIT FILBERT & OAK MA PPD,15064.82,815710.59,873114898949991
2026-06-09,CHECK 40418,-4545.26,811165.33,40418
2026-06-10,"INCOMING WIRE ALPENKOST GMBH EUR 11,200.00",12454.40,823619.73,FT9724694457
2026-06-10,CHECK 40423,-26060.37,797559.36,40423
2026-06-10,CHECK 40425,-9164.22,788395.14,40425
2026-06-10,CHECK 40430,-10935.64,777459.50,40430
2026-06-10,FIRST CASCADE LOAN PMT 7719,-6192.82,771266.68,
2026-06-11,REMOTE DEPOSIT CAPTURE,1904.20,773170.88,9129
2026-06-11,ACH CREDIT FOXGLOVE MARKET PPD,15132.48,788303.36,978061774077151
2026-06-11,ACH CREDIT KETTLE BISTRO PPD,2256.57,790559.93,893327893928772
2026-06-11,CHECK 40417,-7526.91,783033.02,40417
2026-06-11,CHECK 40420,-10471.35,772561.67,40420
2026-06-11,ACH DEBIT RIDGEWIRE TELECOM CCD,-1332.61,771229.06,630068624740659
2026-06-11,ACH DEBIT PACIFIC COAST PACK CCD,-8821.86,762407.20,625016234626331
2026-06-11,ACH DEBIT TALENT BRIDGE STAF CCD,-4630.25,757776.95,415373173102022
2026-06-11,ACH DEBIT RIDGELINE EXPRESS CCD,-2583.19,755193.76,389750215047078
2026-06-11,ACH DEBIT PUGET SOUND SHELLF CCD,-14771.99,740421.77,627633910180006
2026-06-11,ACH DEBIT YAKIMA HOP & HERB CCD,-8317.79,732103.98,558431618546624
2026-06-11,ACH DEBIT PACIFIC FLEET FUEL CCD,-3749.50,728354.48,253583849748998
2026-06-11,ACH DEBIT SALEM PALLET RECYC CCD,-495.56,727858.92,727054673041076
2026-06-11,ACH DEBIT CHEHALIS VALLEY EG CCD,-5845.44,722013.48,635076505823135
2026-06-11,ACH DEBIT NORTHGATE IT PARTN CCD,-2346.30,719667.18,148290936419867
2026-06-11,ACH DEBIT TREASURE VALLEY TR CCD,-2540.74,717126.44,808463722652163
2026-06-11,ACH DEBIT LUMMI BAY SEAFOOD CCD,-13765.82,703360.62,019934196720121
2026-06-11,ACH DEBIT MCKENZIE RIVER MIL CCD,-10320.01,693040.61,484245717540666
2026-06-11,ACH DEBIT NEWBERG NUT GROWER CCD,-6319.13,686721.48,445411287531220
2026-06-11,ACH DEBIT PORTLAND FLEET WAS CCD,-353.27,686368.21,325707120233140
2026-06-11,ACH DEBIT PAYETTE VALLEY BEE CCD,-6608.61,679759.60,434594670399676
2026-06-11,ACH DEBIT SNAKE RIVER TROUT  CCD,-6969.39,672790.21,099684562324446
2026-06-11,ACH DEBIT COQUILLE DAIRY COO CCD,-4635.42,668154.79,995300841411288
2026-06-11,ACH DEBIT WILLAMETTE VALLEY  CCD,-13271.17,654883.62,846388297964118
2026-06-11,ACH DEBIT BOARDMAN TREE FRUI CCD,-14439.46,640444.16,914045139259292
2026-06-11,ACH DEBIT HOOD CANAL OYSTER  CCD,-5677.92,634766.24,612692084776191
2026-06-11,ACH DEBIT WALLOWA GRASS-FED  CCD,-14143.18,620623.06,295866467339099
2026-06-11,ACH DEBIT COLUMBIA GORGE ORC CCD,-13743.03,606880.03,122922152720707
2026-06-11,ACH DEBIT PALOUSE LENTIL GRO CCD,-8260.16,598619.87,371208985123908
2026-06-11,ACH DEBIT UMPQUA OAT MILL CCD,-10065.31,588554.56,594734266470787
2026-06-12,ACH CREDIT WHIDBEY HARVEST  PPD,20659.14,609213.70,719385220664290
2026-06-12,REMOTE DEPOSIT CAPTURE,3350.58,612564.28,5371
2026-06-12,ACH CREDIT ROSE CITY MARKET PPD,13435.52,625999.80,632884063354200
2026-06-12,REMOTE DEPOSIT CAPTURE,2839.66,628839.46,2486
2026-06-12,ACH CREDIT DRIFTWOOD PANTRY PPD,17186.20,646025.66,961880979789823
2026-06-12,CHECK 40419,-6151.49,639874.17,40419
2026-06-12,CHECK 40422,-13024.84,626849.33,40422
2026-06-12,CHECK 40424,-6560.57,620288.76,40424
2026-06-12,CHECK 40426,-2177.75,618111.01,40426
2026-06-12,CHECK 40428,-10339.47,607771.54,40428
2026-06-12,CHECK 40431,-11056.63,596714.91,40431
2026-06-15,ACH CREDIT YAKIMA ORCHARD M PPD,26561.22,623276.13,601936035631394
2026-06-15,ACH CREDIT OWYHEE MERCANTIL PPD,12643.50,635919.63,486642916322718
2026-06-15,ACH CREDIT GORGE VALLEY CO- PPD,18162.80,654082.43,669714658787526
2026-06-15,ACH CREDIT ELK ROCK PROVISI PPD,22610.78,676693.21,991028034199431
2026-06-15,REMOTE DEPOSIT CAPTURE,20558.54,697251.75,2384
2026-06-15,REMOTE DEPOSIT CAPTURE,1250.06,698501.81,8044
2026-06-15,ACH CREDIT ALDER STREET MAR PPD,24653.89,723155.70,666170980001820
2026-06-15,REMOTE DEPOSIT CAPTURE,1980.94,725136.64,9632
2026-06-15,ACH CREDIT MARROW BRASSERIE PPD,3740.30,728876.94,875432325040984
2026-06-15,REMOTE DEPOSIT CAPTURE,20252.27,749129.21,7222
2026-06-15,REMOTE DEPOSIT CAPTURE,28174.62,777303.83,2687
2026-06-15,REMOTE DEPOSIT CAPTURE,22305.54,799609.37,1719
2026-06-15,ACH CREDIT DESCHUTES FOOD H PPD,21125.60,820734.97,912401143339670
2026-06-15,PINNACLE PAYROLL SVCS PAYROLL DD,-161500.90,659234.07,
2026-06-16,REMOTE DEPOSIT CAPTURE,19959.39,679193.46,6314
2026-06-16,REMOTE DEPOSIT CAPTURE,1210.27,680403.73,8462
2026-06-16,REMOTE DEPOSIT CAPTURE,4058.81,684462.54,2353
2026-06-16,ACH CREDIT UPROOT CAFE PPD,1252.80,685715.34,050937674348507
2026-06-16,CHECK 40433,-15662.83,670052.51,40433
2026-06-16,CHECK 40436,-9047.07,661005.44,40436
2026-06-16,CHECK 40437,-25879.50,635125.94,40437
2026-06-16,CHECK 40443,-28004.94,607121.00,40443
2026-06-16,CHECK 40444,-8031.05,599089.95,40444
2026-06-16,CHECK 40445,-7912.47,591177.48,40445
2026-06-17,REMOTE DEPOSIT CAPTURE,1531.54,592709.02,4630
2026-06-17,ACH CREDIT VASHON ISLAND MA PPD,11293.13,604002.15,403708393381563
2026-06-17,REMOTE DEPOSIT CAPTURE,2123.77,606125.92,3403
2026-06-17,ACH CREDIT FILBERT & OAK MA PPD,28835.76,634961.68,527760294931148
2026-06-17,CHECK 40440,-10186.40,624775.28,40440
2026-06-18,REMOTE DEPOSIT CAPTURE,1493.36,626268.64,5062
2026-06-18,REMOTE DEPOSIT CAPTURE,19811.31,646079.95,5086
2026-06-18,ACH CREDIT MADRONA FOOD CO- PPD,14671.41,660751.36,433580481800399
2026-06-18,REMOTE DEPOSIT CAPTURE,2919.02,663670.38,7238
2026-06-18,ACH CREDIT WREN NOODLE HOUS PPD,2313.25,665983.63,058750593555291
2026-06-18,REMOTE DEPOSIT CAPTURE,2297.20,668280.83,5122
2026-06-18,CHECK 40434,-13787.42,654493.41,40434
2026-06-18,CHECK 40438,-14005.76,640487.65,40438
2026-06-18,CHECK 40442,-12565.98,627921.67,40442
2026-06-18,CHECK 40446,-11450.66,616471.01,40446
2026-06-18,ACH DEBIT DESCHUTES BREWING  CCD,-6681.20,609789.81,507732452210964
2026-06-18,ACH DEBIT CLEARWATER CREAMER CCD,-7953.64,601836.17,604286905553496
2026-06-18,ACH DEBIT PACIFIC COAST PACK CCD,-6806.53,595029.64,713394504197182
2026-06-18,ACH DEBIT STUMPTOWN OFFICE S CCD,-834.41,594195.23,895667936133666
2026-06-18,ACH DEBIT RIDGELINE EXPRESS CCD,-655.62,593539.61,658686827370967
2026-06-18,ACH DEBIT ROGUE VALLEY CHEES CCD,-4280.62,589258.99,750356840789726
2026-06-18,ACH DEBIT MT. HOOD BERRY FAR CCD,-4420.68,584838.31,016943140416244
2026-06-18,ACH DEBIT COWLITZ CREEK FARM CCD,-5901.59,578936.72,444143832869268
2026-06-18,ACH DEBIT COLUMBIA RIVER FRE CCD,-2808.04,576128.68,561612313790963
2026-06-18,ACH DEBIT NOOKSACK BERRY GRO CCD,-15082.37,561046.31,832230418902662
2026-06-18,ACH DEBIT YAKIMA HOP & HERB CCD,-4130.56,556915.75,197297902931747
2026-06-18,ACH DEBIT WALLA WALLA ONION  CCD,-4607.32,552308.43,823453535885577
2026-06-18,ACH DEBIT PACIFIC FLEET FUEL CCD,-3525.30,548783.13,541603386747132
2026-06-18,ACH DEBIT CROWN LINEN & UNIF CCD,-457.67,548325.46,508196417497090
2026-06-18,ACH DEBIT NORTHWEST REEFER T CCD,-3146.91,545178.55,374368678430789
2026-06-18,ACH DEBIT METHOW VALLEY APPL CCD,-10894.12,534284.43,109615495989130
2026-06-18,ACH DEBIT SOUND CARTAGE CO. CCD,-1019.45,533264.98,040215140340558
2026-06-18,ACH DEBIT CHINOOK SMOKEHOUSE CCD,-8544.26,524720.72,217615703840321
2026-06-18,ACH DEBIT SIUSLAW CRANBERRY  CCD,-11089.87,513630.85,001886673016533
2026-06-18,ACH DEBIT BITTERROOT BAKEHOU CCD,-8659.68,504971.17,207079253803456
2026-06-18,ACH DEBIT NEWBERG NUT GROWER CCD,-7708.43,497262.74,435716820702821
2026-06-18,ACH DEBIT TETON VALLEY TROUT CCD,-15999.45,481263.29,725627981172738
2026-06-18,ACH DEBIT PAYETTE VALLEY BEE CCD,-7860.69,473402.60,720294652136218
2026-06-18,ACH DEBIT SNAKE RIVER TROUT  CCD,-11477.72,461924.88,387613681161855
2026-06-18,ACH DEBIT COASTLINE SHREDDIN CCD,-198.42,461726.46,336768116649243
2026-06-18,ACH DEBIT METRO WASTE HAULER CCD,-674.53,461051.93,136078028107292
2026-06-18,ACH DEBIT BOARDMAN TREE FRUI CCD,-14033.39,447018.54,428980271609298
2026-06-18,ACH DEBIT WALLOWA GRASS-FED  CCD,-12767.15,434251.39,022002976488789
2026-06-18,ACH DEBIT HERMISTON MELON FA CCD,-5994.48,428256.91,977154879512019
2026-06-19,ACH CREDIT FLINT NOODLE HOU PPD,1224.29,429481.20,100630370530751
2026-06-19,REMOTE DEPOSIT CAPTURE,2691.10,432172.30,9661
2026-06-19,ACH CREDIT PIONEER SQUARE P PPD,19562.32,451734.62,896055449522905
2026-06-19,ACH CREDIT DUNE CANTINA PPD,1300.26,453034.88,250222721915085
2026-06-19,ACH CREDIT HAWTHORNE FRESH  PPD,15803.46,468838.34,604105328992396
2026-06-19,REMOTE DEPOSIT CAPTURE,27723.37,496561.71,632
2026-06-19,CHECK 40432,-14568.03,481993.68,40432
2026-06-19,CHECK 40435,-7313.68,474680.00,40435
2026-06-19,CHECK 40439,-9118.15,465561.85,40439
2026-06-19,CHECK 40441,-2419.03,463142.82,40441
2026-06-22,REMOTE DEPOSIT CAPTURE,28529.53,491672.35,6164
2026-06-22,REMOTE DEPOSIT CAPTURE,3860.48,495532.83,9001
2026-06-22,REMOTE DEPOSIT CAPTURE,23793.90,519326.73,6282
2026-06-22,ACH CREDIT CINDER KITCHEN PPD,1090.92,520417.65,718730896990057
2026-06-22,ACH CREDIT SAWTOOTH NATURAL PPD,22563.75,542981.40,878147709841159
2026-06-22,REMOTE DEPOSIT CAPTURE,21350.24,564331.64,3148
2026-06-22,ACH CREDIT MOUNTAIN GROCERS PPD,27683.39,592015.03,539681074281854
2026-06-22,ACH CREDIT YEW GRILL PPD,2330.34,594345.37,567410393671823
2026-06-22,REMOTE DEPOSIT CAPTURE,13143.63,607489.00,1603
2026-06-22,REMOTE DEPOSIT CAPTURE,1278.68,608767.68,5947
2026-06-22,ACH CREDIT BELMONT NATURAL  PPD,28696.12,637463.80,242358204567424
2026-06-22,ACH CREDIT KESTREL MARKET H PPD,28887.05,666350.85,019172958483576
2026-06-22,CHECK 40447,-3878.96,662471.89,40447
2026-06-22,CHECK 40448,-4698.25,657773.64,40448
2026-06-22,CHECK 40449,-9276.98,648496.66,40449
2026-06-22,CHECK 40457,-7439.74,641056.92,40457
2026-06-22,CHECK 40459,-7744.55,633312.37,40459
2026-06-23,ACH CREDIT JUNIPER HILL FOO PPD,24456.30,657768.67,455190532729958
2026-06-23,REMOTE DEPOSIT CAPTURE,1598.76,659367.43,4619
2026-06-23,CHECK 40452,-7262.05,652105.38,40452
2026-06-23,CHECK 40456,-6223.32,645882.06,40456
2026-06-24,ACH CREDIT OWYHEE MERCANTIL PPD,27039.23,672921.29,544128531132642
2026-06-24,ACH CREDIT ALDER STREET MAR PPD,14637.74,687559.03,525234405384061
2026-06-24,ACH CREDIT SALT MARSH KITCH PPD,1512.55,689071.58,378193260700682
2026-06-24,CHECK 40450,-10175.35,678896.23,40450
2026-06-24,CHECK 40453,-6209.08,672687.15,40453
2026-06-25,REMOTE DEPOSIT CAPTURE,15227.16,687914.31,2788
2026-06-25,REMOTE DEPOSIT CAPTURE,27227.05,715141.36,5641
2026-06-25,ACH CREDIT WHIDBEY HARVEST  PPD,22439.91,737581.27,776498984581525
2026-06-25,ACH CREDIT ROSE CITY MARKET PPD,15399.28,752980.55,175003628882318
2026-06-25,ACH CREDIT FOXGLOVE MARKET PPD,28704.76,781685.31,369340995782601
2026-06-25,ACH CREDIT MOUNTAIN GROCERS PPD,25980.47,807665.78,567558586965571
2026-06-25,CHECK 40454,-4292.71,803373.07,40454
2026-06-25,CHECK 40455,-13301.61,790071.46,40455
2026-06-25,CHECK 40461,-3910.79,786160.67,40461
2026-06-25,ACH DEBIT DESCHUTES BREWING  CCD,-6966.26,779194.41,014273774516887
2026-06-25,ACH DEBIT CLEARWATER CREAMER CCD,-16456.84,762737.57,108489857572206
2026-06-25,ACH DEBIT PACIFIC COAST PACK CCD,-5761.60,756975.97,298192191427810
2026-06-25,ACH DEBIT WILLAMETTE SANITAT CCD,-965.74,756010.23,534307990505599
2026-06-25,ACH DEBIT PUGET SOUND SHELLF CCD,-14540.07,741470.16,633785237232893
2026-06-25,ACH DEBIT ROGUE VALLEY CHEES CCD,-4616.74,736853.42,470732976997818
2026-06-25,ACH DEBIT MT. HOOD BERRY FAR CCD,-12129.35,724724.07,468881042170905
2026-06-25,ACH DEBIT COLUMBIA RIVER FRE CCD,-3921.37,720802.70,692647985747895
2026-06-25,ACH DEBIT NOOKSACK BERRY GRO CCD,-10888.78,709913.92,317019015085708
2026-06-25,ACH DEBIT YAKIMA HOP & HERB CCD,-11221.10,698692.82,010230895025829
2026-06-25,ACH DEBIT WALLA WALLA ONION  CCD,-4394.54,694298.28,585408035075104
2026-06-25,ACH DEBIT PACIFIC FLEET FUEL CCD,-2079.69,692218.59,267671591893427
2026-06-25,ACH DEBIT BEAVERTON FORKLIFT CCD,-2313.60,689904.99,879704217523689
2026-06-25,ACH DEBIT CHEHALIS VALLEY EG CCD,-10317.16,679587.83,916394959644192
2026-06-25,ACH DEBIT NORTHWEST REEFER T CCD,-4397.12,675190.71,067847786521558
2026-06-25,ACH DEBIT SOUND CARTAGE CO. CCD,-2488.35,672702.36,004244573322663
2026-06-25,ACH DEBIT TREASURE VALLEY TR CCD,-4761.07,667941.29,760605029062365
2026-06-25,ACH DEBIT SIUSLAW CRANBERRY  CCD,-7876.22,660065.07,323511302289470
2026-06-25,ACH DEBIT BITTERROOT BAKEHOU CCD,-10145.21,649919.86,130631330928008
2026-06-25,ACH DEBIT MCKENZIE RIVER MIL CCD,-8285.87,641633.99,541477131511189
2026-06-25,ACH DEBIT NEWBERG NUT GROWER CCD,-6721.11,634912.88,410674909411951
2026-06-25,ACH DEBIT PAYETTE VALLEY BEE CCD,-6237.04,628675.84,854315293756372
2026-06-25,ACH DEBIT COQUILLE DAIRY COO CCD,-25946.48,602729.36,077194499603898
2026-06-25,ACH DEBIT COLUMBIA BASIN WAT CCD,-567.63,602161.73,894467632714411
2026-06-25,ACH DEBIT WILLAMETTE VALLEY  CCD,-11070.23,591091.50,601423646422650
2026-06-25,ACH DEBIT HOOD CANAL OYSTER  CCD,-5314.56,585776.94,067538680726736
2026-06-25,ACH DEBIT COLUMBIA GORGE ORC CCD,-20716.38,565060.56,002493116685737
2026-06-25,ACH DEBIT PALOUSE LENTIL GRO CCD,-8950.14,556110.42,212442092863210
2026-06-25,ACH DEBIT HERMISTON MELON FA CCD,-5753.31,550357.11,717337949841344
2026-06-25,ACH DEBIT UMPQUA OAT MILL CCD,-8006.23,542350.88,855784009470522
2026-06-25,ACH DEBIT EVERGREEN BOX & FI CCD,-3313.95,539036.93,619895815318385
2026-06-25,FIRST CASCADE LOC INTEREST 5512,-6756.25,532280.68,
2026-06-25,FIRST CASCADE LOC ADVANCE 5512,55000.00,587280.68,
2026-06-26,REMOTE DEPOSIT CAPTURE,12547.03,599827.71,3686
2026-06-26,REMOTE DEPOSIT CAPTURE,4030.30,603858.01,2201
2026-06-26,ACH CREDIT BELMONT NATURAL  PPD,18105.29,621963.30,470858946343811
2026-06-26,CHECK 40451,-4875.30,617088.00,40451
2026-06-26,CHECK 40458,-2949.89,614138.11,40458
2026-06-26,CHECK 40460,-4623.08,609515.03,40460
2026-06-29,ACH CREDIT JUNIPER HILL FOO PPD,19953.50,629468.53,108473749791519
2026-06-29,ACH CREDIT HOLLOW NOODLE HO PPD,1475.01,630943.54,666717711944180
2026-06-29,REMOTE DEPOSIT CAPTURE,1762.61,632706.15,3095
2026-06-29,REMOTE DEPOSIT CAPTURE,3056.31,635762.46,7987
2026-06-29,ACH CREDIT ALDER STREET MAR PPD,11492.58,647255.04,536235114130439
2026-06-29,REMOTE DEPOSIT CAPTURE,5962.91,653217.95,1209
2026-06-29,ACH CREDIT MARROW BRASSERIE PPD,1219.42,654437.37,593319462237624
2026-06-29,ACH CREDIT UMPQUA VALLEY FO PPD,17973.25,672410.62,443419453750701
2026-06-29,ACH CREDIT FABLE KITCHEN PPD,2025.31,674435.93,933410396694081
2026-06-29,ACH CREDIT KESTREL MARKET H PPD,14104.29,688540.22,862132714706488
2026-06-29,REMOTE DEPOSIT CAPTURE,4016.14,692556.36,8359
2026-06-29,CHECK 40463,-4485.06,688071.30,40463
2026-06-29,CHECK 40466,-9116.48,678954.82,40466
2026-06-29,CHECK 40475,-14533.50,664421.32,40475
2026-06-30,CHECK 40462,-4258.07,660163.25,40462
2026-06-30,CHECK 40464,-15350.08,644813.17,40464
2026-06-30,CHECK 40465,-15356.82,629456.35,40465
2026-06-30,CHECK 40467,-7701.83,621754.52,40467
2026-06-30,CHECK 40468,-7216.29,614538.23,40468
2026-06-30,CHECK 40469,-7718.05,606820.18,40469
2026-06-30,CHECK 40470,-2860.08,603960.10,40470
2026-06-30,CHECK 40471,-8044.43,595915.67,40471
2026-06-30,CHECK 40472,-6564.12,589351.55,40472
2026-06-30,CHECK 40473,-6236.83,583114.72,40473
2026-06-30,CHECK 40474,-4274.24,578840.48,40474
2026-06-30,CHECK 40476,-5629.44,573211.04,40476
2026-06-30,PINNACLE PAYROLL SVCS PAYROLL DD,-146064.11,427146.93,
2026-06-30,MONTHLY MAINTENANCE FEE,-45.00,427101.93,
2026-07-01,REMOTE DEPOSIT CAPTURE,4120.00,431221.93,2709
2026-07-01,ACH CREDIT RIVERBEND NATURA PPD,24439.67,455661.60,698997270734034
2026-07-01,ACH CREDIT IRONWOOD GROCERY PPD,16633.65,472295.25,802855924997131
2026-07-01,ACH CREDIT DRIFTWOOD PANTRY PPD,25385.77,497681.02,070747328298315
2026-07-01,ACH CREDIT FILBERT & OAK MA PPD,26076.09,523757.11,057489264374107
2026-07-01,ACH CREDIT VASHON ISLAND MA PPD,15399.28,539156.39,618350505149322
2026-07-01,ACH CREDIT HAWTHORNE FRESH  PPD,22287.57,561443.96,605165419128633
2026-07-01,ACH CREDIT PIONEER SQUARE P PPD,24245.29,585689.25,104558662704895
2026-07-01,ACH CREDIT SAWTOOTH NATURAL PPD,24896.19,610585.44,968786822326781
2026-07-01,ACH CREDIT GORGE VALLEY CO- PPD,14422.98,625008.42,472433883228026
2026-07-02,CHECK 40477,-7412.30,617596.12,40477
2026-07-02,ACH DEBIT VENDOR PAYMENT RUN CCD,-91964.54,525631.58,839849449922484
2026-07-06,CHECK 40478,-6238.95,519392.63,40478
2026-07-09,CHECK 40479,-4934.50,514458.13,40479
2026-07-09,ACH DEBIT VENDOR PAYMENT RUN CCD,-53626.63,460831.50,450088266178056
2026-07-15,PINNACLE PAYROLL SVCS PAYROLL DD,-143737.15,317094.35,
