Bill No,Vendor ID,Vendor Name,Vendor Ref,Bill Date,Due Date,Currency,Amount,Balance Due,Status
B-20001,V-1281,Boardman Tree Fruit,BTF-48239,01/05/2026,02/04/2026,USD,"15,169.47",0.00,Paid
B-20002,V-1252,Snake River Trout Farms,SRT-48385,06/03/2026,07/03/2026,USD,"15,069.54","15,069.54",Open
B-20003,V-1136,Hells Canyon Honey,HCH-37360,03/26/2026,04/25/2026,USD,"4,221.10",0.00,Paid
B-20004,V-1237,McKenzie River Mills,MRM-67636,06/15/2026,07/15/2026,USD,"6,057.21","6,057.21",Open
B-20005,V-1181,Duwamish Industrial Partners,RENT-2026-02,02/01/2026,02/01/2026,USD,"6,420.00",0.00,Paid
B-20006,V-1299,Evergreen Box & Film,EBF-19484,04/03/2026,05/03/2026,USD,"2,794.85",0.00,Paid
B-20008,V-1299,Evergreen Box & Film,EBF-19487,04/21/2026,05/21/2026,USD,958.68,0.00,Paid
B-20010,V-1209,Sound Cartage Co.,SCC-77150,04/02/2026,05/02/2026,USD,"1,161.58",0.00,Paid
B-20011,V-1072,Gowen Field Commerce Park,RENT-2026-05,05/01/2026,05/01/2026,USD,"4,875.00",0.00,Paid
B-20012,V-1236,Kittitas Hay & Grain,KHG-25489,02/09/2026,02/24/2026,USD,"11,051.18",0.00,Paid
B-20013,V-1288,Wallowa Grass-Fed Beef,WGB-72150,06/05/2026,07/05/2026,USD,"9,585.67","9,585.67",Open
B-20014,V-1284,Hood Canal Oyster Co.,HCO-69340,04/27/2026,05/27/2026,USD,"15,014.40",0.00,Paid
B-20015,V-1289,Blue Heron Preserves,BHP-43665,03/25/2026,04/09/2026,USD,"14,533.75",0.00,Paid
B-20016,V-1224,Siuslaw Cranberry Growers,SCG-27287,01/14/2026,02/13/2026,USD,"7,143.54",0.00,Paid
B-20017,V-1204,Northwest Reefer Transport,NRT-66755,06/26/2026,07/26/2026,USD,"2,934.41","2,934.41",Open
B-20018,V-1206,Pend Oreille Wild Rice,POW-23804,03/03/2026,04/02/2026,USD,"13,719.59",0.00,Paid
B-20019,V-1299,Evergreen Box & Film,EBF-19411,01/27/2026,02/26/2026,USD,"2,105.71",0.00,Paid
B-20020,V-1080,Mt. Hood Berry Farm,MHB-48654,04/30/2026,05/30/2026,USD,"9,191.46",0.00,Paid
B-20021,V-1274,Olympic Peninsula Mushrooms,OPM-33906,06/10/2026,06/25/2026,USD,"14,533.50",0.00,Paid
B-20024,V-1274,Olympic Peninsula Mushrooms,OPM-33632,01/05/2026,01/20/2026,USD,"14,115.71",0.00,Paid
B-20025,V-1173,Nisqually Salmon Co.,NSC-71924,04/01/2026,05/01/2026,USD,"11,512.24",0.00,Paid
B-20027,V-1227,Blue Mountain Carriers,BMC-59664,03/27/2026,04/26/2026,USD,"3,788.26",0.00,Paid
B-20028,V-1161,Salem Pallet Recyclers,SPR-14190,03/13/2026,04/12/2026,USD,384.48,0.00,Paid
B-20029,V-1255,Coquille Dairy Cooperative,CDC-45187,03/06/2026,04/05/2026,USD,"9,036.20",0.00,Paid
B-20030,V-1120,Columbia River Freightways,CRF-78015,04/24/2026,05/24/2026,USD,"3,580.57",0.00,Paid
B-20034,V-1239,Newberg Nut Growers,NNG-32086,02/23/2026,03/25/2026,USD,"11,620.22",0.00,Paid
B-20036,V-1180,Beaverton Forklift Leasing,BFL-51819,01/28/2026,02/27/2026,USD,"2,208.62",0.00,Paid
B-20037,V-1227,Blue Mountain Carriers,BMC-59414,01/12/2026,02/11/2026,USD,"1,589.02",0.00,Paid
B-20038,V-1290,Columbia Gorge Orchards,CGO-75935,12/19/2025,01/18/2026,USD,"10,340.97",0.00,Paid
B-20039,V-1224,Siuslaw Cranberry Growers,SCG-27296,01/30/2026,03/01/2026,USD,"12,859.33",0.00,Paid
B-20040,V-1288,Wallowa Grass-Fed Beef,WGB-72008,04/17/2026,05/17/2026,USD,"5,444.25",0.00,Paid
B-20041,V-1193,Chehalis Valley Eggs,CVE-60944,02/24/2026,03/26/2026,USD,"5,489.02",0.00,Paid
B-20042,V-1204,Northwest Reefer Transport,NRT-66652,05/27/2026,06/26/2026,USD,"1,485.75",0.00,Paid
B-20043,V-1003,Ridgewire Telecom,RT-27283,06/26/2026,07/16/2026,USD,"1,292.93","1,292.93",Open
B-20044,V-1289,Blue Heron Preserves,BHP-43832,06/26/2026,07/11/2026,USD,"6,562.69","6,562.69",Open
B-20045,V-1127,Nooksack Berry Growers,NBG-54343,03/30/2026,04/14/2026,USD,"5,925.70",0.00,Paid
B-20047,V-1235,Bitterroot Bakehouse Supply,BBS-56750,04/09/2026,05/09/2026,USD,"4,636.20",0.00,Paid
B-20048,V-1266,Silvies River Lamb,SRL-64653,06/23/2026,07/23/2026,USD,"7,109.02","7,109.02",Open
B-20051,V-1080,Mt. Hood Berry Farm,MHB-48728,05/25/2026,06/24/2026,USD,"4,420.68",0.00,Paid
B-20052,V-1226,Skagit Valley Grains,SVG-15617,04/20/2026,05/20/2026,USD,"14,166.27",0.00,Paid
B-20053,V-1280,Grande Ronde Poultry,GRP-20299,02/04/2026,02/19/2026,USD,"11,076.39",0.00,Paid
B-20054,V-1055,Wenatchee Pear Packers,WPP-34373,01/02/2026,02/01/2026,USD,"9,519.17",0.00,Paid
B-20055,V-1205,Methow Valley Apples,MVA-59160,01/23/2026,02/07/2026,USD,"8,704.76",0.00,Paid
B-20056,V-1235,Bitterroot Bakehouse Supply,BBS-56622,02/11/2026,03/13/2026,USD,"12,508.06",0.00,Paid
B-20058,V-1226,Skagit Valley Grains,SVG-15686,06/01/2026,07/01/2026,USD,"7,718.05",0.00,Paid
B-20059,V-1204,Northwest Reefer Transport,NRT-66605,05/11/2026,06/10/2026,USD,"1,584.11",0.00,Paid
B-20060,V-1226,Skagit Valley Grains,SVG-15692,06/05/2026,07/05/2026,USD,"7,094.56","7,094.56",Open
B-20062,V-1274,Olympic Peninsula Mushrooms,OPM-33873,06/01/2026,06/16/2026,USD,"8,031.05",0.00,Paid
B-20063,V-1255,Coquille Dairy Cooperative,CDC-45244,04/20/2026,05/20/2026,USD,"15,079.02",0.00,Paid
B-20064,V-1233,Lummi Bay Seafood,LBS-35410,04/14/2026,05/14/2026,USD,"14,151.55",0.00,Paid
B-20065,V-1223,Malheur Onion Co.,MOC-17281,05/22/2026,06/21/2026,USD,"6,223.32",0.00,Paid
B-20067,V-1051,Stumptown Office Supply,SOS-12023,04/27/2026,05/27/2026,USD,724.88,0.00,Paid
B-20068,V-1290,Columbia Gorge Orchards,CGO-75905,06/22/2026,07/22/2026,USD,"15,421.41","15,421.41",Open
B-20069,V-1226,Skagit Valley Grains,SVG-15652,04/30/2026,05/30/2026,USD,"13,350.88",0.00,Paid
B-20070,V-1209,Sound Cartage Co.,SCC-77251,04/29/2026,05/29/2026,USD,"1,267.08",0.00,Paid
B-20071,V-1206,Pend Oreille Wild Rice,POW-24096,12/17/2025,01/16/2026,USD,"14,726.06",0.00,Paid
B-20073,V-1077,Puget Sound Shellfish Co.,PSS-18845,03/18/2026,04/17/2026,USD,"14,784.13",0.00,Paid
B-20074,V-1120,Columbia River Freightways,CRF-77926,03/20/2026,04/19/2026,USD,"2,060.97",0.00,Paid
B-20076,V-1226,Skagit Valley Grains,SVG-15364,01/08/2026,02/07/2026,USD,"13,804.61",0.00,Paid
B-20078,V-1279,Willamette Valley Creamery,WVC-19274,03/18/2026,04/17/2026,USD,"7,696.55",0.00,Paid
B-20079,V-1147,Oregon Coast Seafood Traders,OCS-59020,04/06/2026,05/06/2026,USD,"4,052.12",0.00,Paid
B-20080,V-1120,Columbia River Freightways,CRF-77888,03/09/2026,04/08/2026,USD,"3,894.55",0.00,Paid
B-20082,V-1077,Puget Sound Shellfish Co.,PSS-19041,12/22/2025,01/21/2026,USD,"14,167.78",0.00,Paid
B-20083,V-1124,Coos Bay Crab Co.,CBC-43066,01/14/2026,02/13/2026,USD,"4,714.95",0.00,Paid
B-20084,V-1127,Nooksack Berry Growers,NBG-54452,05/25/2026,06/09/2026,USD,"9,686.77",0.00,Paid
B-20085,V-1274,Olympic Peninsula Mushrooms,OPM-33674,01/26/2026,02/10/2026,USD,"15,512.51",0.00,Paid
B-20087,V-1289,Blue Heron Preserves,BHP-43724,04/30/2026,05/15/2026,USD,"10,806.05",0.00,Paid
B-20088,V-1281,Boardman Tree Fruit,BTF-48505,06/15/2026,07/15/2026,USD,"4,798.29","4,798.29",Open
B-20090,V-1058,Ridgeline Express,RE-17450,02/24/2026,03/26/2026,USD,663.80,0.00,Paid
B-20091,V-1120,Columbia River Freightways,CRF-77763,01/26/2026,02/25/2026,USD,"2,076.76",0.00,Paid
B-20093,V-1288,Wallowa Grass-Fed Beef,WGB-71908,02/10/2026,03/12/2026,USD,"7,567.94",0.00,Paid
B-20094,V-1147,Oregon Coast Seafood Traders,OCS-59214,12/29/2025,01/28/2026,USD,"5,841.33",0.00,Paid
B-20095,V-1166,Crown Linen & Uniform,CLU-45692,05/25/2026,06/24/2026,USD,457.67,0.00,Paid
B-20096,V-1096,Tri-County Health Permits,THP-64244,04/02/2026,05/02/2026,USD,514.92,0.00,Paid
B-20098,V-1281,Boardman Tree Fruit,BTF-48518,06/22/2026,07/22/2026,USD,"8,723.68","8,723.68",Open
B-20099,V-1031,Tualatin Hazelnut Co.,THC-26154,02/23/2026,03/25/2026,USD,"9,309.20",0.00,Paid
B-20100,V-1274,Olympic Peninsula Mushrooms,OPM-33790,04/01/2026,04/16/2026,USD,"11,449.40",0.00,Paid
B-20101,V-1289,Blue Heron Preserves,BHP-43683,04/09/2026,04/24/2026,USD,"15,729.14",0.00,Paid
B-20102,V-1147,Oregon Coast Seafood Traders,OCS-59081,05/05/2026,06/04/2026,USD,"12,539.81",0.00,Paid
B-20104,V-1291,Palouse Lentil Growers,PLG-19717,06/10/2026,06/25/2026,USD,"8,950.14",0.00,Paid
B-20105,V-1020,Cascade Coldchain Logistics,CCL-22530,01/27/2026,02/26/2026,USD,"3,384.72",0.00,Paid
B-20108,V-1255,Coquille Dairy Cooperative,CDC-45265,04/30/2026,05/30/2026,USD,"4,864.59",0.00,Paid
B-20109,V-1120,Columbia River Freightways,CRF-77875,02/27/2026,03/29/2026,USD,"2,116.20",0.00,Paid
B-20111,V-1120,Columbia River Freightways,CRF-78160,12/17/2025,01/16/2026,USD,"2,641.85",0.00,Paid
B-20112,V-1205,Methow Valley Apples,MVA-59183,02/10/2026,02/25/2026,USD,"5,939.74",0.00,Paid
B-20113,V-1020,Cascade Coldchain Logistics,CCL-22785,05/28/2026,06/27/2026,USD,"4,258.07",0.00,Paid
B-20115,V-1167,Lombard Street Properties LLC,RENT-2026-05,05/01/2026,05/01/2026,USD,"8,500.00",0.00,Paid
B-20116,V-1031,Tualatin Hazelnut Co.,THC-26182,03/05/2026,04/04/2026,USD,"6,573.46",0.00,Paid
B-20117,V-1181,Duwamish Industrial Partners,RENT-2026-04,04/01/2026,04/01/2026,USD,"6,420.00",0.00,Paid
B-20118,V-1236,Kittitas Hay & Grain,KHG-25632,04/09/2026,04/24/2026,USD,"11,079.77",0.00,Paid
B-20119,V-1023,Clearwater Creamery,CC-67902,01/20/2026,02/19/2026,USD,"14,496.02",0.00,Paid
B-20120,V-1132,Rose City Tire & Auto,RCT-28680,03/25/2026,04/24/2026,USD,"1,611.56",0.00,Paid
B-20121,V-1288,Wallowa Grass-Fed Beef,WGB-71986,04/01/2026,05/01/2026,USD,"8,872.25",0.00,Paid
B-20122,V-1155,Pacific Fleet Fuel,PFF-26278,06/02/2026,07/02/2026,USD,"2,801.00","2,801.00",Open
B-20124,V-1147,Oregon Coast Seafood Traders,OCS-58830,01/26/2026,02/25/2026,USD,"15,102.20",0.00,Paid
B-20125,V-1080,Mt. Hood Berry Farm,MHB-48461,02/09/2026,03/11/2026,USD,"4,918.96",0.00,Paid
B-20126,V-1166,Crown Linen & Uniform,CLU-45527,01/06/2026,02/05/2026,USD,648.22,0.00,Paid
B-20127,V-1200,Yamhill Charcuterie,YC-21248,06/02/2026,07/02/2026,USD,"8,592.01","8,592.01",Open
B-20128,V-1224,Siuslaw Cranberry Growers,SCG-27323,02/09/2026,03/11/2026,USD,"10,340.61",0.00,Paid
B-20129,V-1276,Critter Guard Pest Control,CGP-56420,03/23/2026,04/22/2026,USD,278.27,0.00,Paid
B-20130,V-1224,Siuslaw Cranberry Growers,SCG-27334,02/23/2026,03/25/2026,USD,"5,995.23",0.00,Paid
B-20131,V-1237,McKenzie River Mills,MRM-67546,05/06/2026,06/05/2026,USD,"14,210.96",0.00,Paid
B-20132,V-1077,Puget Sound Shellfish Co.,PSS-18733,01/29/2026,02/28/2026,USD,"9,828.51",0.00,Paid
B-20133,V-1226,Skagit Valley Grains,SVG-15765,12/17/2025,01/16/2026,USD,"6,520.07",0.00,Paid
B-20134,V-1142,Umatilla Specialty Produce,USP-32220,03/30/2026,04/29/2026,USD,"8,970.06",0.00,Paid
B-20135,V-1252,Snake River Trout Farms,SRT-48273,04/13/2026,05/13/2026,USD,"15,050.35",0.00,Paid
B-20136,V-1299,Evergreen Box & Film,EBF-19500,05/04/2026,06/03/2026,USD,"1,636.61",0.00,Paid
B-20137,V-1023,Clearwater Creamery,CC-67862,01/19/2026,02/18/2026,USD,"8,498.62",0.00,Paid
B-20138,V-1147,Oregon Coast Seafood Traders,OCS-59175,06/23/2026,07/23/2026,USD,"7,012.62","7,012.62",Open
B-20139,V-1226,Skagit Valley Grains,SVG-15406,01/20/2026,02/19/2026,USD,"12,371.77",0.00,Paid
B-20141,V-1136,Hells Canyon Honey,HCH-37516,06/12/2026,07/12/2026,USD,"10,871.27","10,871.27",Open
B-20142,V-1077,Puget Sound Shellfish Co.,PSS-19045,12/22/2025,01/21/2026,USD,"6,836.23",0.00,Paid
B-20144,V-1173,Nisqually Salmon Co.,NSC-71804,02/25/2026,03/27/2026,USD,"8,691.82",0.00,Paid
B-20145,V-1242,Teton Valley Trout,TVT-23215,03/23/2026,04/22/2026,USD,"15,740.69",0.00,Paid
B-20146,V-1274,Olympic Peninsula Mushrooms,OPM-33683,02/18/2026,03/05/2026,USD,"6,078.53",0.00,Paid
B-20147,V-1227,Blue Mountain Carriers,BMC-59484,01/29/2026,02/28/2026,USD,"2,586.34",0.00,Paid
B-20148,V-1290,Columbia Gorge Orchards,CGO-75723,02/25/2026,03/27/2026,USD,"8,864.79",0.00,Paid
B-20149,V-1226,Skagit Valley Grains,SVG-15448,02/12/2026,03/14/2026,USD,"5,200.83",0.00,Paid
B-20150,V-1206,Pend Oreille Wild Rice,POW-23966,04/24/2026,05/24/2026,USD,"6,627.11",0.00,Paid
B-20152,V-1274,Olympic Peninsula Mushrooms,OPM-33851,05/08/2026,05/23/2026,USD,"4,463.35",0.00,Paid
B-20153,V-1205,Methow Valley Apples,MVA-59463,12/23/2025,01/07/2026,USD,"4,834.32",0.00,Paid
B-20154,V-1160,Hollis & Ward CPAs,HWC-33129,01/20/2026,02/19/2026,USD,"11,433.66",0.00,Paid
B-20155,V-1058,Ridgeline Express,RE-17542,04/13/2026,05/13/2026,USD,"2,572.46",0.00,Paid
B-20156,V-1161,Salem Pallet Recyclers,SPR-14229,04/06/2026,05/06/2026,USD,"1,056.93",0.00,Paid
B-20157,V-1155,Pacific Fleet Fuel,PFF-26227,05/13/2026,06/12/2026,USD,"3,749.50",0.00,Paid
B-20158,V-1124,Coos Bay Crab Co.,CBC-43115,02/16/2026,03/18/2026,USD,"11,098.20",0.00,Paid
B-20159,V-1244,Portland Fleet Wash,PFW-12688,04/06/2026,05/06/2026,USD,390.84,0.00,Paid
B-20160,V-1058,Ridgeline Express,RE-17562,04/20/2026,05/20/2026,USD,"1,594.49",0.00,Paid
B-20161,V-1291,Palouse Lentil Growers,PLG-19487,02/06/2026,02/21/2026,USD,"4,538.65",0.00,Paid
B-20163,V-1281,Boardman Tree Fruit,BTF-48548,12/11/2025,01/10/2026,USD,"10,910.31",0.00,Paid
B-20164,V-1198,Emerald City Cold Storage,ECC-76135,05/11/2026,06/10/2026,USD,"3,889.37",0.00,Paid
B-20165,V-1042,Pacific Coast Packaging LLC,PCP-23512,06/23/2026,07/23/2026,USD,"2,915.65","2,915.65",Open
B-20166,V-1233,Lummi Bay Seafood,LBS-35445,05/01/2026,05/31/2026,USD,"9,415.75",0.00,Paid
B-20167,V-1127,Nooksack Berry Growers,NBG-54466,06/16/2026,07/01/2026,USD,"10,888.78",0.00,Paid
B-20168,V-1093,Cascade Trade Show Group,CTS-76325,02/09/2026,03/11/2026,USD,"2,584.62",0.00,Paid
B-20169,V-1288,Wallowa Grass-Fed Beef,WGB-72048,05/04/2026,06/03/2026,USD,"9,252.75",0.00,Paid
B-20170,V-1239,Newberg Nut Growers,NNG-32454,12/25/2025,01/24/2026,USD,"5,962.32",0.00,Paid
B-20171,V-1105,Everbright Electric Contractors,EEC-36151,01/29/2026,02/28/2026,USD,"1,787.39",0.00,Paid
B-20172,V-1128,Yakima Hop & Herb,YHH-36336,04/17/2026,05/17/2026,USD,"14,203.29",0.00,Paid
B-20173,V-1058,Ridgeline Express,RE-17736,12/23/2025,01/22/2026,USD,"1,898.65",0.00,Paid
B-20174,V-1220,Treasure Valley Trucking,TVT-66194,06/11/2026,07/11/2026,USD,"2,017.43","2,017.43",Open
B-20175,V-1023,Clearwater Creamery,CC-68010,03/19/2026,04/18/2026,USD,"7,797.32",0.00,Paid
B-20176,V-1290,Columbia Gorge Orchards,CGO-75745,03/17/2026,04/16/2026,USD,"7,523.39",0.00,Paid
B-20177,V-1198,Emerald City Cold Storage,ECC-76130,04/13/2026,05/13/2026,USD,"2,917.84",0.00,Paid
B-20178,V-1193,Chehalis Valley Eggs,CVE-61205,12/19/2025,01/18/2026,USD,"8,979.66",0.00,Paid
B-20179,V-1167,Lombard Street Properties LLC,RENT-2026-04,04/01/2026,04/01/2026,USD,"8,500.00",0.00,Paid
B-20180,V-1077,Puget Sound Shellfish Co.,PSS-18970,06/01/2026,07/01/2026,USD,"14,540.07",0.00,Paid
B-20181,V-1255,Coquille Dairy Cooperative,CDC-45180,03/02/2026,04/01/2026,USD,"5,190.50",0.00,Paid
B-20183,V-1294,Umpqua Oat Mill,UOM-16004,05/13/2026,06/12/2026,USD,"10,065.31",0.00,Paid
B-20184,V-1072,Gowen Field Commerce Park,RENT-2026-06,06/01/2026,06/01/2026,USD,"4,875.00",0.00,Paid
B-20185,V-1031,Tualatin Hazelnut Co.,THC-26403,12/09/2025,01/08/2026,USD,"3,886.60",0.00,Paid
B-20186,V-1077,Puget Sound Shellfish Co.,PSS-18714,01/15/2026,02/14/2026,USD,"15,690.27",0.00,Paid
B-20187,V-1251,Payette Valley Beef,PVB-57001,12/15/2025,01/14/2026,USD,"4,719.82",0.00,Paid
B-20190,V-1055,Wenatchee Pear Packers,WPP-34529,04/02/2026,05/02/2026,USD,"4,676.59",0.00,Paid
B-20191,V-1015,Deschutes Brewing Supply Co-op,DBS-69958,12/17/2025,01/16/2026,USD,"14,235.83",0.00,Paid
B-20192,V-1023,Clearwater Creamery,CC-67976,03/05/2026,04/04/2026,USD,"10,221.08",0.00,Paid
B-20193,V-1235,Bitterroot Bakehouse Supply,BBS-56846,06/08/2026,07/08/2026,USD,"15,546.89","15,546.89",Open
B-20194,V-1200,Yamhill Charcuterie,YC-21043,02/06/2026,03/08/2026,USD,"13,794.68",0.00,Paid
B-20195,V-1078,Rogue Valley Cheese Works,RVC-37299,03/30/2026,04/29/2026,USD,"15,739.21",0.00,Paid
B-20196,V-1265,Coastline Shredding,CS-36270,03/26/2026,04/25/2026,USD,144.52,0.00,Paid
B-20198,V-1204,Northwest Reefer Transport,NRT-66302,01/26/2026,02/25/2026,USD,"2,506.12",0.00,Paid
B-20199,V-1031,Tualatin Hazelnut Co.,THC-26107,01/12/2026,02/11/2026,USD,"9,151.05",0.00,Paid
B-20200,V-1251,Payette Valley Beef,PVB-56882,05/22/2026,06/21/2026,USD,"7,860.69",0.00,Paid
B-20201,V-1143,CloudLedger Software,CS-70067,01/16/2026,02/15/2026,USD,615.10,0.00,Paid
B-20202,V-1235,Bitterroot Bakehouse Supply,BBS-56862,06/11/2026,07/11/2026,USD,"9,907.75","9,907.75",Open
B-20203,V-1277,Metro Waste Haulers,MWH-42706,01/08/2026,02/07/2026,USD,757.10,0.00,Paid
B-20204,V-1080,Mt. Hood Berry Farm,MHB-48556,03/26/2026,04/25/2026,USD,"15,453.64",0.00,Paid
B-20205,V-1242,Teton Valley Trout,TVT-23305,04/15/2026,05/15/2026,USD,"7,104.03",0.00,Paid
B-20206,V-1284,Hood Canal Oyster Co.,HCO-69263,03/25/2026,04/24/2026,USD,"4,549.78",0.00,Paid
B-20207,V-1206,Pend Oreille Wild Rice,POW-24068,06/22/2026,07/22/2026,USD,"6,413.09","6,413.09",Open
B-20208,V-1289,Blue Heron Preserves,BHP-43591,02/09/2026,02/24/2026,USD,"13,268.64",0.00,Paid
B-20209,V-1042,Pacific Coast Packaging LLC,PCP-23188,02/11/2026,03/13/2026,USD,"9,289.60",0.00,Paid
B-20210,V-1290,Columbia Gorge Orchards,CGO-75583,01/09/2026,02/08/2026,USD,"13,492.58",0.00,Paid
B-20211,V-1055,Wenatchee Pear Packers,WPP-34656,06/22/2026,07/22/2026,USD,"15,365.81","15,365.81",Open
B-20212,V-1077,Puget Sound Shellfish Co.,PSS-18704,01/05/2026,02/04/2026,USD,"10,579.53",0.00,Paid
B-20213,V-1280,Grande Ronde Poultry,GRP-20593,06/23/2026,07/08/2026,USD,"15,074.17","15,074.17",Open
B-20214,V-1279,Willamette Valley Creamery,WVC-19092,01/08/2026,02/07/2026,USD,"8,892.64",0.00,Paid
B-20215,V-1023,Clearwater Creamery,CC-68270,12/23/2025,01/22/2026,USD,"9,881.12",0.00,Paid
B-20216,V-1074,Scappoose Organic Farms,SOF-71182,06/03/2026,07/03/2026,USD,"10,137.43","10,137.43",Open
B-20217,V-1015,Deschutes Brewing Supply Co-op,DBS-69811,04/24/2026,05/24/2026,USD,"5,804.56",0.00,Paid
B-20218,V-1198,Emerald City Cold Storage,ECC-76122,02/16/2026,03/18/2026,USD,"2,372.82",0.00,Paid
B-20219,V-1042,Pacific Coast Packaging LLC,PCP-23166,02/02/2026,03/04/2026,USD,"6,082.29",0.00,Paid
B-20220,V-1080,Mt. Hood Berry Farm,MHB-48518,03/09/2026,04/08/2026,USD,"9,226.92",0.00,Paid
B-20221,V-1224,Siuslaw Cranberry Growers,SCG-27271,01/09/2026,02/08/2026,USD,"8,293.83",0.00,Paid
B-20222,V-1263,Summit Refrigeration Services,SRS-18014,04/10/2026,05/10/2026,USD,"3,979.89",0.00,Paid
B-20223,V-1132,Rose City Tire & Auto,RCT-28676,02/16/2026,03/18/2026,USD,934.72,0.00,Paid
B-20224,V-1074,Scappoose Organic Farms,SOF-70874,01/19/2026,02/18/2026,USD,"14,847.08",0.00,Paid
B-20225,V-1224,Siuslaw Cranberry Growers,SCG-27579,06/24/2026,07/24/2026,USD,"5,347.26","5,347.26",Open
B-20226,V-1136,Hells Canyon Honey,HCH-37258,02/12/2026,03/14/2026,USD,"4,163.73",0.00,Paid
B-20227,V-1120,Columbia River Freightways,CRF-78063,05/26/2026,06/25/2026,USD,"3,921.37",0.00,Paid
B-20228,V-1291,Palouse Lentil Growers,PLG-19629,04/28/2026,05/13/2026,USD,"5,946.91",0.00,Paid
B-20229,V-1072,Gowen Field Commerce Park,RENT-2026-04,04/01/2026,04/01/2026,USD,"4,875.00",0.00,Paid
B-20230,V-1294,Umpqua Oat Mill,UOM-15876,04/02/2026,05/02/2026,USD,"5,970.49",0.00,Paid
B-20231,V-1290,Columbia Gorge Orchards,CGO-75801,04/06/2026,05/06/2026,USD,"10,602.75",0.00,Paid
B-20232,V-1263,Summit Refrigeration Services,SRS-18072,06/19/2026,07/19/2026,USD,"7,629.23","7,629.23",Open
B-20234,V-1292,Hermiston Melon Farms,HMF-63860,04/08/2026,04/23/2026,USD,"4,276.81",0.00,Paid
B-20235,V-1242,Teton Valley Trout,TVT-23139,03/05/2026,04/04/2026,USD,"13,939.61",0.00,Paid
B-20238,V-1166,Crown Linen & Uniform,CLU-45580,03/02/2026,04/01/2026,USD,451.41,0.00,Paid
B-20239,V-1193,Chehalis Valley Eggs,CVE-61058,05/05/2026,06/04/2026,USD,"5,000.91",0.00,Paid
B-20240,V-1074,Scappoose Organic Farms,SOF-71038,03/20/2026,04/19/2026,USD,"9,747.45",0.00,Paid
B-20241,V-1289,Blue Heron Preserves,BHP-43770,05/25/2026,06/09/2026,USD,"11,056.63",0.00,Paid
B-20243,V-1274,Olympic Peninsula Mushrooms,OPM-33919,06/19/2026,07/04/2026,USD,"6,269.56","6,269.56",Open
B-20244,V-1147,Oregon Coast Seafood Traders,OCS-58984,03/17/2026,04/16/2026,USD,"13,175.70",0.00,Paid
B-20245,V-1289,Blue Heron Preserves,BHP-43712,04/20/2026,05/05/2026,USD,"7,246.09",0.00,Paid
B-20246,V-1274,Olympic Peninsula Mushrooms,OPM-33734,03/10/2026,03/25/2026,USD,"11,645.78",0.00,Paid
B-20247,V-1020,Cascade Coldchain Logistics,CCL-22666,04/10/2026,05/10/2026,USD,"2,959.43",0.00,Paid
B-20249,V-1242,Teton Valley Trout,TVT-23332,04/27/2026,05/27/2026,USD,"5,214.88",0.00,Paid
B-20251,V-1078,Rogue Valley Cheese Works,RVC-37490,06/16/2026,07/16/2026,USD,"14,027.85","14,027.85",Open
B-20252,V-1119,Cowlitz Creek Farms,CCF-61410,05/18/2026,06/02/2026,USD,"10,148.43",0.00,Paid
B-20253,V-1251,Payette Valley Beef,PVB-56596,01/28/2026,02/27/2026,USD,"12,993.69",0.00,Paid
B-20255,V-1154,Brightline Janitorial,BJ-36178,04/20/2026,05/20/2026,USD,"1,502.65",0.00,Paid
B-20256,V-1128,Yakima Hop & Herb,YHH-36294,04/03/2026,05/03/2026,USD,"10,692.66",0.00,Paid
B-20257,V-1299,Evergreen Box & Film,EBF-19474,03/24/2026,04/23/2026,USD,"2,808.93",0.00,Paid
B-20258,V-1236,Kittitas Hay & Grain,KHG-25818,06/16/2026,07/01/2026,USD,"6,564.12",0.00,Paid
B-20259,V-1255,Coquille Dairy Cooperative,CDC-45058,01/08/2026,02/07/2026,USD,"4,476.58",0.00,Paid
B-20260,V-1058,Ridgeline Express,RE-17418,02/02/2026,03/04/2026,USD,"1,056.79",0.00,Paid
B-20261,V-1055,Wenatchee Pear Packers,WPP-34478,03/02/2026,04/01/2026,USD,"8,266.91",0.00,Paid
B-20262,V-1136,Hells Canyon Honey,HCH-37567,12/15/2025,01/14/2026,USD,"11,303.18",0.00,Paid
B-20264,V-1127,Nooksack Berry Growers,NBG-54244,02/20/2026,03/07/2026,USD,"15,620.67",0.00,Paid
B-20265,V-1266,Silvies River Lamb,SRL-64201,01/14/2026,02/13/2026,USD,"7,310.39",0.00,Paid
B-20266,V-1233,Lummi Bay Seafood,LBS-35522,06/22/2026,07/22/2026,USD,"8,487.07","8,487.07",Open
B-20267,V-1155,Pacific Fleet Fuel,PFF-25814,01/14/2026,02/13/2026,USD,"1,833.05",0.00,Paid
B-20268,V-1255,Coquille Dairy Cooperative,CDC-45133,01/30/2026,03/01/2026,USD,"15,111.58",0.00,Paid
B-20270,V-1066,Willamette Sanitation Supply,WSS-12599,03/04/2026,04/03/2026,USD,799.24,0.00,Paid
B-20271,V-1209,Sound Cartage Co.,SCC-77187,04/15/2026,05/15/2026,USD,909.15,0.00,Paid
B-20272,V-1042,Pacific Coast Packaging LLC,PCP-23456,06/03/2026,07/03/2026,USD,"5,486.87","5,486.87",Open
B-20274,V-1020,Cascade Coldchain Logistics,CCL-22825,06/03/2026,07/03/2026,USD,"3,961.81","3,961.81",Open
B-20275,V-1120,Columbia River Freightways,CRF-78134,12/18/2025,01/17/2026,USD,"1,691.67",0.00,Paid
B-20276,V-1281,Boardman Tree Fruit,BTF-48322,02/16/2026,03/18/2026,USD,"13,391.58",0.00,Paid
B-20277,V-1124,Coos Bay Crab Co.,CBC-43178,03/09/2026,04/08/2026,USD,"12,406.47",0.00,Paid
B-20278,V-1294,Umpqua Oat Mill,UOM-16040,06/01/2026,07/01/2026,USD,"8,006.23",0.00,Paid
B-20279,V-1058,Ridgeline Express,RE-17441,02/23/2026,03/25/2026,USD,"2,111.47",0.00,Paid
B-20280,V-1290,Columbia Gorge Orchards,CGO-75856,05/07/2026,06/06/2026,USD,"13,388.69",0.00,Paid
B-20281,V-1223,Malheur Onion Co.,MOC-17134,02/18/2026,03/20/2026,USD,"7,721.50",0.00,Paid
B-20282,V-1074,Scappoose Organic Farms,SOF-71090,04/20/2026,05/20/2026,USD,"4,492.42",0.00,Paid
B-20283,V-1204,Northwest Reefer Transport,NRT-66239,01/12/2026,02/11/2026,USD,"3,860.81",0.00,Paid
B-20284,V-1220,Treasure Valley Trucking,TVT-65964,03/30/2026,04/29/2026,USD,"1,905.17",0.00,Paid
B-20285,V-1151,Walla Walla Onion Growers,WWO-23168,04/02/2026,05/02/2026,USD,"3,916.91",0.00,Paid
B-20286,V-1299,Evergreen Box & Film,EBF-19407,01/05/2026,02/04/2026,USD,"1,708.04",0.00,Paid
B-20287,V-1206,Pend Oreille Wild Rice,POW-23720,01/23/2026,02/22/2026,USD,"5,631.81",0.00,Paid
B-20288,V-1291,Palouse Lentil Growers,PLG-19452,01/27/2026,02/11/2026,USD,"14,550.46",0.00,Paid
B-20289,V-1294,Umpqua Oat Mill,UOM-16138,12/29/2025,01/28/2026,USD,"10,529.88",0.00,Paid
B-20290,V-1078,Rogue Valley Cheese Works,RVC-37351,04/29/2026,05/29/2026,USD,"13,545.10",0.00,Paid
B-20291,V-1292,Hermiston Melon Farms,HMF-63801,03/09/2026,03/24/2026,USD,"8,468.69",0.00,Paid
B-20292,V-1205,Methow Valley Apples,MVA-59500,12/29/2025,01/13/2026,USD,"5,420.97",0.00,Paid
B-20293,V-1011,Klamath Basin Potato Co.,KBP-11843,12/29/2025,01/28/2026,USD,"5,060.29",0.00,Paid
B-20294,V-1147,Oregon Coast Seafood Traders,OCS-59094,05/11/2026,06/10/2026,USD,"13,520.56",0.00,Paid
B-20295,V-1045,Talent Bridge Staffing,TBS-63709,04/29/2026,05/29/2026,USD,"5,466.16",0.00,Paid
B-20296,V-1147,Oregon Coast Seafood Traders,OCS-58759,01/05/2026,02/04/2026,USD,"11,566.44",0.00,Paid
B-20297,V-1181,Duwamish Industrial Partners,RENT-2026-01,01/01/2026,01/01/2026,USD,"6,420.00",0.00,Paid
B-20298,V-1151,Walla Walla Onion Growers,WWO-23442,12/22/2025,01/21/2026,USD,"10,450.76",0.00,Paid
B-20300,V-1204,Northwest Reefer Transport,NRT-66794,12/26/2025,01/25/2026,USD,"3,110.62",0.00,Paid
B-20301,V-1220,Treasure Valley Trucking,TVT-66107,04/30/2026,05/30/2026,USD,"1,732.00",0.00,Paid
B-20302,V-1288,Wallowa Grass-Fed Beef,WGB-72118,05/22/2026,06/21/2026,USD,"12,767.15",0.00,Paid
B-20305,V-1227,Blue Mountain Carriers,BMC-59810,06/17/2026,07/17/2026,USD,"2,618.61","2,618.61",Open
B-20306,V-1276,Critter Guard Pest Control,CGP-56488,06/22/2026,07/22/2026,USD,385.65,385.65,Open
B-20307,V-1018,Keystone Scale & Calibration,KSC-62458,06/04/2026,07/04/2026,USD,495.86,495.86,Open
B-20308,V-1155,Pacific Fleet Fuel,PFF-26025,03/18/2026,04/17/2026,USD,"3,315.11",0.00,Paid
B-20309,V-1289,Blue Heron Preserves,BHP-43584,01/29/2026,02/13/2026,USD,"4,358.80",0.00,Paid
B-20310,V-1173,Nisqually Salmon Co.,NSC-72026,05/14/2026,06/13/2026,USD,"12,800.08",0.00,Paid
B-20311,V-1236,Kittitas Hay & Grain,KHG-25604,03/30/2026,04/14/2026,USD,"13,389.54",0.00,Paid
B-20312,V-1220,Treasure Valley Trucking,TVT-66252,06/25/2026,07/25/2026,USD,"2,752.36","2,752.36",Open
B-20316,V-1161,Salem Pallet Recyclers,SPR-14137,01/05/2026,02/04/2026,USD,459.94,0.00,Paid
B-20317,V-1120,Columbia River Freightways,CRF-78001,04/16/2026,05/16/2026,USD,807.13,0.00,Paid
B-20318,V-1020,Cascade Coldchain Logistics,CCL-22546,02/11/2026,03/13/2026,USD,"2,972.18",0.00,Paid
B-20319,V-1205,Methow Valley Apples,MVA-59266,03/16/2026,03/31/2026,USD,"9,284.86",0.00,Paid
B-20320,V-1128,Yakima Hop & Herb,YHH-36389,05/29/2026,06/28/2026,USD,"11,221.10",0.00,Paid
B-20321,V-1198,Emerald City Cold Storage,ECC-76109,01/02/2026,02/01/2026,USD,"3,808.52",0.00,Paid
B-20322,V-1154,Brightline Janitorial,BJ-36139,01/20/2026,02/19/2026,USD,"1,573.27",0.00,Paid
B-20323,V-1155,Pacific Fleet Fuel,PFF-26125,04/08/2026,05/08/2026,USD,"2,300.67",0.00,Paid
B-20325,V-1080,Mt. Hood Berry Farm,MHB-48693,05/11/2026,06/10/2026,USD,"15,468.09",0.00,Paid
B-20326,V-1204,Northwest Reefer Transport,NRT-66513,04/20/2026,05/20/2026,USD,"3,901.17",0.00,Paid
B-20327,V-1173,Nisqually Salmon Co.,NSC-71730,01/28/2026,02/27/2026,USD,"13,377.61",0.00,Paid
B-20328,V-1072,Gowen Field Commerce Park,RENT-2026-03,03/01/2026,03/01/2026,USD,"4,875.00",0.00,Paid
B-20330,V-1284,Hood Canal Oyster Co.,HCO-69448,06/22/2026,07/22/2026,USD,"5,158.74","5,158.74",Open
B-20331,V-1128,Yakima Hop & Herb,YHH-36144,01/19/2026,02/18/2026,USD,"9,912.63",0.00,Paid
B-20332,V-1227,Blue Mountain Carriers,BMC-59672,04/02/2026,05/02/2026,USD,"1,615.63",0.00,Paid
B-20334,V-1277,Metro Waste Haulers,MWH-42839,06/08/2026,07/08/2026,USD,602.21,602.21,Open
B-20336,V-1124,Coos Bay Crab Co.,CBC-43211,03/23/2026,04/22/2026,USD,"7,355.98",0.00,Paid
B-20337,V-1193,Chehalis Valley Eggs,CVE-61019,04/01/2026,05/01/2026,USD,"10,031.48",0.00,Paid
B-20338,V-1127,Nooksack Berry Growers,NBG-54312,03/18/2026,04/02/2026,USD,"12,930.34",0.00,Paid
B-20339,V-1266,Silvies River Lamb,SRL-64624,06/15/2026,07/15/2026,USD,"4,743.97","4,743.97",Open
B-20340,V-1127,Nooksack Berry Growers,NBG-54196,01/20/2026,02/04/2026,USD,"13,495.08",0.00,Paid
B-20341,V-1252,Snake River Trout Farms,SRT-48375,05/20/2026,06/19/2026,USD,"11,477.72",0.00,Paid
B-20342,V-1280,Grande Ronde Poultry,GRP-20652,12/23/2025,01/07/2026,USD,"14,251.50",0.00,Paid
B-20343,V-1252,Snake River Trout Farms,SRT-48183,03/12/2026,04/11/2026,USD,"10,895.89",0.00,Paid
B-20344,V-1128,Yakima Hop & Herb,YHH-36197,02/16/2026,03/18/2026,USD,"15,173.35",0.00,Paid
B-20345,V-1180,Beaverton Forklift Leasing,BFL-51927,06/22/2026,07/22/2026,USD,"2,178.50","2,178.50",Open
B-20346,V-1119,Cowlitz Creek Farms,CCF-61091,01/12/2026,01/27/2026,USD,"4,159.33",0.00,Paid
B-20347,V-1279,Willamette Valley Creamery,WVC-19515,12/29/2025,01/28/2026,USD,"7,555.97",0.00,Paid
B-20348,V-1147,Oregon Coast Seafood Traders,OCS-59053,04/27/2026,05/27/2026,USD,"7,948.69",0.00,Paid
B-20349,V-1209,Sound Cartage Co.,SCC-77359,06/08/2026,07/08/2026,USD,611.59,611.59,Open
B-20350,V-1242,Teton Valley Trout,TVT-23036,01/02/2026,02/01/2026,USD,"11,012.63",0.00,Paid
B-20351,V-1198,Emerald City Cold Storage,ECC-76162,06/03/2026,07/03/2026,USD,"2,352.21","2,352.21",Open
B-20352,V-1120,Columbia River Freightways,CRF-77985,04/09/2026,05/09/2026,USD,"3,875.74",0.00,Paid
B-20353,V-1119,Cowlitz Creek Farms,CCF-61440,06/08/2026,06/23/2026,USD,"5,901.59",0.00,Paid
B-20354,V-1299,Evergreen Box & Film,EBF-19431,02/02/2026,03/04/2026,USD,"2,900.29",0.00,Paid
B-20355,V-1242,Teton Valley Trout,TVT-23084,01/26/2026,02/25/2026,USD,"12,471.74",0.00,Paid
B-20356,V-1031,Tualatin Hazelnut Co.,THC-26263,04/02/2026,05/02/2026,USD,"14,784.83",0.00,Paid
B-20357,V-1270,Santiam Canning Co.,SCC-51675,01/26/2026,02/10/2026,USD,"5,792.55",0.00,Paid
B-20359,V-1127,Nooksack Berry Growers,NBG-54206,02/02/2026,02/17/2026,USD,"6,733.44",0.00,Paid
B-20360,V-1290,Columbia Gorge Orchards,CGO-75914,12/15/2025,01/14/2026,USD,"11,063.35",0.00,Paid
B-20361,V-1223,Malheur Onion Co.,MOC-17259,05/11/2026,06/10/2026,USD,"9,164.22",0.00,Paid
B-20362,V-1136,Hells Canyon Honey,HCH-37528,06/26/2026,07/26/2026,USD,"9,681.61","9,681.61",Open
B-20364,V-1216,Chinook Smokehouse Co.,CSC-57075,03/30/2026,04/29/2026,USD,"7,002.27",0.00,Paid
B-20365,V-1023,Clearwater Creamery,CC-67948,02/17/2026,03/19/2026,USD,"14,913.41",0.00,Paid
B-20366,V-1288,Wallowa Grass-Fed Beef,WGB-72020,04/27/2026,05/27/2026,USD,"13,254.14",0.00,Paid
B-20367,V-1227,Blue Mountain Carriers,BMC-59560,02/23/2026,03/25/2026,USD,"3,537.17",0.00,Paid
B-20368,V-1120,Columbia River Freightways,CRF-78130,06/25/2026,07/25/2026,USD,"1,225.35","1,225.35",Open
B-20369,V-1294,Umpqua Oat Mill,UOM-15914,04/09/2026,05/09/2026,USD,"7,404.03",0.00,Paid
B-20370,V-1066,Willamette Sanitation Supply,WSS-12676,06/16/2026,07/16/2026,USD,375.79,375.79,Open
B-20371,V-1237,McKenzie River Mills,MRM-67680,12/16/2025,01/15/2026,USD,"4,405.17",0.00,Paid
B-20372,V-1142,Umatilla Specialty Produce,USP-31977,01/06/2026,02/05/2026,USD,"4,443.43",0.00,Paid
B-20374,V-1023,Clearwater Creamery,CC-68236,06/22/2026,07/22/2026,USD,"12,393.52","12,393.52",Open
B-20375,V-1181,Duwamish Industrial Partners,RENT-2026-06,06/01/2026,06/01/2026,USD,"6,420.00",0.00,Paid
B-20376,V-1074,Scappoose Organic Farms,SOF-71130,05/08/2026,06/07/2026,USD,"9,380.31",0.00,Paid
B-20377,V-1204,Northwest Reefer Transport,NRT-66688,06/01/2026,07/01/2026,USD,"2,911.37",0.00,Paid
B-20378,V-1209,Sound Cartage Co.,SCC-76998,02/02/2026,03/04/2026,USD,635.24,0.00,Paid
B-20379,V-1288,Wallowa Grass-Fed Beef,WGB-72078,05/18/2026,06/17/2026,USD,"14,143.18",0.00,Paid
B-20380,V-1105,Everbright Electric Contractors,EEC-36220,05/25/2026,06/24/2026,USD,"4,875.30",0.00,Paid
B-20381,V-1077,Puget Sound Shellfish Co.,PSS-18858,04/09/2026,05/09/2026,USD,"12,981.44",0.00,Paid
B-20384,V-1227,Blue Mountain Carriers,BMC-59686,04/13/2026,05/13/2026,USD,"2,221.74",0.00,Paid
B-20385,V-1277,Metro Waste Haulers,MWH-42737,02/25/2026,03/27/2026,USD,607.76,0.00,Paid
B-20387,V-1074,Scappoose Organic Farms,SOF-71196,06/23/2026,07/23/2026,USD,"9,323.64","9,323.64",Open
B-20389,V-1237,McKenzie River Mills,MRM-67496,04/07/2026,05/07/2026,USD,"9,639.85",0.00,Paid
B-20390,V-1279,Willamette Valley Creamery,WVC-19126,01/26/2026,02/25/2026,USD,"9,472.42",0.00,Paid
B-20391,V-1279,Willamette Valley Creamery,WVC-19472,06/12/2026,07/12/2026,USD,"11,874.59","11,874.59",Open
B-20392,V-1119,Cowlitz Creek Farms,CCF-61115,01/23/2026,02/07/2026,USD,"15,339.14",0.00,Paid
B-20393,V-1252,Snake River Trout Farms,SRT-48050,01/07/2026,02/06/2026,USD,"11,835.92",0.00,Paid
B-20395,V-1211,Portland General Utilities,PGU-43245,01/13/2026,02/02/2026,USD,"1,263.51",0.00,Paid
B-20396,V-1237,McKenzie River Mills,MRM-67689,12/22/2025,01/21/2026,USD,"13,314.07",0.00,Paid
B-20397,V-1233,Lummi Bay Seafood,LBS-35216,01/22/2026,02/21/2026,USD,"9,573.84",0.00,Paid
B-20398,V-1216,Chinook Smokehouse Co.,CSC-56971,01/22/2026,02/21/2026,USD,"11,971.93",0.00,Paid
B-20399,V-1055,Wenatchee Pear Packers,WPP-34498,03/26/2026,04/25/2026,USD,"12,738.18",0.00,Paid
B-20400,V-1288,Wallowa Grass-Fed Beef,WGB-72215,06/24/2026,07/24/2026,USD,"12,056.36","12,056.36",Open
B-20401,V-1204,Northwest Reefer Transport,NRT-66735,06/18/2026,07/18/2026,USD,"3,531.19","3,531.19",Open
B-20402,V-1058,Ridgeline Express,RE-17630,05/25/2026,06/24/2026,USD,655.62,0.00,Paid
B-20403,V-1280,Grande Ronde Poultry,GRP-20633,12/29/2025,01/13/2026,USD,"7,635.68",0.00,Paid
B-20404,V-1200,Yamhill Charcuterie,YC-21098,02/25/2026,03/27/2026,USD,"14,881.00",0.00,Paid
B-20405,V-1266,Silvies River Lamb,SRL-64404,03/23/2026,04/22/2026,USD,"7,835.27",0.00,Paid
B-20406,V-1288,Wallowa Grass-Fed Beef,WGB-71873,01/26/2026,02/25/2026,USD,"12,078.21",0.00,Paid
B-20407,V-1266,Silvies River Lamb,SRL-64462,04/02/2026,05/02/2026,USD,"15,777.79",0.00,Paid
B-20408,V-1151,Walla Walla Onion Growers,WWO-23028,02/17/2026,03/19/2026,USD,"10,265.80",0.00,Paid
B-20410,V-1291,Palouse Lentil Growers,PLG-19563,03/17/2026,04/01/2026,USD,"12,381.65",0.00,Paid
B-20411,V-1120,Columbia River Freightways,CRF-77942,03/26/2026,04/25/2026,USD,"2,889.50",0.00,Paid
B-20412,V-1003,Ridgewire Telecom,RT-27266,05/27/2026,06/16/2026,USD,"1,332.61",0.00,Paid
B-20413,V-1021,Harborview Sign Co.,HSC-72931,01/05/2026,02/04/2026,USD,567.58,0.00,Paid
B-20414,V-1266,Silvies River Lamb,SRL-64583,05/27/2026,06/26/2026,USD,"6,236.83",0.00,Paid
B-20415,V-1290,Columbia Gorge Orchards,COL-79503,06/08/2026,07/08/2026,USD,"6,238.95",0.00,Paid
B-20416,V-1142,Umatilla Specialty Produce,USP-32249,04/08/2026,05/08/2026,USD,"5,646.36",0.00,Paid
B-20418,V-1233,Lummi Bay Seafood,LBS-35562,12/15/2025,01/14/2026,USD,"12,871.67",0.00,Paid
B-20419,V-1270,Santiam Canning Co.,SCC-51652,01/05/2026,01/20/2026,USD,"9,690.36",0.00,Paid
B-20420,V-1291,Palouse Lentil Growers,PLG-19684,05/14/2026,05/29/2026,USD,"7,406.71",0.00,Paid
B-20421,V-1291,Palouse Lentil Growers,PLG-19612,04/06/2026,04/21/2026,USD,"14,146.78",0.00,Paid
B-20422,V-1011,Klamath Basin Potato Co.,KBP-11421,01/12/2026,02/11/2026,USD,"15,054.62",0.00,Paid
B-20424,V-1233,Lummi Bay Seafood,LBS-35513,06/15/2026,07/15/2026,USD,"7,158.71","7,158.71",Open
B-20425,V-1213,Pinnacle Payroll Services,PPS-65113,05/08/2026,06/07/2026,USD,413.64,0.00,Paid
B-20426,V-1045,Talent Bridge Staffing,TBS-63591,01/19/2026,02/18/2026,USD,"2,226.48",0.00,Paid
B-20427,V-1290,Columbia Gorge Orchards,CGO-75732,03/06/2026,04/05/2026,USD,"15,465.85",0.00,Paid
B-20428,V-1220,Treasure Valley Trucking,TVT-65791,02/02/2026,03/04/2026,USD,"3,260.66",0.00,Paid
B-20430,V-1239,Newberg Nut Growers,NNG-32384,06/08/2026,07/08/2026,USD,"12,537.79","12,537.79",Open
B-20432,V-1077,Puget Sound Shellfish Co.,PSS-18869,04/28/2026,05/28/2026,USD,"13,936.59",0.00,Paid
B-20433,V-1216,Chinook Smokehouse Co.,CSC-57151,05/11/2026,06/10/2026,USD,"9,481.42",0.00,Paid
B-20434,V-1031,Tualatin Hazelnut Co.,THC-26356,06/10/2026,07/10/2026,USD,"4,190.48","4,190.48",Open
B-20435,V-1205,Methow Valley Apples,MVA-59404,06/18/2026,07/03/2026,USD,"9,213.44","9,213.44",Open
B-20436,V-1223,Malheur Onion Co.,MOC-17378,12/12/2025,01/11/2026,USD,"9,945.83",0.00,Paid
B-20437,V-1151,Walla Walla Onion Growers,WWO-23053,02/24/2026,03/26/2026,USD,"4,150.11",0.00,Paid
B-20438,V-1292,Hermiston Melon Farms,HMF-63940,05/04/2026,05/19/2026,USD,"8,498.19",0.00,Paid
B-20439,V-1284,Hood Canal Oyster Co.,HCO-69192,02/10/2026,03/12/2026,USD,"9,447.13",0.00,Paid
B-20441,V-1220,Treasure Valley Trucking,TVT-65761,01/30/2026,03/01/2026,USD,"1,330.83",0.00,Paid
B-20442,V-1280,Grande Ronde Poultry,GRP-20296,01/26/2026,02/10/2026,USD,"14,438.98",0.00,Paid
B-20443,V-1205,Methow Valley Apples,MVA-59088,01/06/2026,01/21/2026,USD,"10,961.48",0.00,Paid
B-20444,V-1193,Chehalis Valley Eggs,CVE-60885,01/02/2026,02/01/2026,USD,"4,037.95",0.00,Paid
B-20445,V-1280,Grande Ronde Poultry,GRP-20257,01/13/2026,01/28/2026,USD,"15,304.07",0.00,Paid
B-20446,V-1226,Skagit Valley Grains,SVG-15574,04/02/2026,05/02/2026,USD,"10,475.53",0.00,Paid
B-20447,V-1011,Klamath Basin Potato Co.,KBP-11632,03/30/2026,04/29/2026,USD,"13,263.82",0.00,Paid
B-20448,V-1235,Bitterroot Bakehouse Supply,BBS-56866,06/25/2026,07/25/2026,USD,"14,258.64","14,258.64",Open
B-20449,V-1255,Coquille Dairy Cooperative,CDC-45419,12/22/2025,01/21/2026,USD,"5,468.04",0.00,Paid
B-20450,V-1251,Payette Valley Beef,PVB-56906,06/09/2026,07/09/2026,USD,"10,659.29","10,659.29",Open
B-20451,V-1143,CloudLedger Software,CS-70102,03/26/2026,04/25/2026,USD,630.75,0.00,Paid
B-20452,V-1055,Wenatchee Pear Packers,WPP-34624,06/04/2026,07/04/2026,USD,"4,934.80","4,934.80",Open
B-20453,V-1160,Hollis & Ward CPAs,HWC-33142,05/12/2026,06/11/2026,USD,"9,047.07",0.00,Paid
B-20455,V-1211,Portland General Utilities,PGU-43313,03/14/2026,04/03/2026,USD,"1,184.62",0.00,Paid
B-20457,V-1237,McKenzie River Mills,MRM-67449,03/23/2026,04/22/2026,USD,"9,049.50",0.00,Paid
B-20458,V-1204,Northwest Reefer Transport,NRT-66200,01/06/2026,02/05/2026,USD,"2,719.29",0.00,Paid
B-20459,V-1197,Northgate IT Partners,NIP-72440,05/18/2026,06/17/2026,USD,"2,346.30",0.00,Paid
B-20460,V-1289,Blue Heron Preserves,BHP-43596,02/16/2026,03/03/2026,USD,"9,279.88",0.00,Paid
B-20461,V-1252,Snake River Trout Farms,SRT-48159,02/18/2026,03/20/2026,USD,"11,444.67",0.00,Paid
B-20462,V-1205,Methow Valley Apples,MVA-59298,03/27/2026,04/11/2026,USD,"9,163.57",0.00,Paid
B-20463,V-1239,Newberg Nut Growers,NNG-32343,05/22/2026,06/21/2026,USD,"7,708.43",0.00,Paid
B-20464,V-1235,Bitterroot Bakehouse Supply,BBS-56697,03/04/2026,04/03/2026,USD,"14,073.25",0.00,Paid
B-20466,V-1252,Snake River Trout Farms,SRT-48441,06/22/2026,07/22/2026,USD,"4,129.92","4,129.92",Open
B-20467,V-1160,Hollis & Ward CPAs,HWC-33138,03/09/2026,04/08/2026,USD,"13,929.10",0.00,Paid
B-20468,V-1124,Coos Bay Crab Co.,CBC-43063,01/05/2026,02/04/2026,USD,"10,575.43",0.00,Paid
B-20469,V-1288,Wallowa Grass-Fed Beef,WGB-71889,02/09/2026,03/11/2026,USD,"12,077.27",0.00,Paid
B-20470,V-1274,Olympic Peninsula Mushrooms,OPM-33843,04/30/2026,05/15/2026,USD,"15,062.74",0.00,Paid
B-20472,V-1204,Northwest Reefer Transport,NRT-66426,02/23/2026,03/25/2026,USD,"4,226.24",0.00,Paid
B-20473,V-1242,Teton Valley Trout,TVT-23467,06/22/2026,07/22/2026,USD,"11,828.82","11,828.82",Open
B-20474,V-1205,Methow Valley Apples,MVA-59349,05/04/2026,05/19/2026,USD,"10,898.95",0.00,Paid
B-20475,V-1292,Hermiston Melon Farms,HMF-63907,04/23/2026,05/08/2026,USD,"13,655.01",0.00,Paid
B-20476,V-1020,Cascade Coldchain Logistics,CCL-22572,02/17/2026,03/19/2026,USD,"4,794.14",0.00,Paid
B-20477,V-1244,Portland Fleet Wash,PFW-12724,06/05/2026,07/05/2026,USD,368.15,368.15,Open
B-20478,V-1209,Sound Cartage Co.,SCC-77307,05/25/2026,06/24/2026,USD,"1,019.45",0.00,Paid
B-20479,V-1120,Columbia River Freightways,CRF-78073,06/04/2026,07/04/2026,USD,"3,726.00","3,726.00",Open
B-20480,V-1074,Scappoose Organic Farms,SOF-71237,12/09/2025,01/08/2026,USD,"13,627.78",0.00,Paid
B-20481,V-1119,Cowlitz Creek Farms,CCF-61255,03/09/2026,03/24/2026,USD,"14,853.32",0.00,Paid
B-20482,V-1127,Nooksack Berry Growers,NBG-54433,05/11/2026,05/26/2026,USD,"10,903.87",0.00,Paid
B-20483,V-1227,Blue Mountain Carriers,BMC-59389,01/02/2026,02/01/2026,USD,"1,723.00",0.00,Paid
B-20484,V-1294,Umpqua Oat Mill,UOM-15824,02/13/2026,03/15/2026,USD,"14,274.51",0.00,Paid
B-20485,V-1143,CloudLedger Software,CS-70081,02/27/2026,03/29/2026,USD,544.30,0.00,Paid
B-20487,V-1281,Boardman Tree Fruit,BTF-48275,01/30/2026,03/01/2026,USD,"10,792.66",0.00,Paid
B-20489,V-1281,Boardman Tree Fruit,BTF-48456,05/13/2026,06/12/2026,USD,"14,439.46",0.00,Paid
B-20490,V-1292,Hermiston Melon Farms,HMF-64010,06/16/2026,07/01/2026,USD,"5,753.31",0.00,Paid
B-20491,V-1151,Walla Walla Onion Growers,WWO-23132,03/30/2026,04/29/2026,USD,"9,837.24",0.00,Paid
B-20492,V-1011,Klamath Basin Potato Co.,KBP-11758,05/14/2026,06/13/2026,USD,"14,568.03",0.00,Paid
B-20493,V-1284,Hood Canal Oyster Co.,HCO-69335,04/20/2026,05/20/2026,USD,"7,841.92",0.00,Paid
B-20494,V-1185,Mill Creek Temp Controls,MCT-57675,03/16/2026,04/15/2026,USD,"1,123.14",0.00,Paid
B-20495,V-1236,Kittitas Hay & Grain,KHG-25717,05/06/2026,05/21/2026,USD,"9,509.86",0.00,Paid
B-20496,V-1276,Critter Guard Pest Control,CGP-56384,01/27/2026,02/26/2026,USD,261.75,0.00,Paid
B-20497,V-1136,Hells Canyon Honey,HCH-37302,03/12/2026,04/11/2026,USD,"6,969.92",0.00,Paid
B-20498,V-1204,Northwest Reefer Transport,NRT-66473,03/16/2026,04/15/2026,USD,"3,081.94",0.00,Paid
B-20499,V-1280,Grande Ronde Poultry,GRP-20455,04/27/2026,05/12/2026,USD,"6,962.48",0.00,Paid
B-20500,V-1015,Deschutes Brewing Supply Co-op,DBS-69650,02/02/2026,03/04/2026,USD,"10,697.47",0.00,Paid
B-20501,V-1080,Mt. Hood Berry Farm,MHB-48841,12/22/2025,01/21/2026,USD,"13,075.67",0.00,Paid
B-20502,V-1244,Portland Fleet Wash,PFW-12660,03/18/2026,04/17/2026,USD,314.53,0.00,Paid
B-20504,V-1279,Willamette Valley Creamery,WVC-19320,04/20/2026,05/20/2026,USD,"15,648.52",0.00,Paid
B-20505,V-1078,Rogue Valley Cheese Works,RVC-37221,02/25/2026,03/27/2026,USD,"9,372.47",0.00,Paid
B-20506,V-1119,Cowlitz Creek Farms,CCF-61226,02/25/2026,03/12/2026,USD,"14,537.64",0.00,Paid
B-20508,V-1290,Columbia Gorge Orchards,CGO-75866,05/12/2026,06/11/2026,USD,"13,743.03",0.00,Paid
B-20509,V-1236,Kittitas Hay & Grain,KHG-25587,03/16/2026,03/31/2026,USD,"3,984.35",0.00,Paid
B-20510,V-1120,Columbia River Freightways,CRF-77915,03/16/2026,04/15/2026,USD,"3,408.45",0.00,Paid
B-20511,V-1227,Blue Mountain Carriers,BMC-59842,12/23/2025,01/22/2026,USD,"2,086.35",0.00,Paid
B-20512,V-1223,Malheur Onion Co.,MOC-17043,01/01/2026,01/31/2026,USD,"7,463.12",0.00,Paid
B-20513,V-1124,Coos Bay Crab Co.,CBC-43102,01/27/2026,02/26/2026,USD,"13,646.68",0.00,Paid
B-20515,V-1147,Oregon Coast Seafood Traders,OCS-59043,04/13/2026,05/13/2026,USD,"11,960.76",0.00,Paid
B-20517,V-1216,Chinook Smokehouse Co.,CSC-57254,12/15/2025,01/14/2026,USD,"10,398.04",0.00,Paid
B-20518,V-1127,Nooksack Berry Growers,NBG-54494,12/19/2025,01/03/2026,USD,"13,031.60",0.00,Paid
B-20519,V-1292,Hermiston Melon Farms,HMF-63753,02/09/2026,02/24/2026,USD,"7,937.93",0.00,Paid
B-20521,V-1216,Chinook Smokehouse Co.,CSC-57068,03/18/2026,04/17/2026,USD,"14,910.09",0.00,Paid
B-20523,V-1128,Yakima Hop & Herb,YHH-36324,04/13/2026,05/13/2026,USD,"11,805.71",0.00,Paid
B-20524,V-1042,Pacific Coast Packaging LLC,PCP-23177,02/06/2026,03/08/2026,USD,"8,621.94",0.00,Paid
B-20525,V-1291,Palouse Lentil Growers,PLG-19644,05/01/2026,05/16/2026,USD,"11,389.57",0.00,Paid
B-20526,V-1078,Rogue Valley Cheese Works,RVC-37140,01/12/2026,02/11/2026,USD,"9,652.64",0.00,Paid
B-20527,V-1080,Mt. Hood Berry Farm,MHB-48453,01/30/2026,03/01/2026,USD,"12,447.52",0.00,Paid
B-20528,V-1292,Hermiston Melon Farms,HMF-63844,03/23/2026,04/07/2026,USD,"10,562.67",0.00,Paid
B-20529,V-1128,Yakima Hop & Herb,YHH-36399,06/15/2026,07/15/2026,USD,"9,744.58","9,744.58",Open
B-20531,V-1020,Cascade Coldchain Logistics,CCL-22480,01/12/2026,02/11/2026,USD,"4,598.67",0.00,Paid
B-20532,V-1151,Walla Walla Onion Growers,WWO-23323,06/09/2026,07/09/2026,USD,"10,332.75","10,332.75",Open
B-20533,V-1233,Lummi Bay Seafood,LBS-35349,03/23/2026,04/22/2026,USD,"15,115.47",0.00,Paid
B-20535,V-1239,Newberg Nut Growers,NNG-32472,12/24/2025,01/23/2026,USD,"5,255.37",0.00,Paid
B-20536,V-1226,Skagit Valley Grains,SVG-15726,06/19/2026,07/19/2026,USD,"14,466.03","14,466.03",Open
B-20537,V-1042,Pacific Coast Packaging LLC,PCP-23104,01/19/2026,02/18/2026,USD,"7,907.90",0.00,Paid
B-20540,V-1011,Klamath Basin Potato Co.,KBP-11806,06/08/2026,07/08/2026,USD,"9,820.78","9,820.78",Open
B-20541,V-1055,Wenatchee Pear Packers,WPP-34630,06/11/2026,07/11/2026,USD,"9,908.64","9,908.64",Open
B-20542,V-1015,Deschutes Brewing Supply Co-op,DBS-69895,06/23/2026,07/23/2026,USD,"5,873.84","5,873.84",Open
B-20543,V-1239,Newberg Nut Growers,NNG-32240,04/10/2026,05/10/2026,USD,"6,730.38",0.00,Paid
B-20544,V-1290,Columbia Gorge Orchards,CGO-75679,02/06/2026,03/08/2026,USD,"14,225.98",0.00,Paid
B-20545,V-1242,Teton Valley Trout,TVT-23386,05/19/2026,06/18/2026,USD,"7,097.78",0.00,Paid
B-20546,V-1281,Boardman Tree Fruit,BTF-48435,04/17/2026,05/17/2026,USD,"11,420.85",0.00,Paid
B-20547,V-1119,Cowlitz Creek Farms,CCF-61189,02/20/2026,03/07/2026,USD,"15,736.76",0.00,Paid
B-20548,V-1080,Mt. Hood Berry Farm,MHB-48416,01/08/2026,02/07/2026,USD,"7,181.93",0.00,Paid
B-20549,V-1235,Bitterroot Bakehouse Supply,BBS-56727,03/30/2026,04/29/2026,USD,"5,438.51",0.00,Paid
B-20550,V-1227,Blue Mountain Carriers,BMC-59517,02/02/2026,03/04/2026,USD,"2,743.69",0.00,Paid
B-20551,V-1077,Puget Sound Shellfish Co.,PSS-18807,02/18/2026,03/20/2026,USD,"4,253.13",0.00,Paid
B-20552,V-1031,Tualatin Hazelnut Co.,THC-26142,02/09/2026,03/11/2026,USD,"8,687.07",0.00,Paid
B-20553,V-1213,Pinnacle Payroll Services,PPS-65055,03/03/2026,04/02/2026,USD,325.49,0.00,Paid
B-20554,V-1284,Hood Canal Oyster Co.,HCO-69186,01/26/2026,02/25/2026,USD,"11,669.97",0.00,Paid
B-20555,V-1220,Treasure Valley Trucking,TVT-66069,04/22/2026,05/22/2026,USD,"2,619.49",0.00,Paid
B-20556,V-1209,Sound Cartage Co.,SCC-77102,03/17/2026,04/16/2026,USD,"2,834.08",0.00,Paid
B-20557,V-1235,Bitterroot Bakehouse Supply,BBS-56594,01/23/2026,02/22/2026,USD,"14,132.93",0.00,Paid
B-20558,V-1018,Keystone Scale & Calibration,KSC-62426,03/09/2026,04/08/2026,USD,869.81,0.00,Paid
B-20559,V-1204,Northwest Reefer Transport,NRT-66334,02/02/2026,03/04/2026,USD,"1,699.23",0.00,Paid
B-20560,V-1074,Scappoose Organic Farms,SOF-70851,01/06/2026,02/05/2026,USD,"13,562.57",0.00,Paid
B-20561,V-1120,Columbia River Freightways,CRF-77756,01/16/2026,02/15/2026,USD,884.09,0.00,Paid
B-20562,V-1279,Willamette Valley Creamery,WVC-19303,04/06/2026,05/06/2026,USD,"6,401.08",0.00,Paid
B-20563,V-1077,Puget Sound Shellfish Co.,PSS-19007,06/18/2026,07/18/2026,USD,"5,230.09","5,230.09",Open
B-20564,V-1011,Klamath Basin Potato Co.,KBP-11793,05/25/2026,06/24/2026,USD,"3,878.96",0.00,Paid
B-20565,V-1058,Ridgeline Express,RE-17393,01/14/2026,02/13/2026,USD,"1,557.30",0.00,Paid
B-20566,V-1015,Deschutes Brewing Supply Co-op,DBS-69747,03/17/2026,04/16/2026,USD,"13,264.43",0.00,Paid
B-20567,V-1263,Summit Refrigeration Services,SRS-17974,02/23/2026,03/25/2026,USD,"3,288.99",0.00,Paid
B-20568,V-1288,Wallowa Grass-Fed Beef,WGB-72189,06/11/2026,07/11/2026,USD,"4,824.05","4,824.05",Open
B-20569,V-1011,Klamath Basin Potato Co.,KBP-11686,04/16/2026,05/16/2026,USD,"5,460.05",0.00,Paid
B-20570,V-1237,McKenzie River Mills,MRM-67358,02/09/2026,03/11/2026,USD,"8,320.34",0.00,Paid
B-20571,V-1281,Boardman Tree Fruit,BTF-48576,12/10/2025,01/09/2026,USD,"12,754.27",0.00,Paid
B-20573,V-1151,Walla Walla Onion Growers,WWO-22971,01/26/2026,02/25/2026,USD,"13,921.38",0.00,Paid
B-20574,V-1233,Lummi Bay Seafood,LBS-35255,02/09/2026,03/11/2026,USD,"10,333.07",0.00,Paid
B-20577,V-1151,Walla Walla Onion Growers,WWO-22982,02/02/2026,03/04/2026,USD,"12,878.90",0.00,Paid
B-20578,V-1155,Pacific Fleet Fuel,PFF-25874,01/29/2026,02/28/2026,USD,"3,584.63",0.00,Paid
B-20579,V-1166,Crown Linen & Uniform,CLU-45544,01/19/2026,02/18/2026,USD,532.00,0.00,Paid
B-20581,V-1147,Oregon Coast Seafood Traders,OCS-58951,03/03/2026,04/02/2026,USD,"14,989.96",0.00,Paid
B-20582,V-1251,Payette Valley Beef,PVB-56701,03/12/2026,04/11/2026,USD,"7,861.22",0.00,Paid
B-20583,V-1270,Santiam Canning Co.,SCC-51696,02/09/2026,02/24/2026,USD,"5,046.20",0.00,Paid
B-20584,V-1120,Columbia River Freightways,CRF-77799,02/02/2026,03/04/2026,USD,896.28,0.00,Paid
B-20585,V-1161,Salem Pallet Recyclers,SPR-14279,05/18/2026,06/17/2026,USD,495.56,0.00,Paid
B-20586,V-1058,Ridgeline Express,RE-17700,06/15/2026,07/15/2026,USD,"2,202.60","2,202.60",Open
B-20587,V-1270,Santiam Canning Co.,SCC-51925,05/15/2026,05/30/2026,USD,"14,537.59",0.00,Paid
B-20588,V-1173,Nisqually Salmon Co.,NSC-72096,06/08/2026,07/08/2026,USD,"4,804.89","4,804.89",Open
B-20589,V-1206,Pend Oreille Wild Rice,POW-23661,01/06/2026,02/05/2026,USD,"9,340.26",0.00,Paid
B-20590,V-1216,Chinook Smokehouse Co.,CSC-57128,04/27/2026,05/27/2026,USD,"5,828.57",0.00,Paid
B-20591,V-1266,Silvies River Lamb,SRL-64490,04/27/2026,05/27/2026,USD,"7,082.30",0.00,Paid
B-20592,V-1239,Newberg Nut Growers,NNG-32027,02/09/2026,03/11/2026,USD,"10,185.59",0.00,Paid
B-20593,V-1120,Columbia River Freightways,CRF-77836,02/10/2026,03/12/2026,USD,"3,537.68",0.00,Paid
B-20594,V-1136,Hells Canyon Honey,HCH-37220,01/21/2026,02/20/2026,USD,"3,824.60",0.00,Paid
B-20595,V-1251,Payette Valley Beef,PVB-56797,04/17/2026,05/17/2026,USD,"9,653.33",0.00,Paid
B-20596,V-1216,Chinook Smokehouse Co.,CSC-57223,06/24/2026,07/24/2026,USD,"10,331.51","10,331.51",Open
B-20597,V-1281,Boardman Tree Fruit,BTF-48385,03/23/2026,04/22/2026,USD,"7,322.99",0.00,Paid
B-20598,V-1197,Northgate IT Partners,NIP-72361,02/27/2026,03/29/2026,USD,"2,218.72",0.00,Paid
B-20599,V-1173,Nisqually Salmon Co.,NSC-71830,03/10/2026,04/09/2026,USD,"14,693.60",0.00,Paid
B-20600,V-1284,Hood Canal Oyster Co.,HCO-69481,12/15/2025,01/14/2026,USD,"6,073.06",0.00,Paid
B-20601,V-1223,Malheur Onion Co.,MOC-17123,02/11/2026,03/13/2026,USD,"11,545.79",0.00,Paid
B-20602,V-1200,Yamhill Charcuterie,YC-21178,03/30/2026,04/29/2026,USD,"6,970.61",0.00,Paid
B-20603,V-1205,Methow Valley Apples,MVA-59357,05/18/2026,06/02/2026,USD,"4,226.91",0.00,Paid
B-20604,V-1216,Chinook Smokehouse Co.,CSC-56950,01/02/2026,02/01/2026,USD,"11,425.77",0.00,Paid
B-20605,V-1291,Palouse Lentil Growers,PLG-19537,02/23/2026,03/10/2026,USD,"12,300.99",0.00,Paid
B-20606,V-1294,Umpqua Oat Mill,UOM-15772,01/14/2026,02/13/2026,USD,"11,613.49",0.00,Paid
B-20607,V-1236,Kittitas Hay & Grain,KHG-25781,05/25/2026,06/09/2026,USD,"10,975.92",0.00,Paid
B-20608,V-1051,Stumptown Office Supply,SOS-11998,04/10/2026,05/10/2026,USD,330.21,0.00,Paid
B-20610,V-1200,Yamhill Charcuterie,YC-21026,01/26/2026,02/25/2026,USD,"4,524.02",0.00,Paid
B-20611,V-1128,Yakima Hop & Herb,YHH-36339,04/27/2026,05/27/2026,USD,"11,857.92",0.00,Paid
B-20612,V-1280,Grande Ronde Poultry,GRP-20567,06/15/2026,06/30/2026,USD,"5,629.44",0.00,Paid
B-20614,V-1252,Snake River Trout Farms,SRT-48464,12/22/2025,01/21/2026,USD,"13,654.44",0.00,Paid
B-20615,V-1224,Siuslaw Cranberry Growers,SCG-27341,02/27/2026,03/29/2026,USD,"13,772.56",0.00,Paid
B-20616,V-1042,Pacific Coast Packaging LLC,PCP-23090,01/02/2026,02/01/2026,USD,"3,084.45",0.00,Paid
B-20617,V-1276,Critter Guard Pest Control,CGP-56430,04/14/2026,05/14/2026,USD,396.34,0.00,Paid
B-20618,V-1155,Pacific Fleet Fuel,PFF-25896,02/09/2026,03/11/2026,USD,"1,888.15",0.00,Paid
B-20619,V-1074,Scappoose Organic Farms,SOF-70904,01/23/2026,02/22/2026,USD,"13,430.54",0.00,Paid
B-20620,V-1236,Kittitas Hay & Grain,KHG-25427,01/08/2026,01/23/2026,USD,"7,628.58",0.00,Paid
B-20621,V-1213,Pinnacle Payroll Services,PPS-65090,04/06/2026,05/06/2026,USD,404.24,0.00,Paid
B-20622,V-1015,Deschutes Brewing Supply Co-op,DBS-69701,02/17/2026,03/19/2026,USD,"13,575.90",0.00,Paid
B-20623,V-1265,Coastline Shredding,CS-36302,04/24/2026,05/24/2026,USD,136.24,0.00,Paid
B-20624,V-1242,Teton Valley Trout,TVT-23265,04/08/2026,05/08/2026,USD,"7,960.34",0.00,Paid
B-20625,V-1205,Methow Valley Apples,MVA-59170,02/03/2026,02/18/2026,USD,"4,789.97",0.00,Paid
B-20626,V-1290,Columbia Gorge Orchards,CGO-75882,06/01/2026,07/01/2026,USD,"11,033.05",0.00,Paid
B-20627,V-1279,Willamette Valley Creamery,WVC-19234,03/09/2026,04/08/2026,USD,"5,468.05",0.00,Paid
B-20628,V-1224,Siuslaw Cranberry Growers,SCG-27536,05/27/2026,06/26/2026,USD,"7,876.22",0.00,Paid
B-20630,V-1031,Tualatin Hazelnut Co.,THC-26089,01/05/2026,02/04/2026,USD,"7,429.25",0.00,Paid
B-20631,V-1080,Mt. Hood Berry Farm,MHB-48527,03/24/2026,04/23/2026,USD,"10,617.43",0.00,Paid
B-20632,V-1237,McKenzie River Mills,MRM-67380,02/17/2026,03/19/2026,USD,"8,769.40",0.00,Paid
B-20633,V-1077,Puget Sound Shellfish Co.,PSS-18855,03/20/2026,04/19/2026,USD,"8,006.47",0.00,Paid
B-20634,V-1279,Willamette Valley Creamery,WVC-19300,04/03/2026,05/03/2026,USD,"8,078.51",0.00,Paid
B-20635,V-1284,Hood Canal Oyster Co.,HCO-69298,04/06/2026,05/06/2026,USD,"10,954.32",0.00,Paid
B-20636,V-1128,Yakima Hop & Herb,YHH-36141,01/05/2026,02/04/2026,USD,"11,556.30",0.00,Paid
B-20637,V-1227,Blue Mountain Carriers,BMC-59727,05/06/2026,06/05/2026,USD,"2,177.75",0.00,Paid
B-20638,V-1294,Umpqua Oat Mill,UOM-15974,05/01/2026,05/31/2026,USD,"11,645.56",0.00,Paid
B-20639,V-1291,Palouse Lentil Growers,PLG-19701,06/02/2026,06/17/2026,USD,"8,260.16",0.00,Paid
B-20640,V-1239,Newberg Nut Growers,NNG-31928,01/12/2026,02/11/2026,USD,"3,815.87",0.00,Paid
B-20641,V-1251,Payette Valley Beef,PVB-56938,06/16/2026,07/16/2026,USD,"9,556.73","9,556.73",Open
B-20642,V-1261,Columbia Basin Water District,CBW-29327,02/10/2026,03/02/2026,USD,592.12,0.00,Paid
B-20643,V-1155,Pacific Fleet Fuel,PFF-26264,05/28/2026,06/27/2026,USD,"2,079.69",0.00,Paid
B-20644,V-1142,Umatilla Specialty Produce,USP-32417,06/17/2026,07/17/2026,USD,"5,102.79","5,102.79",Open
B-20645,V-1263,Summit Refrigeration Services,SRS-18032,05/21/2026,06/20/2026,USD,"7,744.55",0.00,Paid
B-20646,V-1274,Olympic Peninsula Mushrooms,OPM-33962,12/08/2025,12/23/2025,USD,"6,814.52",0.00,Paid
B-20647,V-1151,Walla Walla Onion Growers,WWO-23363,06/15/2026,07/15/2026,USD,"12,650.61","12,650.61",Open
B-20648,V-1042,Pacific Coast Packaging LLC,PCP-23095,01/12/2026,02/11/2026,USD,"7,620.55",0.00,Paid
B-20649,V-1180,Beaverton Forklift Leasing,BFL-51893,05/27/2026,06/26/2026,USD,"2,313.60",0.00,Paid
B-20650,V-1242,Teton Valley Trout,TVT-23132,02/17/2026,03/19/2026,USD,"15,651.48",0.00,Paid
B-20651,V-1042,Pacific Coast Packaging LLC,PCP-23236,03/04/2026,04/03/2026,USD,"8,098.56",0.00,Paid
B-20652,V-1058,Ridgeline Express,RE-17428,02/09/2026,03/11/2026,USD,"1,388.36",0.00,Paid
B-20653,V-1015,Deschutes Brewing Supply Co-op,DBS-69869,06/15/2026,07/15/2026,USD,"7,653.90","7,653.90",Open
B-20655,V-1167,Lombard Street Properties LLC,RENT-2026-02,02/01/2026,02/01/2026,USD,"8,500.00",0.00,Paid
B-20656,V-1291,Palouse Lentil Growers,PLG-19516,02/10/2026,02/25/2026,USD,"13,493.21",0.00,Paid
B-20657,V-1151,Walla Walla Onion Growers,WWO-22933,01/05/2026,02/04/2026,USD,"5,897.00",0.00,Paid
B-20658,V-1239,Newberg Nut Growers,NNG-32308,05/04/2026,06/03/2026,USD,"7,966.20",0.00,Paid
B-20659,V-1252,Snake River Trout Farms,SRT-48301,04/20/2026,05/20/2026,USD,"8,537.41",0.00,Paid
B-20660,V-1270,Santiam Canning Co.,SCC-51824,03/30/2026,04/14/2026,USD,"12,073.67",0.00,Paid
B-20661,V-1233,Lummi Bay Seafood,LBS-35203,01/05/2026,02/04/2026,USD,"8,765.25",0.00,Paid
B-20662,V-1290,Columbia Gorge Orchards,CGO-75696,02/12/2026,03/14/2026,USD,"15,646.39",0.00,Paid
B-20663,V-1291,Palouse Lentil Growers,PLG-19558,03/09/2026,03/24/2026,USD,"9,581.83",0.00,Paid
B-20664,V-1236,Kittitas Hay & Grain,KHG-25751,05/11/2026,05/26/2026,USD,"13,143.23",0.00,Paid
B-20665,V-1290,Columbia Gorge Orchards,CGO-75900,06/12/2026,07/12/2026,USD,"9,949.07","9,949.07",Open
B-20666,V-1142,Umatilla Specialty Produce,USP-32378,06/08/2026,07/08/2026,USD,"11,942.08","11,942.08",Open
B-20667,V-1031,Tualatin Hazelnut Co.,THC-26351,06/01/2026,07/01/2026,USD,"4,485.06",0.00,Paid
B-20668,V-1197,Northgate IT Partners,NIP-72401,04/20/2026,05/20/2026,USD,"2,512.48",0.00,Paid
B-20669,V-1280,Grande Ronde Poultry,GRP-20421,04/06/2026,04/21/2026,USD,"9,991.62",0.00,Paid
B-20670,V-1072,Gowen Field Commerce Park,RENT-2026-01,01/01/2026,01/01/2026,USD,"4,875.00",0.00,Paid
B-20671,V-1237,McKenzie River Mills,MRM-67660,06/23/2026,07/23/2026,USD,"12,739.94","12,739.94",Open
B-20673,V-1173,Nisqually Salmon Co.,NSC-71888,03/23/2026,04/22/2026,USD,"15,192.20",0.00,Paid
B-20674,V-1155,Pacific Fleet Fuel,PFF-26331,06/26/2026,07/26/2026,USD,"3,515.42","3,515.42",Open
B-20675,V-1151,Walla Walla Onion Growers,WWO-23250,05/11/2026,06/10/2026,USD,"4,673.76",0.00,Paid
B-20676,V-1224,Siuslaw Cranberry Growers,SCG-27438,04/03/2026,05/03/2026,USD,"11,757.61",0.00,Paid
B-20677,V-1284,Hood Canal Oyster Co.,HCO-69157,01/08/2026,02/07/2026,USD,"11,842.08",0.00,Paid
B-20678,V-1290,Columbia Gorge Orchards,CGO-75603,01/19/2026,02/18/2026,USD,"6,537.94",0.00,Paid
B-20679,V-1261,Columbia Basin Water District,CBW-29396,05/08/2026,05/28/2026,USD,506.02,0.00,Paid
B-20680,V-1166,Crown Linen & Uniform,CLU-45650,04/14/2026,05/14/2026,USD,382.17,0.00,Paid
B-20682,V-1155,Pacific Fleet Fuel,PFF-25974,03/06/2026,04/05/2026,USD,"2,896.59",0.00,Paid
B-20683,V-1042,Pacific Coast Packaging LLC,PCP-23244,03/16/2026,04/15/2026,USD,"3,583.91",0.00,Paid
B-20684,V-1058,Ridgeline Express,RE-17404,01/26/2026,02/25/2026,USD,453.66,0.00,Paid
B-20685,V-1045,Talent Bridge Staffing,TBS-63755,06/05/2026,07/05/2026,USD,"4,989.02","4,989.02",Open
B-20686,V-1058,Ridgeline Express,RE-17513,03/26/2026,04/25/2026,USD,"1,091.82",0.00,Paid
B-20688,V-1216,Chinook Smokehouse Co.,CSC-57022,03/02/2026,04/01/2026,USD,"13,635.20",0.00,Paid
B-20689,V-1279,Willamette Valley Creamery,WVC-19113,01/19/2026,02/18/2026,USD,"6,268.62",0.00,Paid
B-20690,V-1055,Wenatchee Pear Packers,WPP-34543,04/13/2026,05/13/2026,USD,"12,139.04",0.00,Paid
B-20692,V-1127,Nooksack Berry Growers,NBG-54193,01/15/2026,01/30/2026,USD,"11,912.13",0.00,Paid
B-20693,V-1274,Olympic Peninsula Mushrooms,OPM-33865,05/18/2026,06/02/2026,USD,"10,672.22",0.00,Paid
B-20694,V-1294,Umpqua Oat Mill,UOM-15873,03/16/2026,04/15/2026,USD,"13,991.96",0.00,Paid
B-20695,V-1252,Snake River Trout Farms,SRT-48213,03/23/2026,04/22/2026,USD,"13,098.59",0.00,Paid
B-20698,V-1042,Pacific Coast Packaging LLC,PCP-23367,04/21/2026,05/21/2026,USD,"2,465.12",0.00,Paid
B-20699,V-1209,Sound Cartage Co.,SCC-77008,02/13/2026,03/15/2026,USD,"2,320.13",0.00,Paid
B-20700,V-1223,Malheur Onion Co.,MOC-17320,06/04/2026,07/04/2026,USD,"10,772.30","10,772.30",Open
B-20701,V-1220,Treasure Valley Trucking,TVT-66265,12/15/2025,01/14/2026,USD,"1,969.34",0.00,Paid
B-20702,V-1236,Kittitas Hay & Grain,KHG-25479,01/21/2026,02/05/2026,USD,"11,894.04",0.00,Paid
B-20703,V-1213,Pinnacle Payroll Services,PPS-65137,06/18/2026,07/18/2026,USD,369.20,369.20,Open
B-20704,V-1020,Cascade Coldchain Logistics,CCL-22879,06/19/2026,07/19/2026,USD,"4,983.72","4,983.72",Open
B-20706,V-1128,Yakima Hop & Herb,YHH-36224,02/23/2026,03/25/2026,USD,"9,248.22",0.00,Paid
B-20707,V-1058,Ridgeline Express,RE-17536,04/06/2026,05/06/2026,USD,516.15,0.00,Paid
B-20708,V-1276,Critter Guard Pest Control,CGP-56462,05/08/2026,06/07/2026,USD,353.44,0.00,Paid
B-20711,V-1251,Payette Valley Beef,PVB-56970,06/24/2026,07/24/2026,USD,"10,383.94","10,383.94",Open
B-20712,V-1284,Hood Canal Oyster Co.,HCO-69168,01/14/2026,02/13/2026,USD,"10,879.76",0.00,Paid
B-20713,V-1119,Cowlitz Creek Farms,CCF-61069,01/02/2026,01/17/2026,USD,"13,965.35",0.00,Paid
B-20714,V-1294,Umpqua Oat Mill,UOM-15848,03/09/2026,04/08/2026,USD,"6,721.48",0.00,Paid
B-20715,V-1120,Columbia River Freightways,CRF-78023,05/04/2026,06/03/2026,USD,"3,667.44",0.00,Paid
B-20716,V-1031,Tualatin Hazelnut Co.,THC-26266,04/17/2026,05/17/2026,USD,"8,539.25",0.00,Paid
B-20718,V-1058,Ridgeline Express,RE-17364,01/05/2026,02/04/2026,USD,"2,229.66",0.00,Paid
B-20719,V-1011,Klamath Basin Potato Co.,KBP-11573,03/16/2026,04/15/2026,USD,"14,450.97",0.00,Paid
B-20720,V-1031,Tualatin Hazelnut Co.,THC-26289,05/01/2026,05/31/2026,USD,"5,580.57",0.00,Paid
B-20721,V-1252,Snake River Trout Farms,SRT-48099,01/26/2026,02/25/2026,USD,"15,551.57",0.00,Paid
B-20722,V-1020,Cascade Coldchain Logistics,CCL-22644,03/27/2026,04/26/2026,USD,"1,782.20",0.00,Paid
B-20723,V-1277,Metro Waste Haulers,MWH-42802,05/20/2026,06/19/2026,USD,674.53,0.00,Paid
B-20724,V-1074,Scappoose Organic Farms,SOF-70961,02/16/2026,03/18/2026,USD,"14,116.38",0.00,Paid
B-20725,V-1224,Siuslaw Cranberry Growers,SCG-27488,05/08/2026,06/07/2026,USD,"6,348.26",0.00,Paid
B-20726,V-1294,Umpqua Oat Mill,UOM-15756,01/01/2026,01/31/2026,USD,"9,615.02",0.00,Paid
B-20727,V-1200,Yamhill Charcuterie,YC-21171,03/19/2026,04/18/2026,USD,"7,828.67",0.00,Paid
B-20728,V-1289,Blue Heron Preserves,BHP-43613,03/09/2026,03/24/2026,USD,"5,029.48",0.00,Paid
B-20729,V-1173,Nisqually Salmon Co.,NSC-71742,02/06/2026,03/08/2026,USD,"4,748.21",0.00,Paid
B-20731,V-1127,Nooksack Berry Growers,NBG-54436,05/20/2026,06/04/2026,USD,"12,676.74",0.00,Paid
B-20732,V-1042,Pacific Coast Packaging LLC,PCP-23424,05/28/2026,06/27/2026,USD,"5,761.60",0.00,Paid
B-20733,V-1204,Northwest Reefer Transport,NRT-66374,02/09/2026,03/11/2026,USD,"3,825.33",0.00,Paid
B-20734,V-1023,Clearwater Creamery,CC-67931,02/09/2026,03/11/2026,USD,"14,796.86",0.00,Paid
B-20735,V-1226,Skagit Valley Grains,SVG-15659,05/12/2026,06/11/2026,USD,"10,186.40",0.00,Paid
B-20736,V-1270,Santiam Canning Co.,SCC-51771,03/09/2026,03/24/2026,USD,"11,116.46",0.00,Paid
B-20737,V-1080,Mt. Hood Berry Farm,MHB-48736,05/29/2026,06/28/2026,USD,"12,129.35",0.00,Paid
B-20738,V-1226,Skagit Valley Grains,SVG-15508,03/09/2026,04/08/2026,USD,"13,871.06",0.00,Paid
B-20739,V-1236,Kittitas Hay & Grain,KHG-25854,12/18/2025,01/02/2026,USD,"4,869.48",0.00,Paid
B-20740,V-1031,Tualatin Hazelnut Co.,THC-26222,03/12/2026,04/11/2026,USD,"6,846.75",0.00,Paid
B-20742,V-1074,Scappoose Organic Farms,SOF-71161,05/18/2026,06/17/2026,USD,"15,662.83",0.00,Paid
B-20743,V-1080,Mt. Hood Berry Farm,MHB-48471,02/16/2026,03/18/2026,USD,"7,917.70",0.00,Paid
B-20747,V-1281,Boardman Tree Fruit,BTF-48481,06/05/2026,07/05/2026,USD,"6,809.89","6,809.89",Open
B-20750,V-1031,Tualatin Hazelnut Co.,THC-26317,05/25/2026,06/24/2026,USD,"9,276.98",0.00,Paid
B-20751,V-1198,Emerald City Cold Storage,ECC-76127,03/18/2026,04/17/2026,USD,"2,819.10",0.00,Paid
B-20752,V-1120,Columbia River Freightways,CRF-77840,02/16/2026,03/18/2026,USD,"2,609.07",0.00,Paid
B-20753,V-1127,Nooksack Berry Growers,NBG-54389,04/21/2026,05/06/2026,USD,"4,827.18",0.00,Paid
B-20754,V-1023,Clearwater Creamery,CC-68065,04/08/2026,05/08/2026,USD,"8,006.58",0.00,Paid
B-20755,V-1277,Metro Waste Haulers,MWH-42760,03/11/2026,04/10/2026,USD,512.53,0.00,Paid
B-20756,V-1078,Rogue Valley Cheese Works,RVC-37534,12/29/2025,01/28/2026,USD,"3,844.97",0.00,Paid
B-20757,V-1220,Treasure Valley Trucking,TVT-65740,01/19/2026,02/18/2026,USD,"3,178.28",0.00,Paid
B-20759,V-1284,Hood Canal Oyster Co.,HCO-69440,06/15/2026,07/15/2026,USD,"11,581.51","11,581.51",Open
B-20760,V-1023,Clearwater Creamery,CC-68225,06/15/2026,07/15/2026,USD,"8,887.10","8,887.10",Open
B-20761,V-1294,Umpqua Oat Mill,UOM-15941,04/27/2026,05/27/2026,USD,"15,399.43",0.00,Paid
B-20762,V-1142,Umatilla Specialty Produce,USP-32149,03/05/2026,04/04/2026,USD,"8,570.95",0.00,Paid
B-20763,V-1220,Treasure Valley Trucking,TVT-66177,05/26/2026,06/25/2026,USD,"3,299.45",0.00,Paid
B-20764,V-1276,Critter Guard Pest Control,CGP-56397,03/02/2026,04/01/2026,USD,398.77,0.00,Paid
B-20766,V-1281,Boardman Tree Fruit,BTF-48421,04/06/2026,05/06/2026,USD,"9,644.63",0.00,Paid
B-20767,V-1055,Wenatchee Pear Packers,WPP-34493,03/09/2026,04/08/2026,USD,"14,461.49",0.00,Paid
B-20768,V-1294,Umpqua Oat Mill,UOM-15828,02/23/2026,03/25/2026,USD,"7,932.99",0.00,Paid
B-20769,V-1242,Teton Valley Trout,TVT-23425,05/25/2026,06/24/2026,USD,"8,901.67",0.00,Paid
B-20771,V-1074,Scappoose Organic Farms,SOF-71118,05/01/2026,05/31/2026,USD,"12,199.55",0.00,Paid
B-20772,V-1204,Northwest Reefer Transport,NRT-66498,04/02/2026,05/02/2026,USD,"3,832.36",0.00,Paid
B-20776,V-1270,Santiam Canning Co.,SCC-51942,05/29/2026,06/13/2026,USD,"14,481.42",0.00,Paid
B-20777,V-1251,Payette Valley Beef,PVB-56689,03/05/2026,04/04/2026,USD,"6,635.77",0.00,Paid
B-20779,V-1289,Blue Heron Preserves,BHP-43817,06/08/2026,06/23/2026,USD,"3,910.79",0.00,Paid
B-20780,V-1015,Deschutes Brewing Supply Co-op,DBS-69848,05/29/2026,06/28/2026,USD,"6,966.26",0.00,Paid
B-20781,V-1242,Teton Valley Trout,TVT-23124,02/09/2026,03/11/2026,USD,"10,596.12",0.00,Paid
B-20782,V-1227,Blue Mountain Carriers,BMC-59619,03/10/2026,04/09/2026,USD,"3,195.03",0.00,Paid
B-20783,V-1251,Payette Valley Beef,PVB-56855,05/07/2026,06/06/2026,USD,"8,829.27",0.00,Paid
B-20788,V-1023,Clearwater Creamery,CC-67922,02/05/2026,03/07/2026,USD,"9,464.67",0.00,Paid
B-20789,V-1266,Silvies River Lamb,SRL-64286,02/06/2026,03/08/2026,USD,"13,521.15",0.00,Paid
B-20790,V-1206,Pend Oreille Wild Rice,POW-24054,06/11/2026,07/11/2026,USD,"7,246.26","7,246.26",Open
B-20791,V-1147,Oregon Coast Seafood Traders,OCS-58992,03/25/2026,04/24/2026,USD,"7,407.40",0.00,Paid
B-20792,V-1223,Malheur Onion Co.,MOC-17071,01/16/2026,02/15/2026,USD,"6,920.91",0.00,Paid
B-20794,V-1236,Kittitas Hay & Grain,KHG-25823,06/26/2026,07/11/2026,USD,"7,157.07","7,157.07",Open
B-20795,V-1270,Santiam Canning Co.,SCC-51665,01/19/2026,02/03/2026,USD,"9,545.78",0.00,Paid
B-20796,V-1280,Grande Ronde Poultry,GRP-20504,05/21/2026,06/05/2026,USD,"10,935.64",0.00,Paid
B-20798,V-1193,Chehalis Valley Eggs,CVE-60907,01/27/2026,02/26/2026,USD,"12,850.59",0.00,Paid
B-20799,V-1042,Pacific Coast Packaging LLC,PCP-23256,03/26/2026,04/25/2026,USD,"2,972.95",0.00,Paid
B-20800,V-1142,Umatilla Specialty Produce,USP-32057,02/06/2026,03/08/2026,USD,"9,781.76",0.00,Paid
B-20801,V-1255,Coquille Dairy Cooperative,CDC-45096,01/16/2026,02/15/2026,USD,"4,503.89",0.00,Paid
B-20802,V-1255,Coquille Dairy Cooperative,CDC-45190,03/23/2026,04/22/2026,USD,"6,655.01",0.00,Paid
B-20803,V-1080,Mt. Hood Berry Farm,MHB-48442,01/12/2026,02/11/2026,USD,"10,524.30",0.00,Paid
B-20804,V-1227,Blue Mountain Carriers,BMC-59551,02/10/2026,03/12/2026,USD,"1,443.43",0.00,Paid
B-20805,V-1058,Ridgeline Express,RE-17590,04/28/2026,05/28/2026,USD,"2,540.10",0.00,Paid
B-20806,V-1224,Siuslaw Cranberry Growers,SCG-27524,05/25/2026,06/24/2026,USD,"11,089.87",0.00,Paid
B-20809,V-1292,Hermiston Melon Farms,HMF-63879,04/17/2026,05/02/2026,USD,"4,217.90",0.00,Paid
B-20810,V-1015,Deschutes Brewing Supply Co-op,DBS-69926,12/16/2025,01/15/2026,USD,"11,793.60",0.00,Paid
B-20812,V-1127,Nooksack Berry Growers,NBG-54164,01/05/2026,01/20/2026,USD,"9,984.38",0.00,Paid
B-20813,V-1142,Umatilla Specialty Produce,USP-32030,02/02/2026,03/04/2026,USD,"9,373.41",0.00,Paid
B-20814,V-1239,Newberg Nut Growers,NNG-32363,05/27/2026,06/26/2026,USD,"6,721.11",0.00,Paid
B-20815,V-1142,Umatilla Specialty Produce,USP-32444,12/19/2025,01/18/2026,USD,"5,995.27",0.00,Paid
B-20816,V-1266,Silvies River Lamb,SRL-64426,03/24/2026,04/23/2026,USD,"13,830.17",0.00,Paid
B-20818,V-1279,Willamette Valley Creamery,WVC-19155,02/12/2026,03/14/2026,USD,"8,552.08",0.00,Paid
B-20819,V-1193,Chehalis Valley Eggs,CVE-60897,01/19/2026,02/18/2026,USD,"9,183.58",0.00,Paid
B-20820,V-1279,Willamette Valley Creamery,WIL-52590,06/05/2026,07/05/2026,USD,"7,412.30",0.00,Paid
B-20821,V-1236,Kittitas Hay & Grain,KHG-25566,03/04/2026,03/19/2026,USD,"13,151.73",0.00,Paid
B-20822,V-1155,Pacific Fleet Fuel,PFF-25795,01/09/2026,02/08/2026,USD,"3,042.82",0.00,Paid
B-20823,V-1220,Treasure Valley Trucking,TVT-65732,01/14/2026,02/13/2026,USD,769.81,0.00,Paid
B-20824,V-1237,McKenzie River Mills,MRM-67529,04/14/2026,05/14/2026,USD,"9,811.43",0.00,Paid
B-20825,V-1288,Wallowa Grass-Fed Beef,WGB-71982,03/23/2026,04/22/2026,USD,"9,348.10",0.00,Paid
B-20827,V-1274,Olympic Peninsula Mushrooms,OPM-33678,02/03/2026,02/18/2026,USD,"6,992.20",0.00,Paid
B-20829,V-1020,Cascade Coldchain Logistics,CCL-22767,05/20/2026,06/19/2026,USD,"4,698.25",0.00,Paid
B-20830,V-1244,Portland Fleet Wash,PFW-12720,05/18/2026,06/17/2026,USD,353.27,0.00,Paid
B-20831,V-1239,Newberg Nut Growers,NNG-32204,03/31/2026,04/30/2026,USD,"7,267.95",0.00,Paid
B-20832,V-1289,Blue Heron Preserves,BHP-43870,12/19/2025,01/03/2026,USD,"8,671.25",0.00,Paid
B-20833,V-1279,Willamette Valley Creamery,WVC-19174,02/23/2026,03/25/2026,USD,"5,808.10",0.00,Paid
B-20834,V-1119,Cowlitz Creek Farms,CCF-61493,12/17/2025,01/01/2026,USD,"11,282.31",0.00,Paid
B-20835,V-1205,Methow Valley Apples,MVA-59342,04/27/2026,05/12/2026,USD,"9,838.93",0.00,Paid
B-20836,V-1128,Yakima Hop & Herb,YHH-36488,12/19/2025,01/18/2026,USD,"15,060.74",0.00,Paid
B-20837,V-1239,Newberg Nut Growers,NNG-31968,01/19/2026,02/18/2026,USD,"8,806.80",0.00,Paid
B-20838,V-1015,Deschutes Brewing Supply Co-op,DBS-69765,03/25/2026,04/24/2026,USD,"10,104.30",0.00,Paid
B-20839,V-1291,Palouse Lentil Growers,PLG-19406,01/02/2026,01/17/2026,USD,"15,444.69",0.00,Paid
B-20840,V-1261,Columbia Basin Water District,CBW-29318,01/06/2026,01/26/2026,USD,438.03,0.00,Paid
B-20841,V-1223,Malheur Onion Co.,MOC-17244,04/20/2026,05/20/2026,USD,"4,098.11",0.00,Paid
B-20843,V-1078,Rogue Valley Cheese Works,RVC-37542,12/15/2025,01/14/2026,USD,"7,605.70",0.00,Paid
B-20844,V-1236,Kittitas Hay & Grain,KHG-25447,01/14/2026,01/29/2026,USD,"5,554.82",0.00,Paid
B-20845,V-1280,Grande Ronde Poultry,GRP-20320,02/16/2026,03/03/2026,USD,"4,246.46",0.00,Paid
B-20846,V-1011,Klamath Basin Potato Co.,KBP-11815,06/16/2026,07/16/2026,USD,"4,208.81","4,208.81",Open
B-20847,V-1151,Walla Walla Onion Growers,WWO-23285,05/22/2026,06/21/2026,USD,"4,607.32",0.00,Paid
B-20848,V-1155,Pacific Fleet Fuel,PFF-25953,02/25/2026,03/27/2026,USD,"2,546.76",0.00,Paid
B-20849,V-1299,Evergreen Box & Film,EBF-19466,03/04/2026,04/03/2026,USD,"1,174.33",0.00,Paid
B-20850,V-1078,Rogue Valley Cheese Works,RVC-37505,06/23/2026,07/23/2026,USD,"8,549.42","8,549.42",Open
B-20851,V-1291,Palouse Lentil Growers,PLG-19725,12/17/2025,01/01/2026,USD,"6,757.39",0.00,Paid
B-20852,V-1237,McKenzie River Mills,MRM-67541,04/27/2026,05/27/2026,USD,"14,502.16",0.00,Paid
B-20853,V-1200,Yamhill Charcuterie,YC-21323,06/26/2026,07/26/2026,USD,"8,485.67","8,485.67",Open
B-20855,V-1220,Treasure Valley Trucking,TVT-65997,04/06/2026,05/06/2026,USD,"1,041.29",0.00,Paid
B-20856,V-1155,Pacific Fleet Fuel,PFF-25781,01/05/2026,02/04/2026,USD,"2,680.02",0.00,Paid
B-20857,V-1224,Siuslaw Cranberry Growers,SCG-27596,12/22/2025,01/21/2026,USD,"13,692.32",0.00,Paid
B-20858,V-1255,Coquille Dairy Cooperative,CDC-45380,06/26/2026,07/26/2026,USD,"9,321.19","9,321.19",Open
B-20859,V-1227,Blue Mountain Carriers,BMC-59600,03/04/2026,04/03/2026,USD,"1,757.97",0.00,Paid
B-20860,V-1292,Hermiston Melon Farms,HMF-63787,02/19/2026,03/06/2026,USD,"9,378.63",0.00,Paid
B-20862,V-1042,Pacific Coast Packaging LLC,PCP-23409,05/13/2026,06/12/2026,USD,"8,821.86",0.00,Paid
B-20863,V-1216,Chinook Smokehouse Co.,CSC-57184,06/08/2026,07/08/2026,USD,"9,913.98","9,913.98",Open
B-20864,V-1235,Bitterroot Bakehouse Supply,BBS-56793,05/07/2026,06/06/2026,USD,"6,574.76",0.00,Paid
B-20865,V-1284,Hood Canal Oyster Co.,HCO-69376,05/18/2026,06/17/2026,USD,"5,677.92",0.00,Paid
B-20866,V-1205,Methow Valley Apples,MVA-59123,01/12/2026,01/27/2026,USD,"14,926.64",0.00,Paid
B-20867,V-1206,Pend Oreille Wild Rice,POW-23890,03/27/2026,04/26/2026,USD,"14,754.58",0.00,Paid
B-20869,V-1299,Evergreen Box & Film,EBF-19564,06/26/2026,07/26/2026,USD,"4,173.03","4,173.03",Open
B-20870,V-1279,Willamette Valley Creamery,WVC-19435,06/08/2026,07/08/2026,USD,"13,228.34","13,228.34",Open
B-20871,V-1237,McKenzie River Mills,MRM-67633,06/08/2026,07/08/2026,USD,"6,196.15","6,196.15",Open
B-20872,V-1167,Lombard Street Properties LLC,RENT-2026-01,01/01/2026,01/01/2026,USD,"8,500.00",0.00,Paid
B-20873,V-1261,Columbia Basin Water District,CBW-29386,04/01/2026,04/21/2026,USD,499.23,0.00,Paid
B-20874,V-1270,Santiam Canning Co.,SCC-51841,04/03/2026,04/18/2026,USD,"12,507.79",0.00,Paid
B-20876,V-1200,Yamhill Charcuterie,YC-21014,01/12/2026,02/11/2026,USD,"15,606.27",0.00,Paid
B-20877,V-1147,Oregon Coast Seafood Traders,OCS-59118,05/26/2026,06/25/2026,USD,"7,701.83",0.00,Paid
B-20878,V-1058,Ridgeline Express,RE-17601,05/18/2026,06/17/2026,USD,"2,583.19",0.00,Paid
B-20879,V-1142,Umatilla Specialty Produce,USP-32424,06/25/2026,07/25/2026,USD,"13,438.14","13,438.14",Open
B-20880,V-1045,Talent Bridge Staffing,TBS-63776,06/15/2026,07/15/2026,USD,"1,998.45","1,998.45",Open
B-20882,V-1280,Grande Ronde Poultry,GRP-20450,04/16/2026,05/01/2026,USD,"10,143.44",0.00,Paid
B-20883,V-1209,Sound Cartage Co.,SCC-77375,06/26/2026,07/26/2026,USD,"1,019.22","1,019.22",Open
B-20884,V-1173,Nisqually Salmon Co.,NSC-72161,12/08/2025,01/07/2026,USD,"9,246.62",0.00,Paid
B-20885,V-1209,Sound Cartage Co.,SCC-76958,01/13/2026,02/12/2026,USD,"1,839.24",0.00,Paid
B-20886,V-1204,Northwest Reefer Transport,NRT-66812,12/19/2025,01/18/2026,USD,"3,696.71",0.00,Paid
B-20888,V-1280,Grande Ronde Poultry,GRP-20239,01/12/2026,01/27/2026,USD,"14,017.26",0.00,Paid
B-20889,V-1136,Hells Canyon Honey,HCH-37417,04/28/2026,05/28/2026,USD,"9,374.81",0.00,Paid
B-20890,V-1205,Methow Valley Apples,MVA-59330,04/13/2026,04/28/2026,USD,"4,767.56",0.00,Paid
B-20892,V-1128,Yakima Hop & Herb,YHH-36263,03/24/2026,04/23/2026,USD,"15,723.66",0.00,Paid
B-20893,V-1292,Hermiston Melon Farms,HMF-63973,06/04/2026,06/19/2026,USD,"5,994.48",0.00,Paid
B-20894,V-1197,Northgate IT Partners,NIP-72338,01/16/2026,02/15/2026,USD,"2,092.17",0.00,Paid
B-20896,V-1237,McKenzie River Mills,MRM-67270,01/02/2026,02/01/2026,USD,"11,370.22",0.00,Paid
B-20897,V-1277,Metro Waste Haulers,MWH-42774,04/22/2026,05/22/2026,USD,612.26,0.00,Paid
B-20899,V-1132,Rose City Tire & Auto,RCT-28651,01/19/2026,02/18/2026,USD,"1,116.17",0.00,Paid
B-20901,V-1015,Deschutes Brewing Supply Co-op,DBS-69639,01/06/2026,02/05/2026,USD,"10,979.54",0.00,Paid
B-20902,V-1288,Wallowa Grass-Fed Beef,WGB-72236,12/11/2025,01/10/2026,USD,"8,868.25",0.00,Paid
B-20903,V-1288,Wallowa Grass-Fed Beef,WGB-71938,03/09/2026,04/08/2026,USD,"15,128.51",0.00,Paid
B-20904,V-1226,Skagit Valley Grains,SVG-15545,03/17/2026,04/16/2026,USD,"13,045.70",0.00,Paid
B-20906,V-1124,Coos Bay Crab Co.,CBC-43337,05/27/2026,06/26/2026,USD,"15,350.08",0.00,Paid
B-20908,V-1185,Mill Creek Temp Controls,MCT-57685,05/08/2026,06/07/2026,USD,"1,530.31",0.00,Paid
B-20909,V-1124,Coos Bay Crab Co.,CBC-43239,03/27/2026,04/26/2026,USD,"6,781.76",0.00,Paid
B-20911,V-1251,Payette Valley Beef,PVB-56546,01/12/2026,02/11/2026,USD,"12,213.34",0.00,Paid
B-20912,V-1292,Hermiston Melon Farms,HMF-64033,06/24/2026,07/09/2026,USD,"4,457.24","4,457.24",Open
B-20913,V-1279,Willamette Valley Creamery,WVC-19506,06/24/2026,07/24/2026,USD,"6,288.92","6,288.92",Open
B-20914,V-1003,Ridgewire Telecom,RT-27176,01/19/2026,02/08/2026,USD,"1,299.56",0.00,Paid
B-20915,V-1281,Boardman Tree Fruit,BTF-48453,04/28/2026,05/28/2026,USD,"11,199.12",0.00,Paid
B-20916,V-1151,Walla Walla Onion Growers,WWO-22949,01/16/2026,02/15/2026,USD,"5,122.01",0.00,Paid
B-20917,V-1011,Klamath Basin Potato Co.,KBP-11882,12/24/2025,01/23/2026,USD,"6,590.69",0.00,Paid
B-20918,V-1289,Blue Heron Preserves,BHP-43759,05/04/2026,05/19/2026,USD,"8,088.58",0.00,Paid
B-20919,V-1216,Chinook Smokehouse Co.,CSC-56990,02/17/2026,03/19/2026,USD,"11,095.65",0.00,Paid
B-20920,V-1077,Puget Sound Shellfish Co.,PSS-18906,05/06/2026,06/05/2026,USD,"10,063.50",0.00,Paid
B-20921,V-1193,Chehalis Valley Eggs,CVE-60922,02/06/2026,03/08/2026,USD,"7,860.46",0.00,Paid
B-20923,V-1205,Methow Valley Apples,MVA-59302,04/03/2026,04/18/2026,USD,"10,324.58",0.00,Paid
B-20924,V-1011,Klamath Basin Potato Co.,KBP-11553,03/03/2026,04/02/2026,USD,"14,364.10",0.00,Paid
B-20925,V-1235,Bitterroot Bakehouse Supply,BBS-56548,01/01/2026,01/31/2026,USD,"8,870.01",0.00,Paid
B-20926,V-1078,Rogue Valley Cheese Works,RVC-37127,01/06/2026,02/05/2026,USD,"15,643.28",0.00,Paid
B-20927,V-1042,Pacific Coast Packaging LLC,PCP-23248,03/20/2026,04/19/2026,USD,"3,708.37",0.00,Paid
B-20929,V-1206,Pend Oreille Wild Rice,POW-23766,02/23/2026,03/25/2026,USD,"5,641.00",0.00,Paid
B-20930,V-1042,Pacific Coast Packaging LLC,PCP-23385,05/06/2026,06/05/2026,USD,"8,501.69",0.00,Paid
B-20931,V-1042,Pacific Coast Packaging LLC,PCP-88231,02/24/2026,03/26/2026,USD,"14,862.50",0.00,Paid
B-20932,V-1067,Marlowe Ostrander LLP,MOL-28279,05/04/2026,06/03/2026,USD,"3,301.71",0.00,Paid
B-20933,V-1128,Yakima Hop & Herb,YHH-36163,02/05/2026,03/07/2026,USD,"9,263.05",0.00,Paid
B-20934,V-1216,Chinook Smokehouse Co.,CSC-57118,04/22/2026,05/22/2026,USD,"6,807.06",0.00,Paid
B-20935,V-1155,Pacific Fleet Fuel,PFF-26179,04/30/2026,05/30/2026,USD,"4,113.37",0.00,Paid
B-20936,V-1031,Tualatin Hazelnut Co.,THC-26112,01/30/2026,03/01/2026,USD,"11,645.81",0.00,Paid
B-20937,V-1045,Talent Bridge Staffing,TBS-63698,04/10/2026,05/10/2026,USD,"5,272.75",0.00,Paid
B-20938,V-1280,Grande Ronde Poultry,GRP-20542,05/29/2026,06/13/2026,USD,"7,912.47",0.00,Paid
B-20940,V-1127,Nooksack Berry Growers,NBG-54524,12/19/2025,01/03/2026,USD,"9,170.91",0.00,Paid
B-20941,V-1261,Columbia Basin Water District,CBW-29351,03/20/2026,04/09/2026,USD,417.80,0.00,Paid
B-20942,V-1204,Northwest Reefer Transport,NRT-66501,04/13/2026,05/13/2026,USD,"4,264.39",0.00,Paid
B-20943,V-1078,Rogue Valley Cheese Works,RVC-37229,03/03/2026,04/02/2026,USD,"8,277.86",0.00,Paid
B-20944,V-1200,Yamhill Charcuterie,YC-21217,04/20/2026,05/20/2026,USD,"8,453.72",0.00,Paid
B-20945,V-1055,Wenatchee Pear Packers,WPP-34464,02/23/2026,03/25/2026,USD,"8,871.81",0.00,Paid
B-20946,V-1200,Yamhill Charcuterie,YC-21072,02/12/2026,03/14/2026,USD,"5,616.90",0.00,Paid
B-20947,V-1051,Stumptown Office Supply,SOS-11977,02/02/2026,03/04/2026,USD,162.67,0.00,Paid
B-20949,V-1266,Silvies River Lamb,SRL-64482,04/15/2026,05/15/2026,USD,"7,957.95",0.00,Paid
B-20951,V-1242,Teton Valley Trout,TVT-23492,12/09/2025,01/08/2026,USD,"4,161.25",0.00,Paid
B-20952,V-1197,Northgate IT Partners,NIP-72458,06/22/2026,07/22/2026,USD,"2,350.93","2,350.93",Open
B-20953,V-1015,Deschutes Brewing Supply Co-op,DBS-69818,05/25/2026,06/24/2026,USD,"6,681.20",0.00,Paid
B-20954,V-1251,Payette Valley Beef,PVB-56568,01/20/2026,02/19/2026,USD,"9,339.13",0.00,Paid
B-20955,V-1227,Blue Mountain Carriers,BMC-59633,03/23/2026,04/22/2026,USD,"3,842.37",0.00,Paid
B-20957,V-1023,Clearwater Creamery,CC-68147,05/11/2026,06/10/2026,USD,"12,479.87",0.00,Paid
B-20958,V-1270,Santiam Canning Co.,SCC-51803,03/13/2026,03/28/2026,USD,"10,659.70",0.00,Paid
B-20959,V-1237,McKenzie River Mills,MRM-67462,04/02/2026,05/02/2026,USD,"6,422.10",0.00,Paid
B-20960,V-1080,Mt. Hood Berry Farm,MHB-48507,02/26/2026,03/28/2026,USD,"14,632.49",0.00,Paid
B-20962,V-1020,Cascade Coldchain Logistics,CCL-22612,03/09/2026,04/08/2026,USD,"1,262.19",0.00,Paid
B-20963,V-1292,Hermiston Melon Farms,HMF-63955,05/18/2026,06/02/2026,USD,"12,580.23",0.00,Paid
B-20964,V-1077,Puget Sound Shellfish Co.,PSS-18932,05/18/2026,06/17/2026,USD,"14,771.99",0.00,Paid
B-20966,V-1136,Hells Canyon Honey,HCH-37247,02/02/2026,03/04/2026,USD,"6,940.38",0.00,Paid
B-20968,V-1020,Cascade Coldchain Logistics,CCL-22663,04/06/2026,05/06/2026,USD,"1,484.65",0.00,Paid
B-20969,V-1270,Santiam Canning Co.,SCC-51996,06/11/2026,06/26/2026,USD,"4,274.24",0.00,Paid
B-20971,V-1015,Deschutes Brewing Supply Co-op,DBS-69721,03/04/2026,04/03/2026,USD,"10,606.08",0.00,Paid
B-20972,V-1233,Lummi Bay Seafood,LBS-35372,03/27/2026,04/26/2026,USD,"12,695.93",0.00,Paid
B-20973,V-1204,Northwest Reefer Transport,NRT-66725,06/08/2026,07/08/2026,USD,"4,332.77","4,332.77",Open
B-20974,V-1294,Umpqua Oat Mill,UOM-16077,06/09/2026,07/09/2026,USD,"10,410.61","10,410.61",Open
B-20975,V-1193,Chehalis Valley Eggs,CVE-61115,06/01/2026,07/01/2026,USD,"10,317.16",0.00,Paid
B-20976,V-1227,Blue Mountain Carriers,BMC-59792,06/10/2026,07/10/2026,USD,"2,167.51","2,167.51",Open
B-20978,V-1074,Scappoose Organic Farms,SOF-70937,02/05/2026,03/07/2026,USD,"14,160.47",0.00,Paid
B-20979,V-1205,Methow Valley Apples,MVA-59362,05/25/2026,06/09/2026,USD,"12,875.57",0.00,Paid
B-20980,V-1124,Coos Bay Crab Co.,CBC-43333,05/18/2026,06/17/2026,USD,"13,787.42",0.00,Paid
B-20981,V-1042,Pacific Coast Packaging LLC,PCP-23144,01/26/2026,02/25/2026,USD,"2,846.99",0.00,Paid
B-20982,V-1211,Portland General Utilities,PGU-43379,06/12/2026,07/02/2026,USD,"1,155.45","1,155.45",Open
B-20983,V-1155,Pacific Fleet Fuel,PFF-25838,01/21/2026,02/20/2026,USD,"2,106.69",0.00,Paid
B-20984,V-1020,Cascade Coldchain Logistics,CCL-22619,03/20/2026,04/19/2026,USD,"4,630.08",0.00,Paid
B-20985,V-1119,Cowlitz Creek Farms,CCF-61368,04/22/2026,05/07/2026,USD,"11,671.46",0.00,Paid
B-20986,V-1239,Newberg Nut Growers,NNG-32062,02/16/2026,03/18/2026,USD,"6,328.41",0.00,Paid
B-20987,V-1279,Willamette Valley Creamery,WVC-19421,05/26/2026,06/25/2026,USD,"11,070.23",0.00,Paid
B-20988,V-1237,McKenzie River Mills,MRM-67424,03/06/2026,04/05/2026,USD,"7,485.39",0.00,Paid
B-20990,V-1233,Lummi Bay Seafood,LBS-35281,02/20/2026,03/22/2026,USD,"9,296.34",0.00,Paid
B-20991,V-1284,Hood Canal Oyster Co.,HCO-69415,06/01/2026,07/01/2026,USD,"5,314.56",0.00,Paid
B-20992,V-1274,Olympic Peninsula Mushrooms,OPM-33644,01/19/2026,02/03/2026,USD,"13,567.11",0.00,Paid
B-20993,V-1236,Kittitas Hay & Grain,KHG-25661,04/20/2026,05/05/2026,USD,"5,660.61",0.00,Paid
B-20995,V-1220,Treasure Valley Trucking,TVT-65899,03/02/2026,04/01/2026,USD,"3,529.15",0.00,Paid
B-20996,V-1204,Northwest Reefer Transport,NRT-66495,03/24/2026,04/23/2026,USD,"3,860.16",0.00,Paid
B-20998,V-1220,Treasure Valley Trucking,TVT-66159,05/12/2026,06/11/2026,USD,"2,540.74",0.00,Paid
B-20999,V-1235,Bitterroot Bakehouse Supply,BBS-56605,02/03/2026,03/05/2026,USD,"8,451.80",0.00,Paid
B-21000,V-1226,Skagit Valley Grains,SVG-15485,03/02/2026,04/01/2026,USD,"8,033.34",0.00,Paid
B-21001,V-1270,Santiam Canning Co.,SCC-51901,05/05/2026,05/20/2026,USD,"13,508.85",0.00,Paid
B-21002,V-1266,Silvies River Lamb,SRL-64188,01/05/2026,02/04/2026,USD,"10,544.58",0.00,Paid
B-21003,V-1239,Newberg Nut Growers,NNG-32280,04/16/2026,05/16/2026,USD,"8,257.41",0.00,Paid
B-21005,V-1270,Santiam Canning Co.,SCC-51875,04/28/2026,05/13/2026,USD,"9,786.69",0.00,Paid
B-21006,V-1279,Willamette Valley Creamery,WVC-19196,03/05/2026,04/04/2026,USD,"5,894.74",0.00,Paid
B-21007,V-1187,"Pacific Coast Packaging, L.L.C.",PCP-88231,02/24/2026,03/26/2026,USD,"14,862.50",0.00,Paid
B-21008,V-1105,Everbright Electric Contractors,EEC-36189,03/31/2026,04/30/2026,USD,"4,502.65",0.00,Paid
B-21009,V-1030,Northwest Grocers Association,NGA-42767,03/09/2026,04/08/2026,USD,"1,181.47",0.00,Paid
B-21010,V-1015,Deschutes Brewing Supply Co-op,DBS-69815,05/11/2026,06/10/2026,USD,"15,728.50",0.00,Paid
B-21011,V-1270,Santiam Canning Co.,SCC-51965,06/01/2026,06/16/2026,USD,"13,523.52",0.00,Paid
B-21012,V-1155,Pacific Fleet Fuel,PFF-26085,04/02/2026,05/02/2026,USD,"2,113.09",0.00,Paid
B-21013,V-1291,Palouse Lentil Growers,PLG-19721,06/25/2026,07/10/2026,USD,"5,723.92","5,723.92",Open
B-21014,V-1290,Columbia Gorge Orchards,CGO-75639,01/26/2026,02/25/2026,USD,"14,100.58",0.00,Paid
B-21015,V-1155,Pacific Fleet Fuel,PFF-26296,06/12/2026,07/12/2026,USD,"2,362.55","2,362.55",Open
B-21016,V-1270,Santiam Canning Co.,SCC-52006,06/26/2026,07/11/2026,USD,"14,581.62","14,581.62",Open
B-21017,V-1042,Pacific Coast Packaging LLC,PCP-23421,05/21/2026,06/20/2026,USD,"6,806.53",0.00,Paid
B-21019,V-1127,Nooksack Berry Growers,NBG-54251,02/25/2026,03/12/2026,USD,"11,754.84",0.00,Paid
B-21020,V-1236,Kittitas Hay & Grain,KHG-25801,06/01/2026,06/16/2026,USD,"12,565.98",0.00,Paid
B-21021,V-1143,CloudLedger Software,CS-70125,05/04/2026,06/03/2026,USD,618.45,0.00,Paid
B-21022,V-1292,Hermiston Melon Farms,HMF-63728,01/27/2026,02/11/2026,USD,"11,714.42",0.00,Paid
B-21023,V-1279,Willamette Valley Creamery,WVC-19358,04/24/2026,05/24/2026,USD,"15,768.53",0.00,Paid
B-21024,V-1015,Deschutes Brewing Supply Co-op,DBS-69644,01/20/2026,02/19/2026,USD,"11,689.62",0.00,Paid
B-21025,V-1209,Sound Cartage Co.,SCC-76934,01/07/2026,02/06/2026,USD,"1,973.63",0.00,Paid
B-21027,V-1128,Yakima Hop & Herb,YHH-36150,01/26/2026,02/25/2026,USD,"7,715.45",0.00,Paid
B-21030,V-1020,Cascade Coldchain Logistics,CCL-22697,04/20/2026,05/20/2026,USD,"1,101.63",0.00,Paid
B-21033,V-1216,Chinook Smokehouse Co.,CSC-57060,03/09/2026,04/08/2026,USD,"9,020.48",0.00,Paid
B-21034,V-1255,Coquille Dairy Cooperative,CDC-45158,02/16/2026,03/18/2026,USD,"5,139.22",0.00,Paid
B-21036,V-1166,Crown Linen & Uniform,CLU-45707,06/10/2026,07/10/2026,USD,541.60,541.60,Open
B-21037,V-1173,Nisqually Salmon Co.,NSC-71769,02/23/2026,03/25/2026,USD,"13,868.63",0.00,Paid
B-21038,V-1213,Pinnacle Payroll Services,PPS-65006,01/05/2026,02/04/2026,USD,355.83,0.00,Paid
B-21039,V-1132,Rose City Tire & Auto,RCT-28703,04/27/2026,05/27/2026,USD,"2,536.94",0.00,Paid
B-21040,V-1288,Wallowa Grass-Fed Beef,WGB-71841,01/05/2026,02/04/2026,USD,"8,022.58",0.00,Paid
B-21041,V-1244,Portland Fleet Wash,PFW-12641,02/10/2026,03/12/2026,USD,255.29,0.00,Paid
B-21043,V-1077,Puget Sound Shellfish Co.,PSS-18829,02/26/2026,03/28/2026,USD,"10,239.64",0.00,Paid
B-21044,V-1058,Ridgeline Express,RE-17721,06/26/2026,07/26/2026,USD,"2,353.70","2,353.70",Open
B-21046,V-1294,Umpqua Oat Mill,UOM-16168,12/11/2025,01/10/2026,USD,"5,961.75",0.00,Paid
B-21047,V-1209,Sound Cartage Co.,SCC-77406,12/22/2025,01/21/2026,USD,"1,576.89",0.00,Paid
B-21048,V-1239,Newberg Nut Growers,NNG-32410,06/15/2026,07/15/2026,USD,"11,424.49","11,424.49",Open
B-21049,V-1128,Yakima Hop & Herb,YHH-36376,05/12/2026,06/11/2026,USD,"8,317.79",0.00,Paid
B-21050,V-1151,Walla Walla Onion Growers,WWO-23205,04/27/2026,05/27/2026,USD,"9,774.55",0.00,Paid
B-21051,V-1167,Lombard Street Properties LLC,RENT-2026-03,03/01/2026,03/01/2026,USD,"8,500.00",0.00,Paid
B-21052,V-1252,Snake River Trout Farms,SRT-48067,01/19/2026,02/18/2026,USD,"9,780.62",0.00,Paid
B-21053,V-1224,Siuslaw Cranberry Growers,SCG-27453,04/14/2026,05/14/2026,USD,"12,232.96",0.00,Paid
B-21055,V-1173,Nisqually Salmon Co.,NSC-72000,04/20/2026,05/20/2026,USD,"4,820.21",0.00,Paid
B-21056,V-1235,Bitterroot Bakehouse Supply,BBS-56662,02/25/2026,03/27/2026,USD,"9,040.23",0.00,Paid
B-21057,V-1078,Rogue Valley Cheese Works,RVC-37401,05/19/2026,06/18/2026,USD,"4,280.62",0.00,Paid
B-21058,V-1154,Brightline Janitorial,BJ-36235,06/16/2026,07/16/2026,USD,"1,684.29","1,684.29",Open
B-21059,V-1205,Methow Valley Apples,MVA-59205,02/25/2026,03/12/2026,USD,"10,975.28",0.00,Paid
B-21060,V-1142,Umatilla Specialty Produce,USP-32287,05/04/2026,06/03/2026,USD,"8,043.86",0.00,Paid
B-21061,V-1237,McKenzie River Mills,MRM-67286,01/13/2026,02/12/2026,USD,"4,366.41",0.00,Paid
B-21062,V-1284,Hood Canal Oyster Co.,HCO-69215,03/04/2026,04/03/2026,USD,"15,754.67",0.00,Paid
B-21063,V-1161,Salem Pallet Recyclers,SPR-14253,05/11/2026,06/10/2026,USD,902.23,0.00,Paid
B-21065,V-1280,Grande Ronde Poultry,GRP-20401,03/25/2026,04/09/2026,USD,"9,225.44",0.00,Paid
B-21066,V-1180,Beaverton Forklift Leasing,BFL-51885,04/08/2026,05/08/2026,USD,"2,263.22",0.00,Paid
B-21067,V-1216,Chinook Smokehouse Co.,CSC-56967,01/13/2026,02/12/2026,USD,"13,413.28",0.00,Paid
B-21068,V-1193,Chehalis Valley Eggs,CVE-61181,06/19/2026,07/19/2026,USD,"4,205.16","4,205.16",Open
B-21069,V-1239,Newberg Nut Growers,NNG-31919,01/05/2026,02/04/2026,USD,"14,063.71",0.00,Paid
B-21070,V-1042,Pacific Coast Packaging LLC,PCP-23374,04/29/2026,05/29/2026,USD,"8,344.23",0.00,Paid
B-21071,V-1155,Pacific Fleet Fuel,PFF-26233,05/22/2026,06/21/2026,USD,"3,525.30",0.00,Paid
B-21072,V-1119,Cowlitz Creek Farms,CCF-61157,02/12/2026,02/27/2026,USD,"14,405.40",0.00,Paid
B-21073,V-1136,Hells Canyon Honey,HCH-37397,04/13/2026,05/13/2026,USD,"10,846.72",0.00,Paid
B-21074,V-1242,Teton Valley Trout,TVT-23056,01/16/2026,02/15/2026,USD,"7,645.24",0.00,Paid
B-21076,V-1180,Beaverton Forklift Leasing,BFL-51876,03/04/2026,04/03/2026,USD,"2,349.14",0.00,Paid
B-21077,V-1051,Stumptown Office Supply,SOS-11995,03/13/2026,04/12/2026,USD,823.94,0.00,Paid
B-21078,V-1292,Hermiston Melon Farms,HMF-63682,01/06/2026,01/21/2026,USD,"6,972.18",0.00,Paid
B-21079,V-1239,Newberg Nut Growers,NNG-31998,01/27/2026,02/26/2026,USD,"15,717.79",0.00,Paid
B-21080,V-1223,Malheur Onion Co.,MOC-17334,06/16/2026,07/16/2026,USD,"14,010.89","14,010.89",Open
B-21081,V-1266,Silvies River Lamb,SRL-64236,01/26/2026,02/25/2026,USD,"7,430.78",0.00,Paid
B-21082,V-1193,Chehalis Valley Eggs,CVE-60989,03/20/2026,04/19/2026,USD,"4,018.99",0.00,Paid
B-21084,V-1220,Treasure Valley Trucking,TVT-65929,03/23/2026,04/22/2026,USD,"2,340.81",0.00,Paid
B-21085,V-1200,Yamhill Charcuterie,YC-21136,03/13/2026,04/12/2026,USD,"13,304.68",0.00,Paid
B-21086,V-1042,Pacific Coast Packaging LLC,PCP-23218,02/20/2026,03/22/2026,USD,"8,925.64",0.00,Paid
B-21087,V-1166,Crown Linen & Uniform,CLU-45560,02/09/2026,03/11/2026,USD,689.15,0.00,Paid
B-21089,V-1242,Teton Valley Trout,TVT-23435,06/02/2026,07/02/2026,USD,"10,981.75","10,981.75",Open
B-21090,V-1224,Siuslaw Cranberry Growers,SCG-27473,04/27/2026,05/27/2026,USD,"6,526.71",0.00,Paid
B-21092,V-1206,Pend Oreille Wild Rice,POW-23831,03/09/2026,04/08/2026,USD,"13,442.39",0.00,Paid
B-21093,V-1127,Nooksack Berry Growers,NBG-54486,06/26/2026,07/11/2026,USD,"12,747.26","12,747.26",Open
B-21094,V-1209,Sound Cartage Co.,SCC-77330,05/29/2026,06/28/2026,USD,"2,488.35",0.00,Paid
B-21096,V-1239,Newberg Nut Growers,NNG-32448,06/25/2026,07/25/2026,USD,"13,403.83","13,403.83",Open
B-21097,V-1281,Boardman Tree Fruit,BTF-48374,03/17/2026,04/16/2026,USD,"9,057.08",0.00,Paid
B-21099,V-1235,Bitterroot Bakehouse Supply,BBS-56754,04/14/2026,05/14/2026,USD,"14,281.97",0.00,Paid
B-21101,V-1281,Boardman Tree Fruit,BTF-48476,05/25/2026,06/24/2026,USD,"14,033.39",0.00,Paid
B-21102,V-1227,Blue Mountain Carriers,BMC-59789,05/28/2026,06/27/2026,USD,"2,860.08",0.00,Paid
B-21104,V-1237,McKenzie River Mills,MRM-67581,05/18/2026,06/17/2026,USD,"10,320.01",0.00,Paid
B-21105,V-1223,Malheur Onion Co.,MOC-17188,04/03/2026,05/03/2026,USD,"10,791.99",0.00,Paid
B-21106,V-1237,McKenzie River Mills,MRM-67427,03/12/2026,04/11/2026,USD,"11,883.06",0.00,Paid
B-21107,V-1220,Treasure Valley Trucking,TVT-65862,02/24/2026,03/26/2026,USD,"1,923.12",0.00,Paid
B-21108,V-1227,Blue Mountain Carriers,BMC-59746,05/14/2026,06/13/2026,USD,"2,419.03",0.00,Paid
B-21109,V-1224,Siuslaw Cranberry Growers,SCG-27377,03/16/2026,04/15/2026,USD,"11,216.68",0.00,Paid
B-21110,V-1078,Rogue Valley Cheese Works,RVC-37181,02/18/2026,03/20/2026,USD,"4,463.79",0.00,Paid
B-21111,V-1193,Chehalis Valley Eggs,CVE-61141,06/10/2026,07/10/2026,USD,"15,630.22","15,630.22",Open
B-21114,V-1078,Rogue Valley Cheese Works,RVC-37266,03/16/2026,04/15/2026,USD,"8,653.44",0.00,Paid
B-21115,V-1058,Ridgeline Express,RE-17488,03/16/2026,04/15/2026,USD,"1,590.91",0.00,Paid
B-21116,V-1216,Chinook Smokehouse Co.,CSC-56987,02/02/2026,03/04/2026,USD,"12,306.90",0.00,Paid
B-21117,V-1166,Crown Linen & Uniform,CLU-45656,04/23/2026,05/23/2026,USD,636.27,0.00,Paid
B-21118,V-1127,Nooksack Berry Growers,NBG-54353,04/06/2026,04/21/2026,USD,"7,783.06",0.00,Paid
B-21119,V-1292,Hermiston Melon Farms,HMF-63706,01/16/2026,01/31/2026,USD,"15,781.51",0.00,Paid
B-21120,V-1284,Hood Canal Oyster Co.,HCO-69197,02/24/2026,03/26/2026,USD,"15,014.53",0.00,Paid
B-21121,V-1011,Klamath Basin Potato Co.,KBP-11822,06/26/2026,07/26/2026,USD,"7,426.29","7,426.29",Open
B-21122,V-1142,Umatilla Specialty Produce,USP-32172,03/10/2026,04/09/2026,USD,"7,803.32",0.00,Paid
B-21123,V-1119,Cowlitz Creek Farms,CCF-61139,01/28/2026,02/12/2026,USD,"8,066.71",0.00,Paid
B-21125,V-1151,Walla Walla Onion Growers,WWO-23300,05/27/2026,06/26/2026,USD,"4,394.54",0.00,Paid
B-21126,V-1255,Coquille Dairy Cooperative,CDC-45208,04/08/2026,05/08/2026,USD,"6,902.44",0.00,Paid
B-21127,V-1242,Teton Valley Trout,TVT-23237,03/30/2026,04/29/2026,USD,"6,598.62",0.00,Paid
B-21128,V-1270,Santiam Canning Co.,SCC-51864,04/20/2026,05/05/2026,USD,"5,306.23",0.00,Paid
B-21129,V-1020,Cascade Coldchain Logistics,CCL-22946,12/15/2025,01/14/2026,USD,"3,013.46",0.00,Paid
B-21130,V-1226,Skagit Valley Grains,SVG-15754,06/26/2026,07/26/2026,USD,"15,563.58","15,563.58",Open
B-21131,V-1031,Tualatin Hazelnut Co.,THC-26300,05/05/2026,06/04/2026,USD,"6,151.49",0.00,Paid
B-21132,V-1251,Payette Valley Beef,PVB-56750,03/30/2026,04/29/2026,USD,"8,738.67",0.00,Paid
B-21133,V-1255,Coquille Dairy Cooperative,CDC-45296,05/26/2026,06/25/2026,USD,"11,398.96",0.00,Paid
B-21135,V-1242,Teton Valley Trout,TVT-23458,06/15/2026,07/15/2026,USD,"8,555.52","8,555.52",Open
B-21138,V-1151,Walla Walla Onion Growers,WWO-23421,12/25/2025,01/24/2026,USD,"11,214.25",0.00,Paid
B-21140,V-1193,Chehalis Valley Eggs,CVE-61033,04/13/2026,05/13/2026,USD,"9,162.21",0.00,Paid
B-21141,V-1023,Clearwater Creamery,CC-68161,05/27/2026,06/26/2026,USD,"6,359.90",0.00,Paid
B-21142,V-1223,Malheur Onion Co.,MOC-17371,12/23/2025,01/22/2026,USD,"11,506.30",0.00,Paid
B-21143,V-1206,Pend Oreille Wild Rice,POW-23689,01/16/2026,02/15/2026,USD,"11,688.91",0.00,Paid
B-21144,V-1263,Summit Refrigeration Services,SRS-17970,01/13/2026,02/12/2026,USD,"1,578.95",0.00,Paid
B-21145,V-1227,Blue Mountain Carriers,BMC-59705,04/23/2026,05/23/2026,USD,"2,402.66",0.00,Paid
B-21146,V-1284,Hood Canal Oyster Co.,HCO-69250,03/09/2026,04/08/2026,USD,"14,029.29",0.00,Paid
B-21147,V-1080,Mt. Hood Berry Farm,MHB-48623,04/16/2026,05/16/2026,USD,"9,911.49",0.00,Paid
B-21148,V-1023,Clearwater Creamery,CC-68050,04/02/2026,05/02/2026,USD,"13,288.36",0.00,Paid
B-21149,V-1216,Chinook Smokehouse Co.,CSC-57177,05/21/2026,06/20/2026,USD,"8,544.26",0.00,Paid
B-21150,V-1127,Nooksack Berry Growers,NBG-54400,05/05/2026,05/20/2026,USD,"10,017.66",0.00,Paid
B-21152,V-1045,Talent Bridge Staffing,TBS-63666,03/25/2026,04/24/2026,USD,"2,688.45",0.00,Paid
B-21153,V-1193,Chehalis Valley Eggs,CVE-61040,04/22/2026,05/22/2026,USD,"6,086.61",0.00,Paid
B-21154,V-1155,Pacific Fleet Fuel,PFF-26321,06/19/2026,07/19/2026,USD,"3,157.32","3,157.32",Open
B-21156,V-1154,Brightline Janitorial,BJ-36197,05/04/2026,06/03/2026,USD,"1,633.64",0.00,Paid
B-21157,V-1147,Oregon Coast Seafood Traders,OCS-58865,02/02/2026,03/04/2026,USD,"4,510.66",0.00,Paid
B-21158,V-1124,Coos Bay Crab Co.,CBC-43382,06/18/2026,07/18/2026,USD,"11,417.91","11,417.91",Open
B-21160,V-1003,Ridgewire Telecom,RT-27188,02/26/2026,03/18/2026,USD,"1,266.69",0.00,Paid
B-21161,V-1266,Silvies River Lamb,SRL-64555,05/21/2026,06/20/2026,USD,"4,623.08",0.00,Paid
B-21162,V-1226,Skagit Valley Grains,SVG-15436,01/28/2026,02/27/2026,USD,"6,025.79",0.00,Paid
B-21163,V-1119,Cowlitz Creek Farms,CCF-61329,04/06/2026,04/21/2026,USD,"6,049.00",0.00,Paid
B-21164,V-1227,Blue Mountain Carriers,BMC-59446,01/21/2026,02/20/2026,USD,"3,492.09",0.00,Paid
B-21165,V-1055,Wenatchee Pear Packers,WPP-34563,04/27/2026,05/27/2026,USD,"8,252.94",0.00,Paid
B-21166,V-1066,Willamette Sanitation Supply,WSS-12555,01/19/2026,02/18/2026,USD,518.98,0.00,Paid
B-21167,V-1236,Kittitas Hay & Grain,KHG-25695,04/27/2026,05/12/2026,USD,"4,507.08",0.00,Paid
B-21168,V-1124,Coos Bay Crab Co.,CBC-43416,12/11/2025,01/10/2026,USD,"5,952.68",0.00,Paid
B-21169,V-1147,Oregon Coast Seafood Traders,OCS-59136,06/04/2026,07/04/2026,USD,"13,578.71","13,578.71",Open
B-21170,V-1142,Umatilla Specialty Produce,USP-32086,02/16/2026,03/18/2026,USD,"7,981.98",0.00,Paid
B-21171,V-1235,Bitterroot Bakehouse Supply,BBS-56802,05/19/2026,06/18/2026,USD,"8,659.68",0.00,Paid
B-21173,V-1291,Palouse Lentil Growers,PLG-19418,01/19/2026,02/03/2026,USD,"11,263.45",0.00,Paid
B-21174,V-1255,Coquille Dairy Cooperative,CDC-45271,05/12/2026,06/11/2026,USD,"4,635.42",0.00,Paid
B-21175,V-1045,Talent Bridge Staffing,TBS-63600,02/02/2026,03/04/2026,USD,"4,264.82",0.00,Paid
B-21176,V-1193,Chehalis Valley Eggs,CVE-60952,03/09/2026,04/08/2026,USD,"10,679.51",0.00,Paid
B-21177,V-1045,Talent Bridge Staffing,TBS-63725,05/13/2026,06/12/2026,USD,"4,630.25",0.00,Paid
B-21178,V-1209,Sound Cartage Co.,SCC-77110,03/23/2026,04/22/2026,USD,535.91,0.00,Paid
B-21179,V-1074,Scappoose Organic Farms,SOF-71002,03/09/2026,04/08/2026,USD,"11,591.59",0.00,Paid
B-21180,V-1236,Kittitas Hay & Grain,KHG-25850,12/15/2025,12/30/2025,USD,"6,856.47",0.00,Paid
B-21181,V-1011,Klamath Basin Potato Co.,KBP-11745,05/11/2026,06/10/2026,USD,"7,526.91",0.00,Paid
B-21182,V-1274,Olympic Peninsula Mushrooms,OPM-33757,03/26/2026,04/10/2026,USD,"9,227.77",0.00,Paid
B-21183,V-1074,Scappoose Organic Farms,SOF-71204,12/16/2025,01/15/2026,USD,"10,441.53",0.00,Paid
B-21184,V-1200,Yamhill Charcuterie,YC-21220,04/28/2026,05/28/2026,USD,"9,935.59",0.00,Paid
B-21186,V-1266,Silvies River Lamb,SRL-64304,02/17/2026,03/19/2026,USD,"13,927.25",0.00,Paid
B-21187,V-1252,Snake River Trout Farms,SRT-48412,06/15/2026,07/15/2026,USD,"4,915.26","4,915.26",Open
B-21188,V-1216,Chinook Smokehouse Co.,CSC-57105,04/13/2026,05/13/2026,USD,"6,151.30",0.00,Paid
B-21190,V-1173,Nisqually Salmon Co.,NSC-72181,12/17/2025,01/16/2026,USD,"8,642.47",0.00,Paid
B-21191,V-1155,Pacific Fleet Fuel,PFF-26052,03/30/2026,04/29/2026,USD,"3,024.81",0.00,Paid
B-21192,V-1161,Salem Pallet Recyclers,SPR-14313,06/12/2026,07/12/2026,USD,931.31,931.31,Open
B-21193,V-1058,Ridgeline Express,RE-17595,05/11/2026,06/10/2026,USD,"1,897.71",0.00,Paid
B-21194,V-1291,Palouse Lentil Growers,PLG-19626,04/13/2026,04/28/2026,USD,"5,693.77",0.00,Paid
B-21195,V-1251,Payette Valley Beef,PVB-56713,03/23/2026,04/22/2026,USD,"8,216.94",0.00,Paid
B-21196,V-1147,Oregon Coast Seafood Traders,OCS-58794,01/13/2026,02/12/2026,USD,"14,860.32",0.00,Paid
B-21197,V-1074,Scappoose Organic Farms,SOF-71192,06/12/2026,07/12/2026,USD,"12,770.17","12,770.17",Open
B-21198,V-1154,Brightline Janitorial,BJ-36172,03/23/2026,04/22/2026,USD,"1,518.62",0.00,Paid
B-21199,V-1265,Coastline Shredding,CS-36256,02/13/2026,03/15/2026,USD,128.44,0.00,Paid
B-21201,V-1299,Evergreen Box & Film,EBF-19554,06/09/2026,07/09/2026,USD,"1,886.60","1,886.60",Open
B-21202,V-1255,Coquille Dairy Cooperative,CDC-45203,04/01/2026,05/01/2026,USD,"14,319.11",0.00,Paid
B-21203,V-1252,Snake River Trout Farms,SRT-48336,05/13/2026,06/12/2026,USD,"6,969.39",0.00,Paid
B-21204,V-1011,Klamath Basin Potato Co.,KBP-11454,02/02/2026,03/04/2026,USD,"8,618.55",0.00,Paid
B-21205,V-1288,Wallowa Grass-Fed Beef,WGB-71927,02/24/2026,03/26/2026,USD,"8,793.05",0.00,Paid
B-21206,V-1252,Snake River Trout Farms,SRT-48498,12/22/2025,01/21/2026,USD,"14,026.09",0.00,Paid
B-21207,V-1181,Duwamish Industrial Partners,RENT-2026-05,05/01/2026,05/01/2026,USD,"6,420.00",0.00,Paid
B-21208,V-1206,Pend Oreille Wild Rice,POW-23738,02/02/2026,03/04/2026,USD,"14,138.24",0.00,Paid
B-21209,V-1266,Silvies River Lamb,SRL-64544,05/11/2026,06/10/2026,USD,"10,339.47",0.00,Paid
B-21210,V-1266,Silvies River Lamb,SRL-64343,03/03/2026,04/02/2026,USD,"11,710.82",0.00,Paid
B-21211,V-1051,Stumptown Office Supply,SOS-12072,06/18/2026,07/18/2026,USD,340.47,340.47,Open
B-21212,V-1023,Clearwater Creamery,CC-68193,06/01/2026,07/01/2026,USD,"10,096.94",0.00,Paid
B-21213,V-1124,Coos Bay Crab Co.,CBC-43288,04/27/2026,05/27/2026,USD,"8,765.02",0.00,Paid
B-21214,V-1270,Santiam Canning Co.,SCC-52039,12/22/2025,01/06/2026,USD,"9,292.03",0.00,Paid
B-21215,V-1020,Cascade Coldchain Logistics,CCL-22909,06/26/2026,07/26/2026,USD,"4,984.16","4,984.16",Open
B-21216,V-1078,Rogue Valley Cheese Works,RVC-37169,02/03/2026,03/05/2026,USD,"13,986.33",0.00,Paid
B-21217,V-1051,Stumptown Office Supply,SOS-12063,05/25/2026,06/24/2026,USD,834.41,0.00,Paid
B-21219,V-1220,Treasure Valley Trucking,TVT-65829,02/11/2026,03/13/2026,USD,"3,352.89",0.00,Paid
B-21221,V-1151,Walla Walla Onion Growers,WWO-22990,02/11/2026,03/13/2026,USD,"12,354.17",0.00,Paid
B-21222,V-1155,Pacific Fleet Fuel,PFF-25929,02/13/2026,03/15/2026,USD,"4,578.17",0.00,Paid
B-21223,V-1251,Payette Valley Beef,PVB-56619,02/16/2026,03/18/2026,USD,"9,316.19",0.00,Paid
B-21224,V-1011,Klamath Basin Potato Co.,KBP-11654,04/07/2026,05/07/2026,USD,"14,820.40",0.00,Paid
B-21225,V-1209,Sound Cartage Co.,SCC-77036,02/18/2026,03/20/2026,USD,"1,831.88",0.00,Paid
B-21226,V-1119,Cowlitz Creek Farms,CCF-61288,03/23/2026,04/07/2026,USD,"10,412.77",0.00,Paid
B-21227,V-1292,Hermiston Melon Farms,HMF-64057,12/09/2025,12/24/2025,USD,"4,793.81",0.00,Paid
B-21229,V-1290,Columbia Gorge Orchards,CGO-75826,04/14/2026,05/14/2026,USD,"6,768.73",0.00,Paid
B-21231,V-1051,Stumptown Office Supply,SOS-11980,02/18/2026,03/20/2026,USD,350.64,0.00,Paid
B-21232,V-1127,Nooksack Berry Growers,NBG-54372,04/17/2026,05/02/2026,USD,"4,746.81",0.00,Paid
B-21233,V-1042,Pacific Coast Packaging LLC,PCP-23361,04/15/2026,05/15/2026,USD,"5,865.33",0.00,Paid
B-21234,V-1242,Teton Valley Trout,TVT-23346,05/05/2026,06/04/2026,USD,"13,746.10",0.00,Paid
B-21235,V-1119,Cowlitz Creek Farms,CCF-61478,06/26/2026,07/11/2026,USD,"8,156.67","8,156.67",Open
B-21236,V-1200,Yamhill Charcuterie,YC-21242,05/20/2026,06/19/2026,USD,"4,292.71",0.00,Paid
B-21237,V-1294,Umpqua Oat Mill,UOM-15792,01/30/2026,03/01/2026,USD,"14,391.09",0.00,Paid
B-21238,V-1280,Grande Ronde Poultry,GRP-20353,03/05/2026,03/20/2026,USD,"12,685.95",0.00,Paid
B-21239,V-1031,Tualatin Hazelnut Co.,THC-26383,06/23/2026,07/23/2026,USD,"6,187.75","6,187.75",Open
B-21240,V-1206,Pend Oreille Wild Rice,POW-24024,06/08/2026,07/08/2026,USD,"11,590.63","11,590.63",Open
B-21241,V-1055,Wenatchee Pear Packers,WPP-34663,12/26/2025,01/25/2026,USD,"7,884.64",0.00,Paid
B-21242,V-1136,Hells Canyon Honey,HCH-37454,05/18/2026,06/17/2026,USD,"7,313.68",0.00,Paid
B-21244,V-1236,Kittitas Hay & Grain,KHG-25510,02/16/2026,03/03/2026,USD,"9,711.00",0.00,Paid
B-21245,V-1235,Bitterroot Bakehouse Supply,BBS-56789,04/24/2026,05/24/2026,USD,"14,854.58",0.00,Paid
B-21246,V-1252,Snake River Trout Farms,SRT-48253,03/30/2026,04/29/2026,USD,"12,730.29",0.00,Paid
B-21248,V-1289,Blue Heron Preserves,BHP-43780,05/28/2026,06/12/2026,USD,"11,450.66",0.00,Paid
B-21251,V-1023,Clearwater Creamery,CC-68156,05/19/2026,06/18/2026,USD,"7,953.64",0.00,Paid
B-21252,V-1166,Crown Linen & Uniform,CLU-45723,06/23/2026,07/23/2026,USD,490.42,490.42,Open
B-21253,V-1213,Pinnacle Payroll Services,PPS-65039,02/24/2026,03/26/2026,USD,358.92,0.00,Paid
B-21255,V-1124,Coos Bay Crab Co.,CBC-43143,02/19/2026,03/21/2026,USD,"7,910.27",0.00,Paid
B-21257,V-1252,Snake River Trout Farms,SRT-48133,02/03/2026,03/05/2026,USD,"13,213.95",0.00,Paid
B-21258,V-1226,Skagit Valley Grains,SVG-15472,02/18/2026,03/20/2026,USD,"7,726.42",0.00,Paid
B-21259,V-1200,Yamhill Charcuterie,YC-21356,12/29/2025,01/28/2026,USD,"6,941.21",0.00,Paid
B-21261,V-1251,Payette Valley Beef,PVB-56785,04/06/2026,05/06/2026,USD,"9,006.17",0.00,Paid
B-21263,V-1289,Blue Heron Preserves,BHP-43629,03/18/2026,04/02/2026,USD,"11,332.58",0.00,Paid
B-21264,V-1128,Yakima Hop & Herb,YHH-36386,05/25/2026,06/24/2026,USD,"4,130.56",0.00,Paid
B-21265,V-1147,Oregon Coast Seafood Traders,OCS-58919,02/20/2026,03/22/2026,USD,"6,985.55",0.00,Paid
B-21266,V-1142,Umatilla Specialty Produce,USP-32429,12/29/2025,01/28/2026,USD,"14,155.18",0.00,Paid
B-21267,V-1299,Evergreen Box & Film,EBF-19521,05/27/2026,06/26/2026,USD,"3,313.95",0.00,Paid
B-21268,V-1255,Coquille Dairy Cooperative,CDC-45335,06/01/2026,07/01/2026,USD,"14,547.52",0.00,Paid
B-21269,V-1281,Boardman Tree Fruit,BTF-48294,02/04/2026,03/06/2026,USD,"15,649.90",0.00,Paid
B-21272,V-1266,Silvies River Lamb,SRL-64263,01/30/2026,03/01/2026,USD,"5,721.27",0.00,Paid
B-21273,V-1279,Willamette Valley Creamery,WVC-19148,02/02/2026,03/04/2026,USD,"15,647.67",0.00,Paid
B-21274,V-1216,Chinook Smokehouse Co.,CSC-57237,12/10/2025,01/09/2026,USD,"5,918.74",0.00,Paid
B-21276,V-1206,Pend Oreille Wild Rice,POW-24000,05/18/2026,06/17/2026,USD,"9,118.15",0.00,Paid
B-21277,V-1119,Cowlitz Creek Farms,CCF-61374,05/05/2026,05/20/2026,USD,"11,029.65",0.00,Paid
B-21278,V-1231,Evergreen Mutual Insurance,EMI-22058,03/19/2026,04/18/2026,USD,"8,499.45",0.00,Paid
B-21279,V-1239,Newberg Nut Growers,NNG-32331,05/15/2026,06/14/2026,USD,"6,319.13",0.00,Paid
B-21280,V-1055,Wenatchee Pear Packers,WPP-34606,05/25/2026,06/24/2026,USD,"10,175.35",0.00,Paid
B-21281,V-1187,"Pacific Coast Packaging, L.L.C.",PCP-23292,04/01/2026,05/01/2026,USD,"8,108.20",0.00,Paid
B-21282,V-1020,Cascade Coldchain Logistics,CCL-22752,05/11/2026,06/10/2026,USD,"4,545.26",0.00,Paid
B-21283,V-1292,Hermiston Melon Farms,HMF-63817,03/16/2026,03/31/2026,USD,"7,489.88",0.00,Paid
B-21284,V-1023,Clearwater Creamery,CC-67982,03/16/2026,04/15/2026,USD,"6,687.69",0.00,Paid
B-21285,V-1237,McKenzie River Mills,MRM-67309,01/20/2026,02/19/2026,USD,"11,242.63",0.00,Paid
B-21287,V-1251,Payette Valley Beef,PVB-56657,02/23/2026,03/25/2026,USD,"8,306.60",0.00,Paid
B-21288,V-1020,Cascade Coldchain Logistics,CAS-67466,06/10/2026,07/10/2026,USD,"4,934.50",0.00,Paid
B-21289,V-1011,Klamath Basin Potato Co.,KBP-11445,01/21/2026,02/20/2026,USD,"9,617.98",0.00,Paid
B-21290,V-1227,Blue Mountain Carriers,BMC-59822,06/22/2026,07/22/2026,USD,"1,272.65","1,272.65",Open
B-21291,V-1281,Boardman Tree Fruit,BTF-48353,03/04/2026,04/03/2026,USD,"8,797.46",0.00,Paid
B-21292,V-1211,Portland General Utilities,PGU-43276,02/12/2026,03/04/2026,USD,"1,236.07",0.00,Paid
B-21293,V-1142,Umatilla Specialty Produce,USP-32195,03/20/2026,04/19/2026,USD,"4,132.44",0.00,Paid
B-21294,V-1015,Deschutes Brewing Supply Co-op,DBS-69787,04/16/2026,05/16/2026,USD,"14,943.62",0.00,Paid
B-21295,V-1261,Columbia Basin Water District,CBW-29411,06/10/2026,06/30/2026,USD,567.63,0.00,Paid
B-21296,V-1233,Lummi Bay Seafood,LBS-35237,01/28/2026,02/27/2026,USD,"4,915.22",0.00,Paid
B-21297,V-1127,Nooksack Berry Growers,NBG-54283,03/06/2026,03/21/2026,USD,"6,037.41",0.00,Paid
B-21298,V-1220,Treasure Valley Trucking,TVT-66305,12/18/2025,01/17/2026,USD,"3,311.82",0.00,Paid
B-21300,V-1206,Pend Oreille Wild Rice,POW-24131,12/17/2025,01/16/2026,USD,"6,788.35",0.00,Paid
B-21301,V-1147,Oregon Coast Seafood Traders,OCS-59163,06/15/2026,07/15/2026,USD,"7,932.66","7,932.66",Open
B-21303,V-1015,Deschutes Brewing Supply Co-op,DBS-69671,02/05/2026,03/07/2026,USD,"14,421.40",0.00,Paid
B-21305,V-1173,Nisqually Salmon Co.,NSC-72049,05/18/2026,06/17/2026,USD,"13,079.42",0.00,Paid
B-21307,V-1078,Rogue Valley Cheese Works,RVC-37155,01/23/2026,02/22/2026,USD,"14,171.36",0.00,Paid
B-21309,V-1161,Salem Pallet Recyclers,SPR-14142,02/09/2026,03/11/2026,USD,"1,174.64",0.00,Paid
B-21310,V-1031,Tualatin Hazelnut Co.,THC-26240,03/24/2026,04/23/2026,USD,"15,173.47",0.00,Paid
B-21311,V-1034,Lewis & Clark Legal Services,LCL-37071,04/15/2026,05/15/2026,USD,"1,535.02",0.00,Paid
B-21312,V-1204,Northwest Reefer Transport,NRT-66478,03/23/2026,04/22/2026,USD,"1,215.13",0.00,Paid
B-21313,V-1251,Payette Valley Beef,PVB-57021,12/09/2025,01/08/2026,USD,"11,665.87",0.00,Paid
B-21314,V-1074,Scappoose Organic Farms,SOF-70967,03/02/2026,04/01/2026,USD,"13,436.94",0.00,Paid
B-21315,V-1011,Klamath Basin Potato Co.,KBP-11417,01/05/2026,02/04/2026,USD,"14,638.22",0.00,Paid
B-21316,V-1120,Columbia River Freightways,CRF-78027,05/11/2026,06/10/2026,USD,"3,160.71",0.00,Paid
B-21317,V-1290,Columbia Gorge Orchards,CGO-75851,04/22/2026,05/22/2026,USD,"7,226.87",0.00,Paid
B-21319,V-1155,Pacific Fleet Fuel,PFF-25987,03/13/2026,04/12/2026,USD,"2,959.07",0.00,Paid
B-21320,V-1155,Pacific Fleet Fuel,PFF-26155,04/27/2026,05/27/2026,USD,"3,840.59",0.00,Paid
B-21323,V-1226,Skagit Valley Grains,SVG-15368,01/12/2026,02/11/2026,USD,"10,169.77",0.00,Paid
B-21324,V-1155,Pacific Fleet Fuel,PFF-26128,04/17/2026,05/17/2026,USD,"2,189.59",0.00,Paid
B-21325,V-1291,Palouse Lentil Growers,PLG-19575,03/23/2026,04/07/2026,USD,"9,951.37",0.00,Paid
B-21326,V-1045,Talent Bridge Staffing,TBS-63619,02/11/2026,03/13/2026,USD,"5,509.99",0.00,Paid
B-21327,V-1155,Pacific Fleet Fuel,PFF-25934,02/18/2026,03/20/2026,USD,"2,072.59",0.00,Paid
B-21328,V-1080,Mt. Hood Berry Farm,MHB-48802,12/15/2025,01/14/2026,USD,"10,765.21",0.00,Paid
B-21329,V-1211,Portland General Utilities,PGU-43325,04/14/2026,05/04/2026,USD,"1,405.33",0.00,Paid
B-21330,V-1200,Yamhill Charcuterie,YC-21182,04/13/2026,05/13/2026,USD,"8,188.29",0.00,Paid
B-21331,V-1011,Klamath Basin Potato Co.,KBP-11525,02/23/2026,03/25/2026,USD,"4,432.00",0.00,Paid
B-21333,V-1209,Sound Cartage Co.,SCC-77372,06/15/2026,07/15/2026,USD,910.26,910.26,Open
B-21334,V-1266,Silvies River Lamb,SRL-64671,12/19/2025,01/18/2026,USD,"10,115.45",0.00,Paid
B-21336,V-1142,Umatilla Specialty Produce,USP-32325,05/20/2026,06/19/2026,USD,"7,262.05",0.00,Paid
B-21337,V-1235,Bitterroot Bakehouse Supply,BBS-56897,12/16/2025,01/15/2026,USD,"7,623.31",0.00,Paid
B-21338,V-1288,Wallowa Grass-Fed Beef,WGB-71854,01/14/2026,02/13/2026,USD,"13,301.54",0.00,Paid
B-21339,V-1120,Columbia River Freightways,CRF-77728,01/01/2026,01/31/2026,USD,"1,992.36",0.00,Paid
B-21341,V-1119,Cowlitz Creek Farms,CCF-61333,04/13/2026,04/28/2026,USD,"5,905.19",0.00,Paid
B-21342,V-1045,Talent Bridge Staffing,TBS-63649,03/11/2026,04/10/2026,USD,"4,097.64",0.00,Paid
B-21343,V-1136,Hells Canyon Honey,HCH-37595,12/23/2025,01/22/2026,USD,"15,348.83",0.00,Paid
B-21344,V-1223,Malheur Onion Co.,MOC-17139,03/10/2026,04/09/2026,USD,"11,516.52",0.00,Paid
B-21345,V-1020,Cascade Coldchain Logistics,CCL-22491,01/16/2026,02/15/2026,USD,"2,916.22",0.00,Paid
B-21346,V-1204,Northwest Reefer Transport,NRT-66464,03/03/2026,04/02/2026,USD,"2,084.16",0.00,Paid
B-21347,V-1209,Sound Cartage Co.,SCC-77288,05/07/2026,06/06/2026,USD,919.92,0.00,Paid
B-21348,V-1166,Crown Linen & Uniform,CLU-45628,03/24/2026,04/23/2026,USD,594.75,0.00,Paid
B-21349,V-1058,Ridgeline Express,RE-17663,06/09/2026,07/09/2026,USD,"1,925.06","1,925.06",Open
B-21350,V-1077,Puget Sound Shellfish Co.,PSS-18771,02/12/2026,03/14/2026,USD,"11,938.02",0.00,Paid
B-21351,V-1205,Methow Valley Apples,MVA-59386,06/04/2026,06/19/2026,USD,"10,894.12",0.00,Paid
B-21353,V-1224,Siuslaw Cranberry Growers,SCG-27416,03/30/2026,04/29/2026,USD,"5,780.97",0.00,Paid
B-21354,V-1220,Treasure Valley Trucking,TVT-65728,01/05/2026,02/04/2026,USD,"2,406.25",0.00,Paid
B-21356,V-1251,Payette Valley Beef,PVB-56613,02/09/2026,03/11/2026,USD,"7,549.06",0.00,Paid
B-21357,V-1209,Sound Cartage Co.,SCC-77071,03/09/2026,04/08/2026,USD,"2,500.16",0.00,Paid
B-21358,V-1132,Rose City Tire & Auto,RCT-28726,06/09/2026,07/09/2026,USD,"2,066.86","2,066.86",Open
B-21359,V-1124,Coos Bay Crab Co.,CBC-43436,12/29/2025,01/28/2026,USD,"6,233.95",0.00,Paid
B-21360,V-1166,Crown Linen & Uniform,CLU-45664,05/11/2026,06/10/2026,USD,573.08,0.00,Paid
B-21361,V-1236,Kittitas Hay & Grain,KHG-25548,02/27/2026,03/14/2026,USD,"4,229.76",0.00,Paid
B-21362,V-1290,Columbia Gorge Orchards,CGO-75871,05/26/2026,06/25/2026,USD,"9,683.33",0.00,Paid
B-21363,V-1270,Santiam Canning Co.,SCC-51712,02/16/2026,03/03/2026,USD,"11,171.16",0.00,Paid
B-21364,V-1223,Malheur Onion Co.,MOC-17225,04/13/2026,05/13/2026,USD,"13,795.63",0.00,Paid
B-21365,V-1142,Umatilla Specialty Produce,USP-32256,04/20/2026,05/20/2026,USD,"12,014.89",0.00,Paid
B-21366,V-1226,Skagit Valley Grains,SVG-15563,03/26/2026,04/25/2026,USD,"8,764.23",0.00,Paid
B-21367,V-1055,Wenatchee Pear Packers,WPP-34400,01/14/2026,02/13/2026,USD,"12,337.84",0.00,Paid
B-21368,V-1055,Wenatchee Pear Packers,WPP-34567,05/11/2026,06/10/2026,USD,"10,471.35",0.00,Paid
B-21370,V-1235,Bitterroot Bakehouse Supply,BBS-56810,05/28/2026,06/27/2026,USD,"10,145.21",0.00,Paid
B-21371,V-1080,Mt. Hood Berry Farm,MHB-48596,04/13/2026,05/13/2026,USD,"12,575.51",0.00,Paid
B-21372,V-1237,McKenzie River Mills,MRM-67343,01/30/2026,03/01/2026,USD,"7,969.00",0.00,Paid
B-21373,V-1078,Rogue Valley Cheese Works,RVC-37334,04/01/2026,05/01/2026,USD,"10,608.94",0.00,Paid
B-21375,V-1220,Treasure Valley Trucking,TVT-66187,05/29/2026,06/28/2026,USD,"1,461.62",0.00,Paid
B-21376,V-1142,Umatilla Specialty Produce,USP-32360,05/29/2026,06/28/2026,USD,"9,116.48",0.00,Paid
B-21379,V-1142,Umatilla Specialty Produce,USP-32111,02/23/2026,03/25/2026,USD,"9,759.87",0.00,Paid
B-21380,V-1226,Skagit Valley Grains,SVG-15601,04/15/2026,05/15/2026,USD,"15,063.55",0.00,Paid
B-21381,V-1096,Tri-County Health Permits,THP-64216,03/16/2026,04/15/2026,USD,806.61,0.00,Paid
B-21382,V-1142,Umatilla Specialty Produce,USP-32320,05/11/2026,06/10/2026,USD,"13,024.84",0.00,Paid
B-21383,V-1226,Skagit Valley Grains,SVG-15674,05/22/2026,06/21/2026,USD,"7,439.74",0.00,Paid
B-21384,V-1265,Coastline Shredding,CS-36226,01/15/2026,02/14/2026,USD,162.12,0.00,Paid
B-21385,V-1151,Walla Walla Onion Growers,WWO-23088,03/06/2026,04/05/2026,USD,"9,506.75",0.00,Paid
B-21386,V-1020,Cascade Coldchain Logistics,CCL-22713,04/27/2026,05/27/2026,USD,"3,101.57",0.00,Paid
B-21387,V-1120,Columbia River Freightways,CRF-78059,05/19/2026,06/18/2026,USD,"2,808.04",0.00,Paid
B-21388,V-1206,Pend Oreille Wild Rice,POW-23741,02/10/2026,03/12/2026,USD,"6,648.00",0.00,Paid
B-21390,V-1274,Olympic Peninsula Mushrooms,OPM-33922,12/29/2025,01/13/2026,USD,"10,269.45",0.00,Paid
B-21391,V-1142,Umatilla Specialty Produce,USP-32269,04/28/2026,05/28/2026,USD,"5,748.16",0.00,Paid
B-21392,V-1128,Yakima Hop & Herb,YHH-36448,12/12/2025,01/11/2026,USD,"11,437.23",0.00,Paid
B-21393,V-1244,Portland Fleet Wash,PFW-12631,01/19/2026,02/18/2026,USD,220.66,0.00,Paid
B-21394,V-1205,Methow Valley Apples,MVA-59227,03/03/2026,03/18/2026,USD,"10,904.71",0.00,Paid
B-21397,V-1077,Puget Sound Shellfish Co.,PSS-18973,06/09/2026,07/09/2026,USD,"15,125.26","15,125.26",Open
B-21398,V-1078,Rogue Valley Cheese Works,RVC-37450,06/05/2026,07/05/2026,USD,"11,185.36","11,185.36",Open
B-21399,V-1181,Duwamish Industrial Partners,RENT-2026-03,03/01/2026,03/01/2026,USD,"6,420.00",0.00,Paid
B-21400,V-1224,Siuslaw Cranberry Growers,SCG-27566,06/15/2026,07/15/2026,USD,"9,925.07","9,925.07",Open
B-21401,V-1239,Newberg Nut Growers,NNG-32172,03/19/2026,04/18/2026,USD,"7,461.46",0.00,Paid
B-21402,V-1120,Columbia River Freightways,CRF-77745,01/13/2026,02/12/2026,USD,"2,883.89",0.00,Paid
B-21403,V-1266,Silvies River Lamb,SRL-64611,06/08/2026,07/08/2026,USD,"11,681.26","11,681.26",Open
B-21404,V-1023,Clearwater Creamery,CC-68114,04/28/2026,05/28/2026,USD,"5,413.45",0.00,Paid
B-21405,V-1143,CloudLedger Software,CS-70147,06/16/2026,07/16/2026,USD,489.66,489.66,Open
B-21406,V-1231,Evergreen Mutual Insurance,EMI-22066,05/28/2026,06/27/2026,USD,"8,044.43",0.00,Paid
B-21407,V-1187,"Pacific Coast Packaging, L.L.C.",PCP-23327,04/09/2026,05/09/2026,USD,"4,082.34",0.00,Paid
B-21408,V-1173,Nisqually Salmon Co.,NSC-71687,01/05/2026,02/04/2026,USD,"10,321.62",0.00,Paid
B-21409,V-1220,Treasure Valley Trucking,TVT-65918,03/12/2026,04/11/2026,USD,"2,561.81",0.00,Paid
B-21410,V-1209,Sound Cartage Co.,SCC-77218,04/21/2026,05/21/2026,USD,"1,566.48",0.00,Paid
B-21411,V-1020,Cascade Coldchain Logistics,CCL-22463,01/05/2026,02/04/2026,USD,"3,966.40",0.00,Paid
B-21412,V-1220,Treasure Valley Trucking,TVT-66033,04/13/2026,05/13/2026,USD,"1,446.74",0.00,Paid
B-21413,V-1255,Coquille Dairy Cooperative,CDC-45359,06/10/2026,07/10/2026,USD,"11,284.94","11,284.94",Open
B-21414,V-1265,Coastline Shredding,CS-36358,06/24/2026,07/24/2026,USD,105.19,105.19,Open
B-21415,V-1088,Oregon Tilth Certification,OTC-19230,02/16/2026,03/18/2026,USD,920.40,0.00,Paid
B-21416,V-1011,Klamath Basin Potato Co.,KBP-11487,02/13/2026,03/15/2026,USD,"14,881.15",0.00,Paid
B-21417,V-1127,Nooksack Berry Growers,NBG-54462,06/05/2026,06/20/2026,USD,"15,082.37",0.00,Paid
B-21418,V-1124,Coos Bay Crab Co.,CBC-43295,05/04/2026,06/03/2026,USD,"10,499.53",0.00,Paid
B-21419,V-1233,Lummi Bay Seafood,LBS-35478,05/18/2026,06/17/2026,USD,"13,765.82",0.00,Paid
B-21420,V-1289,Blue Heron Preserves,BHP-43570,01/05/2026,01/20/2026,USD,"8,509.11",0.00,Paid
B-21421,V-1078,Rogue Valley Cheese Works,RVC-37344,04/15/2026,05/15/2026,USD,"12,806.62",0.00,Paid
B-21422,V-1066,Willamette Sanitation Supply,WSS-12585,01/23/2026,02/22/2026,USD,272.79,0.00,Paid
B-21423,V-1136,Hells Canyon Honey,HCH-37285,02/23/2026,03/25/2026,USD,"12,977.95",0.00,Paid
B-21424,V-1266,Silvies River Lamb,SRL-64383,03/05/2026,04/04/2026,USD,"14,685.84",0.00,Paid
B-21425,V-1209,Sound Cartage Co.,SCC-76978,01/26/2026,02/25/2026,USD,"2,857.71",0.00,Paid
B-21426,V-1021,Harborview Sign Co.,HSC-72968,05/04/2026,06/03/2026,USD,"1,296.57",0.00,Paid
B-21427,V-1003,Ridgewire Telecom,RT-27226,03/09/2026,03/29/2026,USD,"1,346.49",0.00,Paid
B-21428,V-1120,Columbia River Freightways,CRF-77969,04/01/2026,05/01/2026,USD,"2,056.10",0.00,Paid
B-21429,V-1078,Rogue Valley Cheese Works,RVC-37387,05/04/2026,06/03/2026,USD,"10,449.31",0.00,Paid
B-21430,V-1233,Lummi Bay Seafood,LBS-35420,04/21/2026,05/21/2026,USD,"8,982.71",0.00,Paid
B-21432,V-1003,Ridgewire Telecom,RT-27237,04/07/2026,04/27/2026,USD,"1,254.62",0.00,Paid
B-21435,V-1280,Grande Ronde Poultry,GRP-20486,05/11/2026,05/26/2026,USD,"12,936.32",0.00,Paid
B-21436,V-1020,Cascade Coldchain Logistics,CCL-22588,02/23/2026,03/25/2026,USD,"4,956.31",0.00,Paid
B-21437,V-1266,Silvies River Lamb,SRL-64682,12/16/2025,01/15/2026,USD,"14,434.17",0.00,Paid
B-21438,V-1142,Umatilla Specialty Produce,USP-32021,01/19/2026,02/18/2026,USD,"4,807.61",0.00,Paid
B-21439,V-1290,Columbia Gorge Orchards,CGO-75774,03/25/2026,04/24/2026,USD,"15,516.79",0.00,Paid
B-21440,V-1274,Olympic Peninsula Mushrooms,OPM-33720,02/27/2026,03/14/2026,USD,"10,088.66",0.00,Paid
B-21441,V-1080,Mt. Hood Berry Farm,MHB-48763,06/08/2026,07/08/2026,USD,"5,585.20","5,585.20",Open
B-21442,V-1227,Blue Mountain Carriers,BMC-59764,05/22/2026,06/21/2026,USD,"2,949.89",0.00,Paid
B-21444,V-1266,Silvies River Lamb,SRL-64530,04/29/2026,05/29/2026,USD,"12,809.97",0.00,Paid
B-21445,V-1252,Snake River Trout Farms,SRT-48312,05/04/2026,06/03/2026,USD,"10,490.86",0.00,Paid
B-21446,V-1023,Clearwater Creamery,CC-67850,01/01/2026,01/31/2026,USD,"8,614.00",0.00,Paid
B-21447,V-1066,Willamette Sanitation Supply,WSS-12652,05/28/2026,06/27/2026,USD,965.74,0.00,Paid
B-21448,V-1251,Payette Valley Beef,PVB-56873,05/15/2026,06/14/2026,USD,"6,608.61",0.00,Paid
B-21449,V-1242,Teton Valley Trout,TVT-23176,03/09/2026,04/08/2026,USD,"15,524.79",0.00,Paid
B-21450,V-1173,Nisqually Salmon Co.,NSC-72081,06/01/2026,07/01/2026,USD,"7,216.29",0.00,Paid
B-21451,V-1204,Northwest Reefer Transport,NRT-66615,05/19/2026,06/18/2026,USD,"3,146.91",0.00,Paid
B-21452,V-1015,Deschutes Brewing Supply Co-op,DBS-69770,04/09/2026,05/09/2026,USD,"14,568.93",0.00,Paid
B-21453,V-1155,Pacific Fleet Fuel,PFF-26189,05/07/2026,06/06/2026,USD,"4,537.45",0.00,Paid
B-21454,V-1206,Pend Oreille Wild Rice,POW-23975,05/08/2026,06/07/2026,USD,"6,560.57",0.00,Paid
B-21455,V-1074,Scappoose Organic Farms,SOF-71068,04/06/2026,05/06/2026,USD,"15,102.25",0.00,Paid
B-21456,V-1161,Salem Pallet Recyclers,SPR-14180,02/23/2026,03/25/2026,USD,629.17,0.00,Paid
B-21457,V-1200,Yamhill Charcuterie,YC-21286,06/09/2026,07/09/2026,USD,"12,785.08","12,785.08",Open
B-21458,V-1173,Nisqually Salmon Co.,NSC-72148,06/24/2026,07/24/2026,USD,"5,729.64","5,729.64",Open
B-21459,V-1204,Northwest Reefer Transport,NRT-66274,01/20/2026,02/19/2026,USD,"4,411.67",0.00,Paid
B-21460,V-1284,Hood Canal Oyster Co.,HCO-69358,05/06/2026,06/05/2026,USD,"5,331.16",0.00,Paid
B-21461,V-1233,Lummi Bay Seafood,LBS-35319,03/05/2026,04/04/2026,USD,"10,104.68",0.00,Paid
B-21462,V-1206,Pend Oreille Wild Rice,POW-23943,04/20/2026,05/20/2026,USD,"12,077.04",0.00,Paid
B-21463,V-1200,Yamhill Charcuterie,YC-21237,05/12/2026,06/11/2026,USD,"14,005.76",0.00,Paid
B-21464,V-1080,Mt. Hood Berry Farm,MHB-48768,06/26/2026,07/26/2026,USD,"9,849.70","9,849.70",Open
B-21465,V-1166,Crown Linen & Uniform,CLU-45604,03/04/2026,04/03/2026,USD,404.69,0.00,Paid
B-21466,V-1173,Nisqually Salmon Co.,NSC-71860,03/16/2026,04/15/2026,USD,"8,509.78",0.00,Paid
B-21467,V-1151,Walla Walla Onion Growers,WWO-23383,06/26/2026,07/26/2026,USD,"9,906.66","9,906.66",Open
B-21468,V-1051,Stumptown Office Supply,SOS-11956,01/19/2026,02/18/2026,USD,645.85,0.00,Paid
B-21469,V-1147,Oregon Coast Seafood Traders,OCS-58882,02/10/2026,03/12/2026,USD,"10,580.64",0.00,Paid
B-21470,V-1147,Oregon Coast Seafood Traders,OCS-58975,03/11/2026,04/10/2026,USD,"8,591.92",0.00,Paid
B-21471,V-1077,Puget Sound Shellfish Co.,PSS-18864,04/14/2026,05/14/2026,USD,"6,893.21",0.00,Paid
B-21472,V-1078,Rogue Valley Cheese Works,RVC-37422,05/29/2026,06/28/2026,USD,"4,616.74",0.00,Paid
B-21473,V-1239,Newberg Nut Growers,NNG-32152,03/10/2026,04/09/2026,USD,"9,288.67",0.00,Paid
B-21474,V-1204,Northwest Reefer Transport,NRT-66570,05/01/2026,05/31/2026,USD,"3,153.35",0.00,Paid
B-21475,V-1020,Cascade Coldchain Logistics,CCL-22540,02/03/2026,03/05/2026,USD,"3,497.20",0.00,Paid
B-21476,V-1223,Malheur Onion Co.,MOC-17103,02/02/2026,03/04/2026,USD,"4,792.50",0.00,Paid
B-21477,V-1294,Umpqua Oat Mill,UOM-16113,06/19/2026,07/19/2026,USD,"11,029.95","11,029.95",Open
B-21478,V-1127,Nooksack Berry Growers,NBG-54241,02/11/2026,02/26/2026,USD,"8,933.30",0.00,Paid
B-21479,V-1136,Hells Canyon Honey,HCH-37481,05/27/2026,06/26/2026,USD,"15,356.82",0.00,Paid
B-21480,V-1020,Cascade Coldchain Logistics,CCL-22863,06/10/2026,07/10/2026,USD,"3,329.18","3,329.18",Open
B-21481,V-1237,McKenzie River Mills,MRM-67611,06/01/2026,07/01/2026,USD,"8,285.87",0.00,Paid
B-21482,V-1011,Klamath Basin Potato Co.,KBP-11606,03/20/2026,04/19/2026,USD,"10,418.50",0.00,Paid
B-21484,V-1281,Boardman Tree Fruit,BTF-48257,01/15/2026,02/14/2026,USD,"9,715.50",0.00,Paid
B-21485,V-1206,Pend Oreille Wild Rice,POW-24012,05/25/2026,06/24/2026,USD,"13,301.61",0.00,Paid
B-21486,V-1205,Methow Valley Apples,MVA-59435,06/22/2026,07/07/2026,USD,"10,674.79","10,674.79",Open
B-21487,V-1151,Walla Walla Onion Growers,WWO-23239,04/28/2026,05/28/2026,USD,"7,745.91",0.00,Paid
B-21491,V-1200,Yamhill Charcuterie,YC-21005,01/06/2026,02/05/2026,USD,"9,520.52",0.00,Paid
B-21492,V-1128,Yakima Hop & Herb,YHH-36248,03/05/2026,04/04/2026,USD,"13,758.93",0.00,Paid
B-21493,V-1058,Ridgeline Express,RE-17471,03/09/2026,04/08/2026,USD,"2,182.62",0.00,Paid
B-21494,V-1154,Brightline Janitorial,BJ-36150,02/02/2026,03/04/2026,USD,"1,642.04",0.00,Paid
B-21495,V-1239,Newberg Nut Growers,NNG-32284,04/27/2026,05/27/2026,USD,"5,831.45",0.00,Paid
B-21496,V-1209,Sound Cartage Co.,SCC-77409,12/22/2025,01/21/2026,USD,"1,176.60",0.00,Paid
B-21498,V-1239,Newberg Nut Growers,NNG-32112,03/02/2026,04/01/2026,USD,"4,412.38",0.00,Paid
B-21499,V-1066,Willamette Sanitation Supply,WSS-12608,03/30/2026,04/29/2026,USD,516.83,0.00,Paid
B-21500,V-1227,Blue Mountain Carriers,BMC-59713,04/30/2026,05/30/2026,USD,"3,127.02",0.00,Paid
B-21502,V-1136,Hells Canyon Honey,HCH-37445,05/04/2026,06/03/2026,USD,"13,451.20",0.00,Paid
B-21503,V-1173,Nisqually Salmon Co.,NSC-72019,05/04/2026,06/03/2026,USD,"3,842.73",0.00,Paid
B-21504,V-1274,Olympic Peninsula Mushrooms,OPM-33830,04/16/2026,05/01/2026,USD,"15,394.14",0.00,Paid
B-21505,V-1173,Nisqually Salmon Co.,NSC-72119,06/18/2026,07/18/2026,USD,"10,273.69","10,273.69",Open
B-21506,V-1119,Cowlitz Creek Farms,CCF-61295,03/30/2026,04/14/2026,USD,"8,873.85",0.00,Paid
B-21507,V-1120,Columbia River Freightways,CRF-78094,06/08/2026,07/08/2026,USD,"1,925.01","1,925.01",Open
B-21508,V-1270,Santiam Canning Co.,SCC-51732,02/23/2026,03/10/2026,USD,"13,332.48",0.00,Paid
B-21510,V-1220,Treasure Valley Trucking,TVT-66234,06/15/2026,07/15/2026,USD,833.40,833.40,Open
B-21511,V-1299,Evergreen Box & Film,EBF-19459,02/26/2026,03/28/2026,USD,"1,867.27",0.00,Paid
B-21512,V-1255,Coquille Dairy Cooperative,CDC-45137,02/09/2026,03/11/2026,USD,"10,811.78",0.00,Paid
B-21513,V-1206,Pend Oreille Wild Rice,POW-23867,03/23/2026,04/22/2026,USD,"3,834.35",0.00,Paid
B-21514,V-1204,Northwest Reefer Transport,NRT-66412,02/20/2026,03/22/2026,USD,"1,344.98",0.00,Paid
B-21515,V-1066,Willamette Sanitation Supply,WSS-12648,04/27/2026,05/27/2026,USD,924.96,0.00,Paid
B-21516,V-1289,Blue Heron Preserves,BHP-43578,01/14/2026,01/29/2026,USD,"14,788.72",0.00,Paid
B-21517,V-1147,Oregon Coast Seafood Traders,OCS-59104,05/20/2026,06/19/2026,USD,"6,209.08",0.00,Paid
B-21518,V-1251,Payette Valley Beef,PVB-56896,05/28/2026,06/27/2026,USD,"6,237.04",0.00,Paid
B-21519,V-1235,Bitterroot Bakehouse Supply,BBS-56707,03/19/2026,04/18/2026,USD,"9,199.63",0.00,Paid
B-21520,V-1223,Malheur Onion Co.,MOC-17175,03/23/2026,04/22/2026,USD,"8,935.00",0.00,Paid
B-21521,V-1251,Payette Valley Beef,PVB-56817,04/28/2026,05/28/2026,USD,"14,424.44",0.00,Paid
B-21523,V-1237,McKenzie River Mills,MRM-67561,05/11/2026,06/10/2026,USD,"10,027.66",0.00,Paid
B-21524,V-1235,Bitterroot Bakehouse Supply,BBS-56580,01/15/2026,02/14/2026,USD,"13,833.14",0.00,Paid
B-21525,V-1067,Marlowe Ostrander LLP,MOL-28243,01/27/2026,02/26/2026,USD,"3,784.14",0.00,Paid
B-21526,V-1020,Cascade Coldchain Logistics,CCL-22725,05/01/2026,05/31/2026,USD,"3,636.55",0.00,Paid
B-21528,V-1220,Treasure Valley Trucking,TVT-66131,05/07/2026,06/06/2026,USD,"2,857.24",0.00,Paid
B-21529,V-1136,Hells Canyon Honey,HCH-37334,03/18/2026,04/17/2026,USD,"6,381.53",0.00,Paid
B-21530,V-1211,Portland General Utilities,PGU-43345,05/13/2026,06/02/2026,USD,"1,368.12",0.00,Paid
B-21531,V-1011,Klamath Basin Potato Co.,KBP-11710,04/24/2026,05/24/2026,USD,"6,271.83",0.00,Paid
B-21533,V-1251,Payette Valley Beef,PVB-56516,01/05/2026,02/04/2026,USD,"15,481.05",0.00,Paid
B-21536,V-1151,Walla Walla Onion Growers,WWO-23123,03/23/2026,04/22/2026,USD,"12,269.51",0.00,Paid
B-21537,V-1173,Nisqually Salmon Co.,NSC-71961,04/17/2026,05/17/2026,USD,"12,826.28",0.00,Paid
B-21538,V-1193,Chehalis Valley Eggs,CVE-61237,12/09/2025,01/08/2026,USD,"7,615.80",0.00,Paid
B-21539,V-1128,Yakima Hop & Herb,YHH-36418,06/24/2026,07/24/2026,USD,"6,901.42","6,901.42",Open
B-21540,V-1120,Columbia River Freightways,CRF-78116,06/18/2026,07/18/2026,USD,814.81,814.81,Open
B-21541,V-1119,Cowlitz Creek Farms,CCF-61391,05/07/2026,05/22/2026,USD,"13,097.39",0.00,Paid
B-21542,V-1151,Walla Walla Onion Growers,WWO-23173,04/13/2026,05/13/2026,USD,"10,044.31",0.00,Paid
B-21543,V-1265,Coastline Shredding,CS-36341,05/25/2026,06/24/2026,USD,198.42,0.00,Paid
B-21544,V-1187,"Pacific Coast Packaging, L.L.C.",PCP-23544,06/18/2026,07/18/2026,USD,"6,120.00","6,120.00",Open
B-21545,V-1042,Pacific Coast Packaging LLC,PCP-23494,06/10/2026,07/10/2026,USD,"3,360.80","3,360.80",Open
B-21550,V-1279,Willamette Valley Creamery,WVC-19390,05/04/2026,06/03/2026,USD,"5,709.07",0.00,Paid
B-21552,V-1237,McKenzie River Mills,MRM-67389,02/27/2026,03/29/2026,USD,"9,410.78",0.00,Paid
B-21553,V-1055,Wenatchee Pear Packers,WPP-34423,02/02/2026,03/04/2026,USD,"6,464.59",0.00,Paid
B-21554,V-1252,Snake River Trout Farms,SRT-48163,03/02/2026,04/01/2026,USD,"14,220.86",0.00,Paid
B-21556,V-1072,Gowen Field Commerce Park,RENT-2026-02,02/01/2026,02/01/2026,USD,"4,875.00",0.00,Paid
B-21557,V-1233,Lummi Bay Seafood,LBS-35491,06/03/2026,07/03/2026,USD,"12,798.84","12,798.84",Open
B-21558,V-1185,Mill Creek Temp Controls,MCT-57653,02/09/2026,03/11/2026,USD,777.83,0.00,Paid
B-21559,V-1291,Palouse Lentil Growers,PLG-19688,05/21/2026,06/05/2026,USD,"11,289.60",0.00,Paid
B-21560,V-1167,Lombard Street Properties LLC,RENT-2026-06,06/01/2026,06/01/2026,USD,"8,500.00",0.00,Paid
B-21561,V-1204,Northwest Reefer Transport,NRT-66538,04/27/2026,05/27/2026,USD,"3,243.52",0.00,Paid
B-21562,V-1023,Clearwater Creamery,CC-68103,04/22/2026,05/22/2026,USD,"8,015.55",0.00,Paid
B-21563,V-1197,Northgate IT Partners,NIP-72389,03/30/2026,04/29/2026,USD,"2,499.43",0.00,Paid
B-21564,V-1136,Hells Canyon Honey,HCH-37201,01/08/2026,02/07/2026,USD,"14,042.95",0.00,Paid
B-21566,V-1119,Cowlitz Creek Farms,CCF-61417,05/26/2026,06/10/2026,USD,"15,046.29",0.00,Paid
B-21567,V-1055,Wenatchee Pear Packers,WPP-34449,02/09/2026,03/11/2026,USD,"12,820.43",0.00,Paid
B-21568,V-1223,Malheur Onion Co.,MOC-17355,06/24/2026,07/24/2026,USD,"6,259.18","6,259.18",Open
B-21569,V-1066,Willamette Sanitation Supply,WSS-12640,04/02/2026,05/02/2026,USD,794.74,0.00,Paid
B-21570,V-1280,Grande Ronde Poultry,GRP-20369,03/11/2026,03/26/2026,USD,"5,730.62",0.00,Paid
B-21571,V-1124,Coos Bay Crab Co.,CBC-43267,04/13/2026,05/13/2026,USD,"15,543.39",0.00,Paid
B-21572,V-1173,Nisqually Salmon Co.,NSC-71709,01/19/2026,02/18/2026,USD,"9,173.22",0.00,Paid
B-21573,V-1279,Willamette Valley Creamery,WVC-19418,05/18/2026,06/17/2026,USD,"13,271.17",0.00,Paid
B-21574,V-1119,Cowlitz Creek Farms,CCF-61454,06/17/2026,07/02/2026,USD,"6,763.60","6,763.60",Open
B-21575,V-1288,Wallowa Grass-Fed Beef,WGB-71951,03/17/2026,04/16/2026,USD,"9,481.18",0.00,Paid
B-21576,V-1143,CloudLedger Software,CS-70112,04/14/2026,05/14/2026,USD,468.11,0.00,Paid
B-21577,V-1206,Pend Oreille Wild Rice,POW-23903,04/06/2026,05/06/2026,USD,"12,562.03",0.00,Paid
B-21578,V-1180,Beaverton Forklift Leasing,BFL-51842,02/02/2026,03/04/2026,USD,"2,186.61",0.00,Paid
B-21579,V-1193,Chehalis Valley Eggs,CVE-61080,05/18/2026,06/17/2026,USD,"5,845.44",0.00,Paid
B-21580,V-1242,Teton Valley Trout,TVT-23103,02/03/2026,03/05/2026,USD,"14,846.22",0.00,Paid
B-21581,V-1209,Sound Cartage Co.,SCC-77039,02/26/2026,03/28/2026,USD,"1,757.33",0.00,Paid
B-21583,V-1124,Coos Bay Crab Co.,CBC-43347,06/08/2026,07/08/2026,USD,"14,579.31","14,579.31",Open
B-21584,V-1142,Umatilla Specialty Produce,USP-32009,01/12/2026,02/11/2026,USD,"15,392.15",0.00,Paid
