Payment No,Type,Date,Name ID,Name,Method,Check/Ref No,Currency,Amount,Exchange Rate,Amount (USD),Applied To,Applied Amount,Unapplied
PAY-D-7375,Bill Payment,01/01/2026,V-1072,Gowen Field Commerce Park,ACH,789443658776855,USD,"4,875.00",1.0000,"4,875.00",B-20670,"4,875.00",0.00
PAY-D-7376,Bill Payment,01/01/2026,V-1167,Lombard Street Properties LLC,ACH,562010601494074,USD,"8,500.00",1.0000,"8,500.00",B-20872,"8,500.00",0.00
PAY-D-7377,Bill Payment,01/01/2026,V-1181,Duwamish Industrial Partners,ACH,847790841897875,USD,"6,420.00",1.0000,"6,420.00",B-20297,"6,420.00",0.00
PAY-D-7378,Bill Payment,01/08/2026,V-1020,Cascade Coldchain Logistics,CHECK,40109,USD,"3,013.46",1.0000,"3,013.46",B-21129,"3,013.46",0.00
PAY-D-7379,Bill Payment,01/08/2026,V-1031,Tualatin Hazelnut Co.,CHECK,40110,USD,"3,886.60",1.0000,"3,886.60",B-20185,"3,886.60",0.00
PAY-D-7380,Bill Payment,01/08/2026,V-1074,Scappoose Organic Farms,CHECK,40111,USD,"13,627.78",1.0000,"13,627.78",B-20480,"13,627.78",0.00
PAY-D-7381,Bill Payment,01/08/2026,V-1078,Rogue Valley Cheese Works,ACH,283080562163607,USD,"7,605.70",1.0000,"7,605.70",B-20843,"7,605.70",0.00
PAY-D-7382,Bill Payment,01/08/2026,V-1080,Mt. Hood Berry Farm,ACH,319173190035703,USD,"10,765.21",1.0000,"10,765.21",B-21328,"10,765.21",0.00
PAY-D-7383,Bill Payment,01/08/2026,V-1119,Cowlitz Creek Farms,ACH,914786650689148,USD,"11,282.31",1.0000,"11,282.31",B-20834,"11,282.31",0.00
PAY-D-7384,Bill Payment,01/08/2026,V-1124,Coos Bay Crab Co.,CHECK,40112,USD,"5,952.68",1.0000,"5,952.68",B-21168,"5,952.68",0.00
PAY-D-7385,Bill Payment,01/08/2026,V-1127,Nooksack Berry Growers,ACH,959020448504076,USD,"22,202.51",1.0000,"22,202.51",B-20518,"13,031.60",0.00
PAY-D-7385,Bill Payment,01/08/2026,V-1127,Nooksack Berry Growers,ACH,959020448504076,USD,"22,202.51",1.0000,"22,202.51",B-20940,"9,170.91",
PAY-D-7386,Bill Payment,01/08/2026,V-1128,Yakima Hop & Herb,ACH,133882467226967,USD,"11,437.23",1.0000,"11,437.23",B-21392,"11,437.23",0.00
PAY-D-7387,Bill Payment,01/08/2026,V-1136,Hells Canyon Honey,CHECK,40113,USD,"11,303.18",1.0000,"11,303.18",B-20262,"11,303.18",0.00
PAY-D-7388,Bill Payment,01/08/2026,V-1173,Nisqually Salmon Co.,CHECK,40114,USD,"9,246.62",1.0000,"9,246.62",B-20884,"9,246.62",0.00
PAY-D-7389,Bill Payment,01/08/2026,V-1193,Chehalis Valley Eggs,ACH,533081267169472,USD,"7,615.80",1.0000,"7,615.80",B-21538,"7,615.80",0.00
PAY-D-7390,Bill Payment,01/08/2026,V-1205,Methow Valley Apples,ACH,460286965825901,USD,"10,255.29",1.0000,"10,255.29",B-20153,"4,834.32",0.00
PAY-D-7390,Bill Payment,01/08/2026,V-1205,Methow Valley Apples,ACH,460286965825901,USD,"10,255.29",1.0000,"10,255.29",B-20292,"5,420.97",
PAY-D-7391,Bill Payment,01/08/2026,V-1216,Chinook Smokehouse Co.,ACH,970285804340982,USD,"16,316.78",1.0000,"16,316.78",B-21274,"5,918.74",0.00
PAY-D-7391,Bill Payment,01/08/2026,V-1216,Chinook Smokehouse Co.,ACH,970285804340982,USD,"16,316.78",1.0000,"16,316.78",B-20517,"10,398.04",
PAY-D-7392,Bill Payment,01/08/2026,V-1220,Treasure Valley Trucking,ACH,827544462426334,USD,"1,969.34",1.0000,"1,969.34",B-20701,"1,969.34",0.00
PAY-D-7393,Bill Payment,01/08/2026,V-1223,Malheur Onion Co.,CHECK,40115,USD,"9,945.83",1.0000,"9,945.83",B-20436,"9,945.83",0.00
PAY-D-7394,Bill Payment,01/08/2026,V-1233,Lummi Bay Seafood,ACH,652323992730458,USD,"12,871.67",1.0000,"12,871.67",B-20418,"12,871.67",0.00
PAY-D-7395,Bill Payment,01/08/2026,V-1236,Kittitas Hay & Grain,CHECK,40116,USD,"11,725.95",1.0000,"11,725.95",B-21180,"6,856.47",0.00
PAY-D-7395,Bill Payment,01/08/2026,V-1236,Kittitas Hay & Grain,CHECK,40116,USD,"11,725.95",1.0000,"11,725.95",B-20739,"4,869.48",
PAY-D-7396,Bill Payment,01/08/2026,V-1242,Teton Valley Trout,ACH,824357992050415,USD,"4,161.25",1.0000,"4,161.25",B-20951,"4,161.25",0.00
PAY-D-7397,Bill Payment,01/08/2026,V-1251,Payette Valley Beef,ACH,152002098539065,USD,"16,385.69",1.0000,"16,385.69",B-21313,"11,665.87",0.00
PAY-D-7397,Bill Payment,01/08/2026,V-1251,Payette Valley Beef,ACH,152002098539065,USD,"16,385.69",1.0000,"16,385.69",B-20187,"4,719.82",
PAY-D-7398,Bill Payment,01/08/2026,V-1270,Santiam Canning Co.,CHECK,40117,USD,"9,292.03",1.0000,"9,292.03",B-21214,"9,292.03",0.00
PAY-D-7399,Bill Payment,01/08/2026,V-1274,Olympic Peninsula Mushrooms,CHECK,40118,USD,"17,083.97",1.0000,"17,083.97",B-20646,"6,814.52",0.00
PAY-D-7399,Bill Payment,01/08/2026,V-1274,Olympic Peninsula Mushrooms,CHECK,40118,USD,"17,083.97",1.0000,"17,083.97",B-21390,"10,269.45",
PAY-D-7400,Bill Payment,01/08/2026,V-1280,Grande Ronde Poultry,CHECK,40119,USD,"21,887.18",1.0000,"21,887.18",B-20342,"14,251.50",0.00
PAY-D-7400,Bill Payment,01/08/2026,V-1280,Grande Ronde Poultry,CHECK,40119,USD,"21,887.18",1.0000,"21,887.18",B-20403,"7,635.68",
PAY-D-7401,Bill Payment,01/08/2026,V-1281,Boardman Tree Fruit,ACH,114929259790686,USD,"23,664.58",1.0000,"23,664.58",B-20571,"12,754.27",0.00
PAY-D-7401,Bill Payment,01/08/2026,V-1281,Boardman Tree Fruit,ACH,114929259790686,USD,"23,664.58",1.0000,"23,664.58",B-20163,"10,910.31",
PAY-D-7402,Bill Payment,01/08/2026,V-1284,Hood Canal Oyster Co.,ACH,731701672531483,USD,"6,073.06",1.0000,"6,073.06",B-20600,"6,073.06",0.00
PAY-D-7403,Bill Payment,01/08/2026,V-1288,Wallowa Grass-Fed Beef,ACH,878195903059608,USD,"8,868.25",1.0000,"8,868.25",B-20902,"8,868.25",0.00
PAY-D-7404,Bill Payment,01/08/2026,V-1289,Blue Heron Preserves,CHECK,40120,USD,"8,671.25",1.0000,"8,671.25",B-20832,"8,671.25",0.00
PAY-D-7405,Bill Payment,01/08/2026,V-1290,Columbia Gorge Orchards,ACH,827592443978140,USD,"11,063.35",1.0000,"11,063.35",B-20360,"11,063.35",0.00
PAY-D-7406,Bill Payment,01/08/2026,V-1291,Palouse Lentil Growers,ACH,988685909567338,USD,"6,757.39",1.0000,"6,757.39",B-20851,"6,757.39",0.00
PAY-D-7407,Bill Payment,01/08/2026,V-1292,Hermiston Melon Farms,ACH,194376934651107,USD,"4,793.81",1.0000,"4,793.81",B-21227,"4,793.81",0.00
PAY-D-7408,Bill Payment,01/08/2026,V-1294,Umpqua Oat Mill,ACH,821873518717657,USD,"5,961.75",1.0000,"5,961.75",B-21046,"5,961.75",0.00
PAY-D-7409,Bill Payment,01/15/2026,V-1015,Deschutes Brewing Supply Co-op,ACH,890968458507050,USD,"26,029.43",1.0000,"26,029.43",B-20810,"11,793.60",0.00
PAY-D-7409,Bill Payment,01/15/2026,V-1015,Deschutes Brewing Supply Co-op,ACH,890968458507050,USD,"26,029.43",1.0000,"26,029.43",B-20191,"14,235.83",
PAY-D-7410,Bill Payment,01/15/2026,V-1074,Scappoose Organic Farms,CHECK,40121,USD,"10,441.53",1.0000,"10,441.53",B-21183,"10,441.53",0.00
PAY-D-7411,Bill Payment,01/15/2026,V-1077,Puget Sound Shellfish Co.,ACH,123151309676672,USD,"21,004.01",1.0000,"21,004.01",B-20082,"14,167.78",0.00
PAY-D-7411,Bill Payment,01/15/2026,V-1077,Puget Sound Shellfish Co.,ACH,123151309676672,USD,"21,004.01",1.0000,"21,004.01",B-20142,"6,836.23",
PAY-D-7412,Bill Payment,01/15/2026,V-1080,Mt. Hood Berry Farm,ACH,485117584514317,USD,"13,075.67",1.0000,"13,075.67",B-20501,"13,075.67",0.00
PAY-D-7413,Bill Payment,01/15/2026,V-1119,Cowlitz Creek Farms,ACH,018752749210403,USD,"13,965.35",1.0000,"13,965.35",B-20713,"13,965.35",0.00
PAY-D-7414,Bill Payment,01/15/2026,V-1120,Columbia River Freightways,ACH,672832390006028,USD,"4,333.52",1.0000,"4,333.52",B-20111,"2,641.85",0.00
PAY-D-7414,Bill Payment,01/15/2026,V-1120,Columbia River Freightways,ACH,672832390006028,USD,"4,333.52",1.0000,"4,333.52",B-20275,"1,691.67",
PAY-D-7415,Bill Payment,01/15/2026,V-1127,Nooksack Berry Growers,ACH,683816074868270,USD,"9,984.38",1.0000,"9,984.38",B-20812,"9,984.38",0.00
PAY-D-7416,Bill Payment,01/15/2026,V-1128,Yakima Hop & Herb,ACH,758409921436182,USD,"15,060.74",1.0000,"15,060.74",B-20836,"15,060.74",0.00
PAY-D-7417,Bill Payment,01/15/2026,V-1142,Umatilla Specialty Produce,CHECK,40122,USD,"5,995.27",1.0000,"5,995.27",B-20815,"5,995.27",0.00
PAY-D-7418,Bill Payment,01/15/2026,V-1151,Walla Walla Onion Growers,ACH,878640463846208,USD,"10,450.76",1.0000,"10,450.76",B-20298,"10,450.76",0.00
PAY-D-7419,Bill Payment,01/15/2026,V-1173,Nisqually Salmon Co.,CHECK,40123,USD,"8,642.47",1.0000,"8,642.47",B-21190,"8,642.47",0.00
PAY-D-7420,Bill Payment,01/15/2026,V-1193,Chehalis Valley Eggs,ACH,983689103696216,USD,"8,979.66",1.0000,"8,979.66",B-20178,"8,979.66",0.00
PAY-D-7421,Bill Payment,01/15/2026,V-1204,Northwest Reefer Transport,ACH,855491862316825,USD,"3,696.71",1.0000,"3,696.71",B-20886,"3,696.71",0.00
PAY-D-7422,Bill Payment,01/15/2026,V-1205,Methow Valley Apples,ACH,756141588912332,USD,"10,961.48",1.0000,"10,961.48",B-20443,"10,961.48",0.00
PAY-D-7423,Bill Payment,01/15/2026,V-1206,Pend Oreille Wild Rice,CHECK,40124,USD,"21,514.41",1.0000,"21,514.41",B-20071,"14,726.06",0.00
PAY-D-7423,Bill Payment,01/15/2026,V-1206,Pend Oreille Wild Rice,CHECK,40124,USD,"21,514.41",1.0000,"21,514.41",B-21300,"6,788.35",
PAY-D-7424,Bill Payment,01/15/2026,V-1209,Sound Cartage Co.,ACH,520684365889961,USD,"2,753.49",1.0000,"2,753.49",B-21047,"1,576.89",0.00
PAY-D-7424,Bill Payment,01/15/2026,V-1209,Sound Cartage Co.,ACH,520684365889961,USD,"2,753.49",1.0000,"2,753.49",B-21496,"1,176.60",
PAY-D-7425,Bill Payment,01/15/2026,V-1220,Treasure Valley Trucking,ACH,946513707856085,USD,"3,311.82",1.0000,"3,311.82",B-21298,"3,311.82",0.00
PAY-D-7426,Bill Payment,01/15/2026,V-1224,Siuslaw Cranberry Growers,ACH,608486024066481,USD,"13,692.32",1.0000,"13,692.32",B-20857,"13,692.32",0.00
PAY-D-7427,Bill Payment,01/15/2026,V-1226,Skagit Valley Grains,CHECK,40125,USD,"6,520.07",1.0000,"6,520.07",B-20133,"6,520.07",0.00
PAY-D-7428,Bill Payment,01/15/2026,V-1235,Bitterroot Bakehouse Supply,ACH,270913086966708,USD,"7,623.31",1.0000,"7,623.31",B-21337,"7,623.31",0.00
PAY-D-7429,Bill Payment,01/15/2026,V-1237,McKenzie River Mills,ACH,552039105671248,USD,"17,719.24",1.0000,"17,719.24",B-20371,"4,405.17",0.00
PAY-D-7429,Bill Payment,01/15/2026,V-1237,McKenzie River Mills,ACH,552039105671248,USD,"17,719.24",1.0000,"17,719.24",B-20396,"13,314.07",
PAY-D-7430,Bill Payment,01/15/2026,V-1252,Snake River Trout Farms,ACH,892192790693612,USD,"27,680.53",1.0000,"27,680.53",B-20614,"13,654.44",0.00
PAY-D-7430,Bill Payment,01/15/2026,V-1252,Snake River Trout Farms,ACH,892192790693612,USD,"27,680.53",1.0000,"27,680.53",B-21206,"14,026.09",
PAY-D-7431,Bill Payment,01/15/2026,V-1255,Coquille Dairy Cooperative,ACH,720465797516197,USD,"5,468.04",1.0000,"5,468.04",B-20449,"5,468.04",0.00
PAY-D-7432,Bill Payment,01/15/2026,V-1266,Silvies River Lamb,CHECK,40126,USD,"24,549.62",1.0000,"24,549.62",B-21437,"14,434.17",0.00
PAY-D-7432,Bill Payment,01/15/2026,V-1266,Silvies River Lamb,CHECK,40126,USD,"24,549.62",1.0000,"24,549.62",B-21334,"10,115.45",
PAY-D-7433,Bill Payment,01/15/2026,V-1270,Santiam Canning Co.,CHECK,40127,USD,"9,690.36",1.0000,"9,690.36",B-20419,"9,690.36",0.00
PAY-D-7434,Bill Payment,01/15/2026,V-1274,Olympic Peninsula Mushrooms,CHECK,40128,USD,"14,115.71",1.0000,"14,115.71",B-20024,"14,115.71",0.00
PAY-D-7435,Bill Payment,01/15/2026,V-1289,Blue Heron Preserves,CHECK,40129,USD,"8,509.11",1.0000,"8,509.11",B-21420,"8,509.11",0.00
PAY-D-7436,Bill Payment,01/15/2026,V-1290,Columbia Gorge Orchards,ACH,221563762039687,USD,"10,340.97",1.0000,"10,340.97",B-20038,"10,340.97",0.00
PAY-D-7437,Bill Payment,01/15/2026,V-1291,Palouse Lentil Growers,ACH,401433462894935,USD,"15,444.69",1.0000,"15,444.69",B-20839,"15,444.69",0.00
PAY-D-7438,Bill Payment,01/15/2026,V-1292,Hermiston Melon Farms,ACH,466677620196455,USD,"6,972.18",1.0000,"6,972.18",B-21078,"6,972.18",0.00
PAY-D-7439,Bill Payment,01/22/2026,V-1011,Klamath Basin Potato Co.,CHECK,40130,USD,"11,650.98",1.0000,"11,650.98",B-20917,"6,590.69",0.00
PAY-D-7439,Bill Payment,01/22/2026,V-1011,Klamath Basin Potato Co.,CHECK,40130,USD,"11,650.98",1.0000,"11,650.98",B-20293,"5,060.29",
PAY-D-7440,Bill Payment,01/22/2026,V-1023,Clearwater Creamery,ACH,811482270376045,USD,"9,881.12",1.0000,"9,881.12",B-20215,"9,881.12",0.00
PAY-D-7441,Bill Payment,01/22/2026,V-1055,Wenatchee Pear Packers,CHECK,40131,USD,"7,884.64",1.0000,"7,884.64",B-21241,"7,884.64",0.00
PAY-D-7442,Bill Payment,01/22/2026,V-1058,Ridgeline Express,ACH,114903650949459,USD,"1,898.65",1.0000,"1,898.65",B-20173,"1,898.65",0.00
PAY-D-7443,Bill Payment,01/22/2026,V-1078,Rogue Valley Cheese Works,ACH,115835775711592,USD,"3,844.97",1.0000,"3,844.97",B-20756,"3,844.97",0.00
PAY-D-7444,Bill Payment,01/22/2026,V-1119,Cowlitz Creek Farms,ACH,511478439280023,USD,"4,159.33",1.0000,"4,159.33",B-20346,"4,159.33",0.00
PAY-D-7445,Bill Payment,01/22/2026,V-1124,Coos Bay Crab Co.,CHECK,40132,USD,"6,233.95",1.0000,"6,233.95",B-21359,"6,233.95",0.00
PAY-D-7446,Bill Payment,01/22/2026,V-1136,Hells Canyon Honey,CHECK,40133,USD,"15,348.83",1.0000,"15,348.83",B-21343,"15,348.83",0.00
PAY-D-7447,Bill Payment,01/22/2026,V-1142,Umatilla Specialty Produce,CHECK,40134,USD,"14,155.18",1.0000,"14,155.18",B-21266,"14,155.18",0.00
PAY-D-7448,Bill Payment,01/22/2026,V-1147,Oregon Coast Seafood Traders,CHECK,40135,USD,"5,841.33",1.0000,"5,841.33",B-20094,"5,841.33",0.00
PAY-D-7449,Bill Payment,01/22/2026,V-1151,Walla Walla Onion Growers,ACH,417775112369088,USD,"11,214.25",1.0000,"11,214.25",B-21138,"11,214.25",0.00
PAY-D-7450,Bill Payment,01/22/2026,V-1200,Yamhill Charcuterie,CHECK,40136,USD,"6,941.21",1.0000,"6,941.21",B-21259,"6,941.21",0.00
PAY-D-7451,Bill Payment,01/22/2026,V-1204,Northwest Reefer Transport,ACH,872550766665067,USD,"3,110.62",1.0000,"3,110.62",B-20300,"3,110.62",0.00
PAY-D-7452,Bill Payment,01/22/2026,V-1205,Methow Valley Apples,ACH,663334017277900,USD,"14,926.64",1.0000,"14,926.64",B-20866,"14,926.64",0.00
PAY-D-7453,Bill Payment,01/22/2026,V-1223,Malheur Onion Co.,CHECK,40137,USD,"11,506.30",1.0000,"11,506.30",B-21142,"11,506.30",0.00
PAY-D-7454,Bill Payment,01/22/2026,V-1227,Blue Mountain Carriers,CHECK,40138,USD,"2,086.35",1.0000,"2,086.35",B-20511,"2,086.35",0.00
PAY-D-7455,Bill Payment,01/22/2026,V-1236,Kittitas Hay & Grain,CHECK,40139,USD,"7,628.58",1.0000,"7,628.58",B-20620,"7,628.58",0.00
PAY-D-7456,Bill Payment,01/22/2026,V-1239,Newberg Nut Growers,ACH,238901902415665,USD,"11,217.69",1.0000,"11,217.69",B-20535,"5,255.37",0.00
PAY-D-7456,Bill Payment,01/22/2026,V-1239,Newberg Nut Growers,ACH,238901902415665,USD,"11,217.69",1.0000,"11,217.69",B-20170,"5,962.32",
PAY-D-7457,Bill Payment,01/22/2026,V-1261,Columbia Basin Water District,ACH,881952831732882,USD,438.03,1.0000,438.03,B-20840,438.03,0.00
PAY-D-7458,Bill Payment,01/22/2026,V-1279,Willamette Valley Creamery,ACH,809353066333898,USD,"7,555.97",1.0000,"7,555.97",B-20347,"7,555.97",0.00
PAY-D-7459,Bill Payment,01/22/2026,V-1280,Grande Ronde Poultry,CHECK,40140,USD,"29,321.33",1.0000,"29,321.33",B-20888,"14,017.26",0.00
PAY-D-7459,Bill Payment,01/22/2026,V-1280,Grande Ronde Poultry,CHECK,40140,USD,"29,321.33",1.0000,"29,321.33",B-20445,"15,304.07",
PAY-D-7460,Bill Payment,01/22/2026,V-1294,Umpqua Oat Mill,ACH,681863542758205,USD,"10,529.88",1.0000,"10,529.88",B-20289,"10,529.88",0.00
PAY-D-7461,Bill Payment,01/29/2026,V-1011,Klamath Basin Potato Co.,CHECK,40141,USD,"14,638.22",1.0000,"14,638.22",B-21315,"14,638.22",0.00
PAY-D-7462,Bill Payment,01/29/2026,V-1020,Cascade Coldchain Logistics,CHECK,40142,USD,"3,966.40",1.0000,"3,966.40",B-21411,"3,966.40",0.00
PAY-D-7463,Bill Payment,01/29/2026,V-1021,Harborview Sign Co.,CHECK,40143,USD,567.58,1.0000,567.58,B-20413,567.58,0.00
PAY-D-7464,Bill Payment,01/29/2026,V-1023,Clearwater Creamery,ACH,065218631862578,USD,"8,614.00",1.0000,"8,614.00",B-21446,"8,614.00",0.00
PAY-D-7465,Bill Payment,01/29/2026,V-1031,Tualatin Hazelnut Co.,CHECK,40144,USD,"7,429.25",1.0000,"7,429.25",B-20630,"7,429.25",0.00
PAY-D-7466,Bill Payment,01/29/2026,V-1042,Pacific Coast Packaging LLC,ACH,434484035586538,USD,"3,084.45",1.0000,"3,084.45",B-20616,"3,084.45",0.00
PAY-D-7467,Bill Payment,01/29/2026,V-1055,Wenatchee Pear Packers,CHECK,40145,USD,"9,519.17",1.0000,"9,519.17",B-20054,"9,519.17",0.00
PAY-D-7468,Bill Payment,01/29/2026,V-1058,Ridgeline Express,ACH,837260073037956,USD,"2,229.66",1.0000,"2,229.66",B-20718,"2,229.66",0.00
PAY-D-7469,Bill Payment,01/29/2026,V-1077,Puget Sound Shellfish Co.,ACH,746084701443989,USD,"10,579.53",1.0000,"10,579.53",B-20212,"10,579.53",0.00
PAY-D-7470,Bill Payment,01/29/2026,V-1120,Columbia River Freightways,ACH,564439374467531,USD,"1,992.36",1.0000,"1,992.36",B-21339,"1,992.36",0.00
PAY-D-7471,Bill Payment,01/29/2026,V-1124,Coos Bay Crab Co.,CHECK,40146,USD,"10,575.43",1.0000,"10,575.43",B-20468,"10,575.43",0.00
PAY-D-7472,Bill Payment,01/29/2026,V-1127,Nooksack Berry Growers,ACH,640800648475469,USD,"25,407.21",1.0000,"25,407.21",B-20692,"11,912.13",0.00
PAY-D-7472,Bill Payment,01/29/2026,V-1127,Nooksack Berry Growers,ACH,640800648475469,USD,"25,407.21",1.0000,"25,407.21",B-20340,"13,495.08",
PAY-D-7473,Bill Payment,01/29/2026,V-1128,Yakima Hop & Herb,ACH,745292401405586,USD,"11,556.30",1.0000,"11,556.30",B-20636,"11,556.30",0.00
PAY-D-7474,Bill Payment,01/29/2026,V-1147,Oregon Coast Seafood Traders,CHECK,40147,USD,"11,566.44",1.0000,"11,566.44",B-20296,"11,566.44",0.00
PAY-D-7475,Bill Payment,01/29/2026,V-1151,Walla Walla Onion Growers,ACH,341450103807425,USD,"5,897.00",1.0000,"5,897.00",B-20657,"5,897.00",0.00
PAY-D-7476,Bill Payment,01/29/2026,V-1155,Pacific Fleet Fuel,ACH,217530156586193,USD,"2,680.02",1.0000,"2,680.02",B-20856,"2,680.02",0.00
PAY-D-7477,Bill Payment,01/29/2026,V-1161,Salem Pallet Recyclers,ACH,802243571370845,USD,459.94,1.0000,459.94,B-20316,459.94,0.00
PAY-D-7478,Bill Payment,01/29/2026,V-1173,Nisqually Salmon Co.,CHECK,40148,USD,"10,321.62",1.0000,"10,321.62",B-21408,"10,321.62",0.00
PAY-D-7479,Bill Payment,01/29/2026,V-1193,Chehalis Valley Eggs,ACH,922390067604881,USD,"4,037.95",1.0000,"4,037.95",B-20444,"4,037.95",0.00
PAY-D-7480,Bill Payment,01/29/2026,V-1198,Emerald City Cold Storage,ACH,919140548171327,USD,"3,808.52",1.0000,"3,808.52",B-20321,"3,808.52",0.00
PAY-D-7481,Bill Payment,01/29/2026,V-1211,Portland General Utilities,ACH,606638819042537,USD,"1,263.51",1.0000,"1,263.51",B-20395,"1,263.51",0.00
PAY-D-7482,Bill Payment,01/29/2026,V-1213,Pinnacle Payroll Services,ACH,219363019651369,USD,355.83,1.0000,355.83,B-21038,355.83,0.00
PAY-D-7483,Bill Payment,01/29/2026,V-1216,Chinook Smokehouse Co.,ACH,710498199609576,USD,"11,425.77",1.0000,"11,425.77",B-20604,"11,425.77",0.00
PAY-D-7484,Bill Payment,01/29/2026,V-1220,Treasure Valley Trucking,ACH,418997090527581,USD,"2,406.25",1.0000,"2,406.25",B-21354,"2,406.25",0.00
PAY-D-7485,Bill Payment,01/29/2026,V-1223,Malheur Onion Co.,CHECK,40149,USD,"7,463.12",1.0000,"7,463.12",B-20512,"7,463.12",0.00
PAY-D-7486,Bill Payment,01/29/2026,V-1227,Blue Mountain Carriers,CHECK,40150,USD,"1,723.00",1.0000,"1,723.00",B-20483,"1,723.00",0.00
PAY-D-7487,Bill Payment,01/29/2026,V-1233,Lummi Bay Seafood,ACH,635320512926493,USD,"8,765.25",1.0000,"8,765.25",B-20661,"8,765.25",0.00
PAY-D-7488,Bill Payment,01/29/2026,V-1235,Bitterroot Bakehouse Supply,ACH,025701004902904,USD,"8,870.01",1.0000,"8,870.01",B-20925,"8,870.01",0.00
PAY-D-7489,Bill Payment,01/29/2026,V-1236,Kittitas Hay & Grain,CHECK,40151,USD,"5,554.82",1.0000,"5,554.82",B-20844,"5,554.82",0.00
PAY-D-7490,Bill Payment,01/29/2026,V-1237,McKenzie River Mills,ACH,761610227008007,USD,"11,370.22",1.0000,"11,370.22",B-20896,"11,370.22",0.00
PAY-D-7491,Bill Payment,01/29/2026,V-1239,Newberg Nut Growers,ACH,935946114402364,USD,"14,063.71",1.0000,"14,063.71",B-21069,"14,063.71",0.00
PAY-D-7492,Bill Payment,01/29/2026,V-1242,Teton Valley Trout,ACH,390058019916890,USD,"11,012.63",1.0000,"11,012.63",B-20350,"11,012.63",0.00
PAY-D-7493,Bill Payment,01/29/2026,V-1251,Payette Valley Beef,ACH,142385071113301,USD,"15,481.05",1.0000,"15,481.05",B-21533,"15,481.05",0.00
PAY-D-7494,Bill Payment,01/29/2026,V-1266,Silvies River Lamb,CHECK,40152,USD,"10,544.58",1.0000,"10,544.58",B-21002,"10,544.58",0.00
PAY-D-7495,Bill Payment,01/29/2026,V-1270,Santiam Canning Co.,CHECK,40153,USD,"9,545.78",1.0000,"9,545.78",B-20795,"9,545.78",0.00
PAY-D-7496,Bill Payment,01/29/2026,V-1274,Olympic Peninsula Mushrooms,CHECK,40154,USD,"13,567.11",1.0000,"13,567.11",B-20992,"13,567.11",0.00
PAY-D-7497,Bill Payment,01/29/2026,V-1281,Boardman Tree Fruit,ACH,272997275159577,USD,"15,169.47",1.0000,"15,169.47",B-20001,"15,169.47",0.00
PAY-D-7498,Bill Payment,01/29/2026,V-1288,Wallowa Grass-Fed Beef,ACH,616706631167322,USD,"8,022.58",1.0000,"8,022.58",B-21040,"8,022.58",0.00
PAY-D-7499,Bill Payment,01/29/2026,V-1289,Blue Heron Preserves,CHECK,40155,USD,"14,788.72",1.0000,"14,788.72",B-21516,"14,788.72",0.00
PAY-D-7500,Bill Payment,01/29/2026,V-1291,Palouse Lentil Growers,ACH,908388078020288,USD,"11,263.45",1.0000,"11,263.45",B-21173,"11,263.45",0.00
PAY-D-7501,Bill Payment,01/29/2026,V-1292,Hermiston Melon Farms,ACH,515606918913620,USD,"15,781.51",1.0000,"15,781.51",B-21119,"15,781.51",0.00
PAY-D-7502,Bill Payment,01/29/2026,V-1294,Umpqua Oat Mill,ACH,457360249863616,USD,"9,615.02",1.0000,"9,615.02",B-20726,"9,615.02",0.00
PAY-D-7503,Bill Payment,01/29/2026,V-1299,Evergreen Box & Film,ACH,728594678104186,USD,"1,708.04",1.0000,"1,708.04",B-20286,"1,708.04",0.00
PAY-D-7504,Bill Payment,02/01/2026,V-1072,Gowen Field Commerce Park,ACH,421547101647700,USD,"4,875.00",1.0000,"4,875.00",B-21556,"4,875.00",0.00
PAY-D-7505,Bill Payment,02/01/2026,V-1167,Lombard Street Properties LLC,ACH,067960153410790,USD,"8,500.00",1.0000,"8,500.00",B-20655,"8,500.00",0.00
PAY-D-7506,Bill Payment,02/01/2026,V-1181,Duwamish Industrial Partners,ACH,211227307316761,USD,"6,420.00",1.0000,"6,420.00",B-20005,"6,420.00",0.00
PAY-D-7507,Bill Payment,02/05/2026,V-1003,Ridgewire Telecom,ACH,734668039537222,USD,"1,299.56",1.0000,"1,299.56",B-20914,"1,299.56",0.00
PAY-D-7508,Bill Payment,02/05/2026,V-1011,Klamath Basin Potato Co.,CHECK,40156,USD,"15,054.62",1.0000,"15,054.62",B-20422,"15,054.62",0.00
PAY-D-7509,Bill Payment,02/05/2026,V-1015,Deschutes Brewing Supply Co-op,ACH,404539734788932,USD,"10,979.54",1.0000,"10,979.54",B-20901,"10,979.54",0.00
PAY-D-7510,Bill Payment,02/05/2026,V-1020,Cascade Coldchain Logistics,CHECK,40157,USD,"4,598.67",1.0000,"4,598.67",B-20531,"4,598.67",0.00
PAY-D-7511,Bill Payment,02/05/2026,V-1031,Tualatin Hazelnut Co.,CHECK,40158,USD,"9,151.05",1.0000,"9,151.05",B-20199,"9,151.05",0.00
PAY-D-7512,Bill Payment,02/05/2026,V-1042,Pacific Coast Packaging LLC,ACH,816290493093066,USD,"7,620.55",1.0000,"7,620.55",B-20648,"7,620.55",0.00
PAY-D-7513,Bill Payment,02/05/2026,V-1074,Scappoose Organic Farms,CHECK,40159,USD,"13,562.57",1.0000,"13,562.57",B-20560,"13,562.57",0.00
PAY-D-7514,Bill Payment,02/05/2026,V-1078,Rogue Valley Cheese Works,ACH,822605599190473,USD,"25,295.92",1.0000,"25,295.92",B-20926,"15,643.28",0.00
PAY-D-7514,Bill Payment,02/05/2026,V-1078,Rogue Valley Cheese Works,ACH,822605599190473,USD,"25,295.92",1.0000,"25,295.92",B-20526,"9,652.64",
PAY-D-7515,Bill Payment,02/05/2026,V-1080,Mt. Hood Berry Farm,ACH,594418744370372,USD,"17,706.23",1.0000,"17,706.23",B-20548,"7,181.93",0.00
PAY-D-7515,Bill Payment,02/05/2026,V-1080,Mt. Hood Berry Farm,ACH,594418744370372,USD,"17,706.23",1.0000,"17,706.23",B-20803,"10,524.30",
PAY-D-7516,Bill Payment,02/05/2026,V-1119,Cowlitz Creek Farms,ACH,641605632673502,USD,"15,339.14",1.0000,"15,339.14",B-20392,"15,339.14",0.00
PAY-D-7517,Bill Payment,02/05/2026,V-1136,Hells Canyon Honey,CHECK,40160,USD,"14,042.95",1.0000,"14,042.95",B-21564,"14,042.95",0.00
PAY-D-7518,Bill Payment,02/05/2026,V-1142,Umatilla Specialty Produce,CHECK,40161,USD,"19,835.58",1.0000,"19,835.58",B-20372,"4,443.43",0.00
PAY-D-7518,Bill Payment,02/05/2026,V-1142,Umatilla Specialty Produce,CHECK,40161,USD,"19,835.58",1.0000,"19,835.58",B-21584,"15,392.15",
PAY-D-7519,Bill Payment,02/05/2026,V-1155,Pacific Fleet Fuel,ACH,576650467966009,USD,"3,042.82",1.0000,"3,042.82",B-20822,"3,042.82",0.00
PAY-D-7520,Bill Payment,02/05/2026,V-1166,Crown Linen & Uniform,ACH,054249734084884,USD,648.22,1.0000,648.22,B-20126,648.22,0.00
PAY-D-7521,Bill Payment,02/05/2026,V-1200,Yamhill Charcuterie,CHECK,40162,USD,"25,126.79",1.0000,"25,126.79",B-21491,"9,520.52",0.00
PAY-D-7521,Bill Payment,02/05/2026,V-1200,Yamhill Charcuterie,CHECK,40162,USD,"25,126.79",1.0000,"25,126.79",B-20876,"15,606.27",
PAY-D-7522,Bill Payment,02/05/2026,V-1204,Northwest Reefer Transport,ACH,661017745551913,USD,"6,580.10",1.0000,"6,580.10",B-20458,"2,719.29",0.00
PAY-D-7522,Bill Payment,02/05/2026,V-1204,Northwest Reefer Transport,ACH,661017745551913,USD,"6,580.10",1.0000,"6,580.10",B-20283,"3,860.81",
PAY-D-7523,Bill Payment,02/05/2026,V-1205,Methow Valley Apples,ACH,929971255785284,USD,"8,704.76",1.0000,"8,704.76",B-20055,"8,704.76",0.00
PAY-D-7524,Bill Payment,02/05/2026,V-1206,Pend Oreille Wild Rice,CHECK,40163,USD,"9,340.26",1.0000,"9,340.26",B-20589,"9,340.26",0.00
PAY-D-7525,Bill Payment,02/05/2026,V-1209,Sound Cartage Co.,ACH,576865016760859,USD,"1,973.63",1.0000,"1,973.63",B-21025,"1,973.63",0.00
PAY-D-7526,Bill Payment,02/05/2026,V-1224,Siuslaw Cranberry Growers,ACH,293304727373122,USD,"8,293.83",1.0000,"8,293.83",B-20221,"8,293.83",0.00
PAY-D-7527,Bill Payment,02/05/2026,V-1226,Skagit Valley Grains,CHECK,40164,USD,"23,974.38",1.0000,"23,974.38",B-20076,"13,804.61",0.00
PAY-D-7527,Bill Payment,02/05/2026,V-1226,Skagit Valley Grains,CHECK,40164,USD,"23,974.38",1.0000,"23,974.38",B-21323,"10,169.77",
PAY-D-7528,Bill Payment,02/05/2026,V-1227,Blue Mountain Carriers,CHECK,40165,USD,"1,589.02",1.0000,"1,589.02",B-20037,"1,589.02",0.00
PAY-D-7529,Bill Payment,02/05/2026,V-1236,Kittitas Hay & Grain,CHECK,40166,USD,"11,894.04",1.0000,"11,894.04",B-20702,"11,894.04",0.00
PAY-D-7530,Bill Payment,02/05/2026,V-1239,Newberg Nut Growers,ACH,651300808843601,USD,"3,815.87",1.0000,"3,815.87",B-20640,"3,815.87",0.00
PAY-D-7531,Bill Payment,02/05/2026,V-1251,Payette Valley Beef,ACH,099780167225108,USD,"12,213.34",1.0000,"12,213.34",B-20911,"12,213.34",0.00
PAY-D-7532,Bill Payment,02/05/2026,V-1252,Snake River Trout Farms,ACH,270995585926045,USD,"11,835.92",1.0000,"11,835.92",B-20393,"11,835.92",0.00
PAY-D-7533,Bill Payment,02/05/2026,V-1255,Coquille Dairy Cooperative,ACH,484088340165490,USD,"4,476.58",1.0000,"4,476.58",B-20259,"4,476.58",0.00
PAY-D-7534,Bill Payment,02/05/2026,V-1270,Santiam Canning Co.,CHECK,40167,USD,"5,792.55",1.0000,"5,792.55",B-20357,"5,792.55",0.00
PAY-D-7535,Bill Payment,02/05/2026,V-1274,Olympic Peninsula Mushrooms,CHECK,40168,USD,"15,512.51",1.0000,"15,512.51",B-20085,"15,512.51",0.00
PAY-D-7536,Bill Payment,02/05/2026,V-1277,Metro Waste Haulers,ACH,132288751155806,USD,757.10,1.0000,757.10,B-20203,757.10,0.00
PAY-D-7537,Bill Payment,02/05/2026,V-1279,Willamette Valley Creamery,ACH,988242488381965,USD,"8,892.64",1.0000,"8,892.64",B-20214,"8,892.64",0.00
PAY-D-7538,Bill Payment,02/05/2026,V-1280,Grande Ronde Poultry,CHECK,40169,USD,"14,438.98",1.0000,"14,438.98",B-20442,"14,438.98",0.00
PAY-D-7539,Bill Payment,02/05/2026,V-1284,Hood Canal Oyster Co.,ACH,105771677560938,USD,"11,842.08",1.0000,"11,842.08",B-20677,"11,842.08",0.00
PAY-D-7540,Bill Payment,02/05/2026,V-1290,Columbia Gorge Orchards,ACH,325342268260057,USD,"13,492.58",1.0000,"13,492.58",B-20210,"13,492.58",0.00
PAY-D-7541,Bill Payment,02/05/2026,V-1291,Palouse Lentil Growers,ACH,426430031378155,USD,"14,550.46",1.0000,"14,550.46",B-20288,"14,550.46",0.00
PAY-D-7542,Bill Payment,02/05/2026,V-1292,Hermiston Melon Farms,ACH,344415463841846,USD,"11,714.42",1.0000,"11,714.42",B-21022,"11,714.42",0.00
PAY-D-7543,Bill Payment,02/12/2026,V-1020,Cascade Coldchain Logistics,CHECK,40170,USD,"2,916.22",1.0000,"2,916.22",B-21345,"2,916.22",0.00
PAY-D-7544,Bill Payment,02/12/2026,V-1023,Clearwater Creamery,ACH,333749869245929,USD,"8,498.62",1.0000,"8,498.62",B-20137,"8,498.62",0.00
PAY-D-7545,Bill Payment,02/12/2026,V-1042,Pacific Coast Packaging LLC,ACH,328668706617700,USD,"7,907.90",1.0000,"7,907.90",B-20537,"7,907.90",0.00
PAY-D-7546,Bill Payment,02/12/2026,V-1045,Talent Bridge Staffing,ACH,813846122284032,USD,"2,226.48",1.0000,"2,226.48",B-20426,"2,226.48",0.00
PAY-D-7547,Bill Payment,02/12/2026,V-1051,Stumptown Office Supply,ACH,290099206237837,USD,645.85,1.0000,645.85,B-21468,645.85,0.00
PAY-D-7548,Bill Payment,02/12/2026,V-1055,Wenatchee Pear Packers,CHECK,40171,USD,"12,337.84",1.0000,"12,337.84",B-21367,"12,337.84",0.00
PAY-D-7549,Bill Payment,02/12/2026,V-1058,Ridgeline Express,ACH,650331352504128,USD,"1,557.30",1.0000,"1,557.30",B-20565,"1,557.30",0.00
PAY-D-7550,Bill Payment,02/12/2026,V-1066,Willamette Sanitation Supply,ACH,207095926052150,USD,518.98,1.0000,518.98,B-21166,518.98,0.00
PAY-D-7551,Bill Payment,02/12/2026,V-1074,Scappoose Organic Farms,CHECK,40172,USD,"14,847.08",1.0000,"14,847.08",B-20224,"14,847.08",0.00
PAY-D-7552,Bill Payment,02/12/2026,V-1077,Puget Sound Shellfish Co.,ACH,680666322095613,USD,"15,690.27",1.0000,"15,690.27",B-20186,"15,690.27",0.00
PAY-D-7553,Bill Payment,02/12/2026,V-1119,Cowlitz Creek Farms,ACH,062810771721695,USD,"8,066.71",1.0000,"8,066.71",B-21123,"8,066.71",0.00
PAY-D-7554,Bill Payment,02/12/2026,V-1120,Columbia River Freightways,ACH,123313778272094,USD,"3,767.98",1.0000,"3,767.98",B-21402,"2,883.89",0.00
PAY-D-7554,Bill Payment,02/12/2026,V-1120,Columbia River Freightways,ACH,123313778272094,USD,"3,767.98",1.0000,"3,767.98",B-20561,884.09,
PAY-D-7555,Bill Payment,02/12/2026,V-1124,Coos Bay Crab Co.,CHECK,40173,USD,"4,714.95",1.0000,"4,714.95",B-20083,"4,714.95",0.00
PAY-D-7556,Bill Payment,02/12/2026,V-1127,Nooksack Berry Growers,ACH,582437878591433,USD,"6,733.44",1.0000,"6,733.44",B-20359,"6,733.44",0.00
PAY-D-7557,Bill Payment,02/12/2026,V-1128,Yakima Hop & Herb,ACH,105158770931484,USD,"9,912.63",1.0000,"9,912.63",B-20331,"9,912.63",0.00
PAY-D-7558,Bill Payment,02/12/2026,V-1132,Rose City Tire & Auto,CHECK,40174,USD,"1,116.17",1.0000,"1,116.17",B-20899,"1,116.17",0.00
PAY-D-7559,Bill Payment,02/12/2026,V-1142,Umatilla Specialty Produce,CHECK,40175,USD,"4,807.61",1.0000,"4,807.61",B-21438,"4,807.61",0.00
PAY-D-7560,Bill Payment,02/12/2026,V-1143,CloudLedger Software,ACH,043146975088631,USD,615.10,1.0000,615.10,B-20201,615.10,0.00
PAY-D-7561,Bill Payment,02/12/2026,V-1147,Oregon Coast Seafood Traders,CHECK,40176,USD,"14,860.32",1.0000,"14,860.32",B-21196,"14,860.32",0.00
PAY-D-7562,Bill Payment,02/12/2026,V-1151,Walla Walla Onion Growers,ACH,796740890243009,USD,"5,122.01",1.0000,"5,122.01",B-20916,"5,122.01",0.00
PAY-D-7563,Bill Payment,02/12/2026,V-1155,Pacific Fleet Fuel,ACH,662905675043854,USD,"1,833.05",1.0000,"1,833.05",B-20267,"1,833.05",0.00
PAY-D-7564,Bill Payment,02/12/2026,V-1166,Crown Linen & Uniform,ACH,920032625146928,USD,532.00,1.0000,532.00,B-20579,532.00,0.00
PAY-D-7565,Bill Payment,02/12/2026,V-1173,Nisqually Salmon Co.,CHECK,40177,USD,"9,173.22",1.0000,"9,173.22",B-21572,"9,173.22",0.00
PAY-D-7566,Bill Payment,02/12/2026,V-1193,Chehalis Valley Eggs,ACH,090692002482547,USD,"9,183.58",1.0000,"9,183.58",B-20819,"9,183.58",0.00
PAY-D-7567,Bill Payment,02/12/2026,V-1197,Northgate IT Partners,ACH,419446360049591,USD,"2,092.17",1.0000,"2,092.17",B-20894,"2,092.17",0.00
PAY-D-7568,Bill Payment,02/12/2026,V-1205,Methow Valley Apples,ACH,965549088200869,USD,"4,789.97",1.0000,"4,789.97",B-20625,"4,789.97",0.00
PAY-D-7569,Bill Payment,02/12/2026,V-1206,Pend Oreille Wild Rice,CHECK,40178,USD,"11,688.91",1.0000,"11,688.91",B-21143,"11,688.91",0.00
PAY-D-7570,Bill Payment,02/12/2026,V-1209,Sound Cartage Co.,ACH,891289226796500,USD,"1,839.24",1.0000,"1,839.24",B-20885,"1,839.24",0.00
PAY-D-7571,Bill Payment,02/12/2026,V-1216,Chinook Smokehouse Co.,ACH,750081622710836,USD,"13,413.28",1.0000,"13,413.28",B-21067,"13,413.28",0.00
PAY-D-7572,Bill Payment,02/12/2026,V-1220,Treasure Valley Trucking,ACH,031073178777730,USD,"3,948.09",1.0000,"3,948.09",B-20823,769.81,0.00
PAY-D-7572,Bill Payment,02/12/2026,V-1220,Treasure Valley Trucking,ACH,031073178777730,USD,"3,948.09",1.0000,"3,948.09",B-20757,"3,178.28",
PAY-D-7573,Bill Payment,02/12/2026,V-1223,Malheur Onion Co.,CHECK,40179,USD,"6,920.91",1.0000,"6,920.91",B-20792,"6,920.91",0.00
PAY-D-7574,Bill Payment,02/12/2026,V-1224,Siuslaw Cranberry Growers,ACH,480396915193002,USD,"7,143.54",1.0000,"7,143.54",B-20016,"7,143.54",0.00
PAY-D-7575,Bill Payment,02/12/2026,V-1235,Bitterroot Bakehouse Supply,ACH,998134538158047,USD,"13,833.14",1.0000,"13,833.14",B-21524,"13,833.14",0.00
PAY-D-7576,Bill Payment,02/12/2026,V-1237,McKenzie River Mills,ACH,011823440484926,USD,"4,366.41",1.0000,"4,366.41",B-21061,"4,366.41",0.00
PAY-D-7577,Bill Payment,02/12/2026,V-1239,Newberg Nut Growers,ACH,226034567806727,USD,"8,806.80",1.0000,"8,806.80",B-20837,"8,806.80",0.00
PAY-D-7578,Bill Payment,02/12/2026,V-1242,Teton Valley Trout,ACH,956944010247828,USD,"7,645.24",1.0000,"7,645.24",B-21074,"7,645.24",0.00
PAY-D-7579,Bill Payment,02/12/2026,V-1244,Portland Fleet Wash,ACH,009089816275599,USD,220.66,1.0000,220.66,B-21393,220.66,0.00
PAY-D-7580,Bill Payment,02/12/2026,V-1252,Snake River Trout Farms,ACH,984840042754059,USD,"9,780.62",1.0000,"9,780.62",B-21052,"9,780.62",0.00
PAY-D-7581,Bill Payment,02/12/2026,V-1255,Coquille Dairy Cooperative,ACH,016346699364732,USD,"4,503.89",1.0000,"4,503.89",B-20801,"4,503.89",0.00
PAY-D-7582,Bill Payment,02/12/2026,V-1263,Summit Refrigeration Services,CHECK,40180,USD,"1,578.95",1.0000,"1,578.95",B-21144,"1,578.95",0.00
PAY-D-7583,Bill Payment,02/12/2026,V-1265,Coastline Shredding,ACH,432383175540166,USD,162.12,1.0000,162.12,B-21384,162.12,0.00
PAY-D-7584,Bill Payment,02/12/2026,V-1266,Silvies River Lamb,CHECK,40181,USD,"7,310.39",1.0000,"7,310.39",B-20265,"7,310.39",0.00
PAY-D-7585,Bill Payment,02/12/2026,V-1274,Olympic Peninsula Mushrooms,CHECK,40182,USD,"6,992.20",1.0000,"6,992.20",B-20827,"6,992.20",0.00
PAY-D-7586,Bill Payment,02/12/2026,V-1279,Willamette Valley Creamery,ACH,048308079518527,USD,"6,268.62",1.0000,"6,268.62",B-20689,"6,268.62",0.00
PAY-D-7587,Bill Payment,02/12/2026,V-1281,Boardman Tree Fruit,ACH,119495529384837,USD,"9,715.50",1.0000,"9,715.50",B-21484,"9,715.50",0.00
PAY-D-7588,Bill Payment,02/12/2026,V-1284,Hood Canal Oyster Co.,ACH,867508977597014,USD,"10,879.76",1.0000,"10,879.76",B-20712,"10,879.76",0.00
PAY-D-7589,Bill Payment,02/12/2026,V-1288,Wallowa Grass-Fed Beef,ACH,470604136944625,USD,"13,301.54",1.0000,"13,301.54",B-21338,"13,301.54",0.00
PAY-D-7590,Bill Payment,02/12/2026,V-1289,Blue Heron Preserves,CHECK,40183,USD,"4,358.80",1.0000,"4,358.80",B-20309,"4,358.80",0.00
PAY-D-7591,Bill Payment,02/12/2026,V-1290,Columbia Gorge Orchards,ACH,072889233291613,USD,"6,537.94",1.0000,"6,537.94",B-20678,"6,537.94",0.00
PAY-D-7592,Bill Payment,02/12/2026,V-1294,Umpqua Oat Mill,ACH,966352615376964,USD,"11,613.49",1.0000,"11,613.49",B-20606,"11,613.49",0.00
PAY-D-7593,Bill Payment,02/19/2026,V-1011,Klamath Basin Potato Co.,CHECK,40184,USD,"9,617.98",1.0000,"9,617.98",B-21289,"9,617.98",0.00
PAY-D-7594,Bill Payment,02/19/2026,V-1015,Deschutes Brewing Supply Co-op,ACH,461104044256743,USD,"11,689.62",1.0000,"11,689.62",B-21024,"11,689.62",0.00
PAY-D-7595,Bill Payment,02/19/2026,V-1023,Clearwater Creamery,ACH,138809410002894,USD,"14,496.02",1.0000,"14,496.02",B-20119,"14,496.02",0.00
PAY-D-7596,Bill Payment,02/19/2026,V-1042,Pacific Coast Packaging LLC,ACH,509779549316175,USD,"2,846.99",1.0000,"2,846.99",B-20981,"2,846.99",0.00
PAY-D-7597,Bill Payment,02/19/2026,V-1058,Ridgeline Express,ACH,858653591853001,USD,453.66,1.0000,453.66,B-20684,453.66,0.00
PAY-D-7598,Bill Payment,02/19/2026,V-1066,Willamette Sanitation Supply,ACH,725481142142594,USD,272.79,1.0000,272.79,B-21422,272.79,0.00
PAY-D-7599,Bill Payment,02/19/2026,V-1074,Scappoose Organic Farms,CHECK,40185,USD,"13,430.54",1.0000,"13,430.54",B-20619,"13,430.54",0.00
PAY-D-7600,Bill Payment,02/19/2026,V-1078,Rogue Valley Cheese Works,ACH,010957723754629,USD,"14,171.36",1.0000,"14,171.36",B-21307,"14,171.36",0.00
PAY-D-7601,Bill Payment,02/19/2026,V-1120,Columbia River Freightways,ACH,456060808504811,USD,"2,076.76",1.0000,"2,076.76",B-20091,"2,076.76",0.00
PAY-D-7602,Bill Payment,02/19/2026,V-1128,Yakima Hop & Herb,ACH,328569394321200,USD,"7,715.45",1.0000,"7,715.45",B-21027,"7,715.45",0.00
PAY-D-7603,Bill Payment,02/19/2026,V-1136,Hells Canyon Honey,CHECK,40186,USD,"3,824.60",1.0000,"3,824.60",B-20594,"3,824.60",0.00
PAY-D-7604,Bill Payment,02/19/2026,V-1147,Oregon Coast Seafood Traders,CHECK,40187,USD,"15,102.20",1.0000,"15,102.20",B-20124,"15,102.20",0.00
PAY-D-7605,Bill Payment,02/19/2026,V-1151,Walla Walla Onion Growers,ACH,677054910493604,USD,"13,921.38",1.0000,"13,921.38",B-20573,"13,921.38",0.00
PAY-D-7606,Bill Payment,02/19/2026,V-1154,Brightline Janitorial,ACH,823648385476724,USD,"1,573.27",1.0000,"1,573.27",B-20322,"1,573.27",0.00
PAY-D-7607,Bill Payment,02/19/2026,V-1155,Pacific Fleet Fuel,ACH,609425608896158,USD,"2,106.69",1.0000,"2,106.69",B-20983,"2,106.69",0.00
PAY-D-7608,Bill Payment,02/19/2026,V-1160,Hollis & Ward CPAs,CHECK,40188,USD,"11,433.66",1.0000,"11,433.66",B-20154,"11,433.66",0.00
PAY-D-7609,Bill Payment,02/19/2026,V-1200,Yamhill Charcuterie,CHECK,40189,USD,"4,524.02",1.0000,"4,524.02",B-20610,"4,524.02",0.00
PAY-D-7610,Bill Payment,02/19/2026,V-1204,Northwest Reefer Transport,ACH,456119333110293,USD,"6,917.79",1.0000,"6,917.79",B-21459,"4,411.67",0.00
PAY-D-7610,Bill Payment,02/19/2026,V-1204,Northwest Reefer Transport,ACH,456119333110293,USD,"6,917.79",1.0000,"6,917.79",B-20198,"2,506.12",
PAY-D-7611,Bill Payment,02/19/2026,V-1205,Methow Valley Apples,ACH,791171199885083,USD,"5,939.74",1.0000,"5,939.74",B-20112,"5,939.74",0.00
PAY-D-7612,Bill Payment,02/19/2026,V-1206,Pend Oreille Wild Rice,CHECK,40190,USD,"5,631.81",1.0000,"5,631.81",B-20287,"5,631.81",0.00
PAY-D-7613,Bill Payment,02/19/2026,V-1209,Sound Cartage Co.,ACH,745119104489751,USD,"2,857.71",1.0000,"2,857.71",B-21425,"2,857.71",0.00
PAY-D-7614,Bill Payment,02/19/2026,V-1216,Chinook Smokehouse Co.,ACH,386122827476898,USD,"11,971.93",1.0000,"11,971.93",B-20398,"11,971.93",0.00
PAY-D-7615,Bill Payment,02/19/2026,V-1226,Skagit Valley Grains,CHECK,40191,USD,"12,371.77",1.0000,"12,371.77",B-20139,"12,371.77",0.00
PAY-D-7616,Bill Payment,02/19/2026,V-1227,Blue Mountain Carriers,CHECK,40192,USD,"3,492.09",1.0000,"3,492.09",B-21164,"3,492.09",0.00
PAY-D-7617,Bill Payment,02/19/2026,V-1233,Lummi Bay Seafood,ACH,891717411768446,USD,"9,573.84",1.0000,"9,573.84",B-20397,"9,573.84",0.00
PAY-D-7618,Bill Payment,02/19/2026,V-1235,Bitterroot Bakehouse Supply,ACH,313704943782562,USD,"14,132.93",1.0000,"14,132.93",B-20557,"14,132.93",0.00
PAY-D-7619,Bill Payment,02/19/2026,V-1236,Kittitas Hay & Grain,CHECK,40193,USD,"11,051.18",1.0000,"11,051.18",B-20012,"11,051.18",0.00
PAY-D-7620,Bill Payment,02/19/2026,V-1237,McKenzie River Mills,ACH,414712221178094,USD,"11,242.63",1.0000,"11,242.63",B-21285,"11,242.63",0.00
PAY-D-7621,Bill Payment,02/19/2026,V-1242,Teton Valley Trout,ACH,829249796147004,USD,"12,471.74",1.0000,"12,471.74",B-20355,"12,471.74",0.00
PAY-D-7622,Bill Payment,02/19/2026,V-1251,Payette Valley Beef,ACH,440728072997290,USD,"9,339.13",1.0000,"9,339.13",B-20954,"9,339.13",0.00
PAY-D-7623,Bill Payment,02/19/2026,V-1252,Snake River Trout Farms,ACH,127859762542299,USD,"15,551.57",1.0000,"15,551.57",B-20721,"15,551.57",0.00
PAY-D-7624,Bill Payment,02/19/2026,V-1266,Silvies River Lamb,CHECK,40194,USD,"7,430.78",1.0000,"7,430.78",B-21081,"7,430.78",0.00
PAY-D-7625,Bill Payment,02/19/2026,V-1270,Santiam Canning Co.,CHECK,40195,USD,"5,046.20",1.0000,"5,046.20",B-20583,"5,046.20",0.00
PAY-D-7626,Bill Payment,02/19/2026,V-1279,Willamette Valley Creamery,ACH,628881342841674,USD,"9,472.42",1.0000,"9,472.42",B-20390,"9,472.42",0.00
PAY-D-7627,Bill Payment,02/19/2026,V-1280,Grande Ronde Poultry,CHECK,40196,USD,"11,076.39",1.0000,"11,076.39",B-20053,"11,076.39",0.00
PAY-D-7628,Bill Payment,02/19/2026,V-1284,Hood Canal Oyster Co.,ACH,924188027494119,USD,"11,669.97",1.0000,"11,669.97",B-20554,"11,669.97",0.00
PAY-D-7629,Bill Payment,02/19/2026,V-1288,Wallowa Grass-Fed Beef,ACH,899821781528762,USD,"12,078.21",1.0000,"12,078.21",B-20406,"12,078.21",0.00
PAY-D-7630,Bill Payment,02/19/2026,V-1289,Blue Heron Preserves,CHECK,40197,USD,"13,268.64",1.0000,"13,268.64",B-20208,"13,268.64",0.00
PAY-D-7631,Bill Payment,02/19/2026,V-1290,Columbia Gorge Orchards,ACH,329611412481342,USD,"14,100.58",1.0000,"14,100.58",B-21014,"14,100.58",0.00
PAY-D-7632,Bill Payment,02/19/2026,V-1291,Palouse Lentil Growers,ACH,178059624044768,USD,"18,031.86",1.0000,"18,031.86",B-20161,"4,538.65",0.00
PAY-D-7632,Bill Payment,02/19/2026,V-1291,Palouse Lentil Growers,ACH,178059624044768,USD,"18,031.86",1.0000,"18,031.86",B-20656,"13,493.21",
PAY-D-7633,Bill Payment,02/19/2026,V-1292,Hermiston Melon Farms,ACH,710825027193200,USD,"7,937.93",1.0000,"7,937.93",B-20519,"7,937.93",0.00
PAY-D-7634,Bill Payment,02/26/2026,V-1011,Klamath Basin Potato Co.,CHECK,40198,USD,"8,618.55",1.0000,"8,618.55",B-21204,"8,618.55",0.00
PAY-D-7635,Bill Payment,02/26/2026,V-1015,Deschutes Brewing Supply Co-op,ACH,355666112261614,USD,"10,697.47",1.0000,"10,697.47",B-20500,"10,697.47",0.00
PAY-D-7636,Bill Payment,02/26/2026,V-1020,Cascade Coldchain Logistics,CHECK,40199,USD,"3,384.72",1.0000,"3,384.72",B-20105,"3,384.72",0.00
PAY-D-7637,Bill Payment,02/26/2026,V-1031,Tualatin Hazelnut Co.,CHECK,40200,USD,"11,645.81",1.0000,"11,645.81",B-20936,"11,645.81",0.00
PAY-D-7638,Bill Payment,02/26/2026,V-1042,Pacific Coast Packaging LLC,ACH,068179646449939,USD,"6,082.29",1.0000,"6,082.29",B-20219,"6,082.29",0.00
PAY-D-7639,Bill Payment,02/26/2026,V-1045,Talent Bridge Staffing,ACH,077819970261582,USD,"4,264.82",1.0000,"4,264.82",B-21175,"4,264.82",0.00
PAY-D-7640,Bill Payment,02/26/2026,V-1051,Stumptown Office Supply,ACH,607446545803366,USD,162.67,1.0000,162.67,B-20947,162.67,0.00
PAY-D-7641,Bill Payment,02/26/2026,V-1055,Wenatchee Pear Packers,CHECK,40201,USD,"6,464.59",1.0000,"6,464.59",B-21553,"6,464.59",0.00
PAY-D-7642,Bill Payment,02/26/2026,V-1058,Ridgeline Express,ACH,350378641223914,USD,"1,056.79",1.0000,"1,056.79",B-20260,"1,056.79",0.00
PAY-D-7643,Bill Payment,02/26/2026,V-1067,Marlowe Ostrander LLP,CHECK,40202,USD,"3,784.14",1.0000,"3,784.14",B-21525,"3,784.14",0.00
PAY-D-7644,Bill Payment,02/26/2026,V-1077,Puget Sound Shellfish Co.,ACH,036808409944987,USD,"9,828.51",1.0000,"9,828.51",B-20132,"9,828.51",0.00
PAY-D-7645,Bill Payment,02/26/2026,V-1080,Mt. Hood Berry Farm,ACH,776361279029861,USD,"12,447.52",1.0000,"12,447.52",B-20527,"12,447.52",0.00
PAY-D-7646,Bill Payment,02/26/2026,V-1105,Everbright Electric Contractors,CHECK,40203,USD,"1,787.39",1.0000,"1,787.39",B-20171,"1,787.39",0.00
PAY-D-7647,Bill Payment,02/26/2026,V-1119,Cowlitz Creek Farms,ACH,004536394662693,USD,"14,405.40",1.0000,"14,405.40",B-21072,"14,405.40",0.00
PAY-D-7648,Bill Payment,02/26/2026,V-1120,Columbia River Freightways,ACH,853138750430842,USD,896.28,1.0000,896.28,B-20584,896.28,0.00
PAY-D-7649,Bill Payment,02/26/2026,V-1124,Coos Bay Crab Co.,CHECK,40204,USD,"13,646.68",1.0000,"13,646.68",B-20513,"13,646.68",0.00
PAY-D-7650,Bill Payment,02/26/2026,V-1127,Nooksack Berry Growers,ACH,261467697613219,USD,"8,933.30",1.0000,"8,933.30",B-21478,"8,933.30",0.00
PAY-D-7651,Bill Payment,02/26/2026,V-1136,Hells Canyon Honey,CHECK,40205,USD,"6,940.38",1.0000,"6,940.38",B-20966,"6,940.38",0.00
PAY-D-7652,Bill Payment,02/26/2026,V-1142,Umatilla Specialty Produce,CHECK,40206,USD,"9,373.41",1.0000,"9,373.41",B-20813,"9,373.41",0.00
PAY-D-7653,Bill Payment,02/26/2026,V-1147,Oregon Coast Seafood Traders,CHECK,40207,USD,"4,510.66",1.0000,"4,510.66",B-21157,"4,510.66",0.00
PAY-D-7654,Bill Payment,02/26/2026,V-1151,Walla Walla Onion Growers,ACH,025300718543529,USD,"12,878.90",1.0000,"12,878.90",B-20577,"12,878.90",0.00
PAY-D-7655,Bill Payment,02/26/2026,V-1154,Brightline Janitorial,ACH,647863333621374,USD,"1,642.04",1.0000,"1,642.04",B-21494,"1,642.04",0.00
PAY-D-7656,Bill Payment,02/26/2026,V-1155,Pacific Fleet Fuel,ACH,006448301009903,USD,"3,584.63",1.0000,"3,584.63",B-20578,"3,584.63",0.00
PAY-D-7657,Bill Payment,02/26/2026,V-1173,Nisqually Salmon Co.,CHECK,40208,USD,"13,377.61",1.0000,"13,377.61",B-20327,"13,377.61",0.00
PAY-D-7658,Bill Payment,02/26/2026,V-1180,Beaverton Forklift Leasing,ACH,224910551666528,USD,"4,395.23",1.0000,"4,395.23",B-20036,"2,208.62",0.00
PAY-D-7658,Bill Payment,02/26/2026,V-1180,Beaverton Forklift Leasing,ACH,224910551666528,USD,"4,395.23",1.0000,"4,395.23",B-21578,"2,186.61",
PAY-D-7659,Bill Payment,02/26/2026,V-1193,Chehalis Valley Eggs,ACH,977594771640697,USD,"12,850.59",1.0000,"12,850.59",B-20798,"12,850.59",0.00
PAY-D-7660,Bill Payment,02/26/2026,V-1204,Northwest Reefer Transport,ACH,798901376453629,USD,"1,699.23",1.0000,"1,699.23",B-20559,"1,699.23",0.00
PAY-D-7661,Bill Payment,02/26/2026,V-1206,Pend Oreille Wild Rice,CHECK,40209,USD,"14,138.24",1.0000,"14,138.24",B-21208,"14,138.24",0.00
PAY-D-7662,Bill Payment,02/26/2026,V-1209,Sound Cartage Co.,ACH,260176577016352,USD,635.24,1.0000,635.24,B-20378,635.24,0.00
PAY-D-7663,Bill Payment,02/26/2026,V-1211,Portland General Utilities,ACH,237687494514831,USD,"1,236.07",1.0000,"1,236.07",B-21292,"1,236.07",0.00
PAY-D-7664,Bill Payment,02/26/2026,V-1216,Chinook Smokehouse Co.,ACH,782938778778665,USD,"12,306.90",1.0000,"12,306.90",B-21116,"12,306.90",0.00
PAY-D-7665,Bill Payment,02/26/2026,V-1220,Treasure Valley Trucking,ACH,702461673162690,USD,"4,591.49",1.0000,"4,591.49",B-20441,"1,330.83",0.00
PAY-D-7665,Bill Payment,02/26/2026,V-1220,Treasure Valley Trucking,ACH,702461673162690,USD,"4,591.49",1.0000,"4,591.49",B-20428,"3,260.66",
PAY-D-7666,Bill Payment,02/26/2026,V-1223,Malheur Onion Co.,CHECK,40210,USD,"4,792.50",1.0000,"4,792.50",B-21476,"4,792.50",0.00
PAY-D-7667,Bill Payment,02/26/2026,V-1224,Siuslaw Cranberry Growers,ACH,881344227642910,USD,"12,859.33",1.0000,"12,859.33",B-20039,"12,859.33",0.00
PAY-D-7668,Bill Payment,02/26/2026,V-1226,Skagit Valley Grains,CHECK,40211,USD,"6,025.79",1.0000,"6,025.79",B-21162,"6,025.79",0.00
PAY-D-7669,Bill Payment,02/26/2026,V-1227,Blue Mountain Carriers,CHECK,40212,USD,"5,330.03",1.0000,"5,330.03",B-20147,"2,586.34",0.00
PAY-D-7669,Bill Payment,02/26/2026,V-1227,Blue Mountain Carriers,CHECK,40212,USD,"5,330.03",1.0000,"5,330.03",B-20550,"2,743.69",
PAY-D-7670,Bill Payment,02/26/2026,V-1233,Lummi Bay Seafood,ACH,160778197256675,USD,"4,915.22",1.0000,"4,915.22",B-21296,"4,915.22",0.00
PAY-D-7671,Bill Payment,02/26/2026,V-1236,Kittitas Hay & Grain,CHECK,40213,USD,"9,711.00",1.0000,"9,711.00",B-21244,"9,711.00",0.00
PAY-D-7672,Bill Payment,02/26/2026,V-1237,McKenzie River Mills,ACH,960462402879267,USD,"7,969.00",1.0000,"7,969.00",B-21372,"7,969.00",0.00
PAY-D-7673,Bill Payment,02/26/2026,V-1239,Newberg Nut Growers,ACH,050818542812386,USD,"15,717.79",1.0000,"15,717.79",B-21079,"15,717.79",0.00
PAY-D-7674,Bill Payment,02/26/2026,V-1251,Payette Valley Beef,ACH,110975868175508,USD,"12,993.69",1.0000,"12,993.69",B-20253,"12,993.69",0.00
PAY-D-7675,Bill Payment,02/26/2026,V-1255,Coquille Dairy Cooperative,ACH,262887621448097,USD,"15,111.58",1.0000,"15,111.58",B-20268,"15,111.58",0.00
PAY-D-7676,Bill Payment,02/26/2026,V-1261,Columbia Basin Water District,ACH,067568493722962,USD,592.12,1.0000,592.12,B-20642,592.12,0.00
PAY-D-7677,Bill Payment,02/26/2026,V-1266,Silvies River Lamb,CHECK,40214,USD,"5,721.27",1.0000,"5,721.27",B-21272,"5,721.27",0.00
PAY-D-7678,Bill Payment,02/26/2026,V-1270,Santiam Canning Co.,CHECK,40215,USD,"11,171.16",1.0000,"11,171.16",B-21363,"11,171.16",0.00
PAY-D-7679,Bill Payment,02/26/2026,V-1276,Critter Guard Pest Control,CHECK,40216,USD,261.75,1.0000,261.75,B-20496,261.75,0.00
PAY-D-7680,Bill Payment,02/26/2026,V-1279,Willamette Valley Creamery,ACH,351289122406945,USD,"15,647.67",1.0000,"15,647.67",B-21273,"15,647.67",0.00
PAY-D-7681,Bill Payment,02/26/2026,V-1280,Grande Ronde Poultry,CHECK,40217,USD,"4,246.46",1.0000,"4,246.46",B-20845,"4,246.46",0.00
PAY-D-7682,Bill Payment,02/26/2026,V-1281,Boardman Tree Fruit,ACH,527513429042088,USD,"10,792.66",1.0000,"10,792.66",B-20487,"10,792.66",0.00
PAY-D-7683,Bill Payment,02/26/2026,V-1289,Blue Heron Preserves,CHECK,40218,USD,"9,279.88",1.0000,"9,279.88",B-20460,"9,279.88",0.00
PAY-D-7684,Bill Payment,02/26/2026,V-1294,Umpqua Oat Mill,ACH,108677459515572,USD,"14,391.09",1.0000,"14,391.09",B-21237,"14,391.09",0.00
PAY-D-7685,Bill Payment,02/26/2026,V-1299,Evergreen Box & Film,ACH,388102790709306,USD,"5,006.00",1.0000,"5,006.00",B-20019,"2,105.71",0.00
PAY-D-7685,Bill Payment,02/26/2026,V-1299,Evergreen Box & Film,ACH,388102790709306,USD,"5,006.00",1.0000,"5,006.00",B-20354,"2,900.29",
PAY-D-7686,Bill Payment,03/01/2026,V-1072,Gowen Field Commerce Park,ACH,107927222417969,USD,"4,875.00",1.0000,"4,875.00",B-20328,"4,875.00",0.00
PAY-D-7687,Bill Payment,03/01/2026,V-1167,Lombard Street Properties LLC,ACH,184537425699965,USD,"8,500.00",1.0000,"8,500.00",B-21051,"8,500.00",0.00
PAY-D-7688,Bill Payment,03/01/2026,V-1181,Duwamish Industrial Partners,ACH,890606755505347,USD,"6,420.00",1.0000,"6,420.00",B-21399,"6,420.00",0.00
PAY-D-7689,Bill Payment,03/03/2026,V-1042,Pacific Coast Packaging LLC,CHECK,40219,USD,"14,862.50",1.0000,"14,862.50",B-20931,"14,862.50",0.00
PAY-D-7690,Bill Payment,03/05/2026,V-1015,Deschutes Brewing Supply Co-op,ACH,784098088698786,USD,"14,421.40",1.0000,"14,421.40",B-21303,"14,421.40",0.00
PAY-D-7691,Bill Payment,03/05/2026,V-1020,Cascade Coldchain Logistics,CHECK,40220,USD,"3,497.20",1.0000,"3,497.20",B-21475,"3,497.20",0.00
PAY-D-7692,Bill Payment,03/05/2026,V-1023,Clearwater Creamery,ACH,741680252868260,USD,"24,261.53",1.0000,"24,261.53",B-20788,"9,464.67",0.00
PAY-D-7692,Bill Payment,03/05/2026,V-1023,Clearwater Creamery,ACH,741680252868260,USD,"24,261.53",1.0000,"24,261.53",B-20734,"14,796.86",
PAY-D-7693,Bill Payment,03/05/2026,V-1031,Tualatin Hazelnut Co.,CHECK,40221,USD,"8,687.07",1.0000,"8,687.07",B-20552,"8,687.07",0.00
PAY-D-7694,Bill Payment,03/05/2026,V-1042,Pacific Coast Packaging LLC,ACH,273270797850272,USD,"8,621.94",1.0000,"8,621.94",B-20524,"8,621.94",0.00
PAY-D-7695,Bill Payment,03/05/2026,V-1055,Wenatchee Pear Packers,CHECK,40222,USD,"12,820.43",1.0000,"12,820.43",B-21567,"12,820.43",0.00
PAY-D-7696,Bill Payment,03/05/2026,V-1058,Ridgeline Express,ACH,482840390320268,USD,"1,388.36",1.0000,"1,388.36",B-20652,"1,388.36",0.00
PAY-D-7697,Bill Payment,03/05/2026,V-1074,Scappoose Organic Farms,CHECK,40223,USD,"14,160.47",1.0000,"14,160.47",B-20978,"14,160.47",0.00
PAY-D-7698,Bill Payment,03/05/2026,V-1078,Rogue Valley Cheese Works,ACH,229216613061175,USD,"13,986.33",1.0000,"13,986.33",B-21216,"13,986.33",0.00
PAY-D-7699,Bill Payment,03/05/2026,V-1080,Mt. Hood Berry Farm,ACH,101084154233990,USD,"4,918.96",1.0000,"4,918.96",B-20125,"4,918.96",0.00
PAY-D-7700,Bill Payment,03/05/2026,V-1093,Cascade Trade Show Group,CHECK,40224,USD,"2,584.62",1.0000,"2,584.62",B-20168,"2,584.62",0.00
PAY-D-7701,Bill Payment,03/05/2026,V-1119,Cowlitz Creek Farms,ACH,989853996262899,USD,"15,736.76",1.0000,"15,736.76",B-20547,"15,736.76",0.00
PAY-D-7702,Bill Payment,03/05/2026,V-1127,Nooksack Berry Growers,ACH,281030900888645,USD,"15,620.67",1.0000,"15,620.67",B-20264,"15,620.67",0.00
PAY-D-7703,Bill Payment,03/05/2026,V-1128,Yakima Hop & Herb,ACH,182933022400329,USD,"9,263.05",1.0000,"9,263.05",B-20933,"9,263.05",0.00
PAY-D-7704,Bill Payment,03/05/2026,V-1142,Umatilla Specialty Produce,CHECK,40225,USD,"9,781.76",1.0000,"9,781.76",B-20800,"9,781.76",0.00
PAY-D-7705,Bill Payment,03/05/2026,V-1155,Pacific Fleet Fuel,ACH,510280050199821,USD,"1,888.15",1.0000,"1,888.15",B-20618,"1,888.15",0.00
PAY-D-7706,Bill Payment,03/05/2026,V-1161,Salem Pallet Recyclers,ACH,545501014079380,USD,"1,174.64",1.0000,"1,174.64",B-21309,"1,174.64",0.00
PAY-D-7707,Bill Payment,03/05/2026,V-1166,Crown Linen & Uniform,ACH,073998390498756,USD,689.15,1.0000,689.15,B-21087,689.15,0.00
PAY-D-7708,Bill Payment,03/05/2026,V-1173,Nisqually Salmon Co.,CHECK,40226,USD,"4,748.21",1.0000,"4,748.21",B-20729,"4,748.21",0.00
PAY-D-7709,Bill Payment,03/05/2026,V-1185,Mill Creek Temp Controls,ACH,327262140703234,USD,777.83,1.0000,777.83,B-21558,777.83,0.00
PAY-D-7710,Bill Payment,03/05/2026,V-1193,Chehalis Valley Eggs,ACH,064981052937907,USD,"7,860.46",1.0000,"7,860.46",B-20921,"7,860.46",0.00
PAY-D-7711,Bill Payment,03/05/2026,V-1200,Yamhill Charcuterie,CHECK,40227,USD,"13,794.68",1.0000,"13,794.68",B-20194,"13,794.68",0.00
PAY-D-7712,Bill Payment,03/05/2026,V-1204,Northwest Reefer Transport,ACH,130413361261099,USD,"3,825.33",1.0000,"3,825.33",B-20733,"3,825.33",0.00
PAY-D-7713,Bill Payment,03/05/2026,V-1224,Siuslaw Cranberry Growers,ACH,445726100485497,USD,"10,340.61",1.0000,"10,340.61",B-20128,"10,340.61",0.00
PAY-D-7714,Bill Payment,03/05/2026,V-1233,Lummi Bay Seafood,ACH,055755747435664,USD,"10,333.07",1.0000,"10,333.07",B-20574,"10,333.07",0.00
PAY-D-7715,Bill Payment,03/05/2026,V-1235,Bitterroot Bakehouse Supply,ACH,679829271979663,USD,"8,451.80",1.0000,"8,451.80",B-20999,"8,451.80",0.00
PAY-D-7716,Bill Payment,03/05/2026,V-1237,McKenzie River Mills,ACH,318371808218976,USD,"8,320.34",1.0000,"8,320.34",B-20570,"8,320.34",0.00
PAY-D-7717,Bill Payment,03/05/2026,V-1239,Newberg Nut Growers,ACH,263864679688610,USD,"10,185.59",1.0000,"10,185.59",B-20592,"10,185.59",0.00
PAY-D-7718,Bill Payment,03/05/2026,V-1242,Teton Valley Trout,ACH,484493047860707,USD,"25,442.34",1.0000,"25,442.34",B-21580,"14,846.22",0.00
PAY-D-7718,Bill Payment,03/05/2026,V-1242,Teton Valley Trout,ACH,484493047860707,USD,"25,442.34",1.0000,"25,442.34",B-20781,"10,596.12",
PAY-D-7719,Bill Payment,03/05/2026,V-1251,Payette Valley Beef,ACH,083551733378010,USD,"7,549.06",1.0000,"7,549.06",B-21356,"7,549.06",0.00
PAY-D-7720,Bill Payment,03/05/2026,V-1252,Snake River Trout Farms,ACH,118252054457895,USD,"13,213.95",1.0000,"13,213.95",B-21257,"13,213.95",0.00
PAY-D-7721,Bill Payment,03/05/2026,V-1255,Coquille Dairy Cooperative,ACH,949812491639586,USD,"10,811.78",1.0000,"10,811.78",B-21512,"10,811.78",0.00
PAY-D-7722,Bill Payment,03/05/2026,V-1266,Silvies River Lamb,CHECK,40228,USD,"13,521.15",1.0000,"13,521.15",B-20789,"13,521.15",0.00
PAY-D-7723,Bill Payment,03/05/2026,V-1270,Santiam Canning Co.,CHECK,40229,USD,"13,332.48",1.0000,"13,332.48",B-21508,"13,332.48",0.00
PAY-D-7724,Bill Payment,03/05/2026,V-1274,Olympic Peninsula Mushrooms,CHECK,40230,USD,"6,078.53",1.0000,"6,078.53",B-20146,"6,078.53",0.00
PAY-D-7725,Bill Payment,03/05/2026,V-1281,Boardman Tree Fruit,ACH,017278459815499,USD,"15,649.90",1.0000,"15,649.90",B-21269,"15,649.90",0.00
PAY-D-7726,Bill Payment,03/05/2026,V-1288,Wallowa Grass-Fed Beef,ACH,681502409576466,USD,"12,077.27",1.0000,"12,077.27",B-20469,"12,077.27",0.00
PAY-D-7727,Bill Payment,03/05/2026,V-1290,Columbia Gorge Orchards,ACH,131528994203609,USD,"14,225.98",1.0000,"14,225.98",B-20544,"14,225.98",0.00
PAY-D-7728,Bill Payment,03/05/2026,V-1291,Palouse Lentil Growers,ACH,949289753690157,USD,"12,300.99",1.0000,"12,300.99",B-20605,"12,300.99",0.00
PAY-D-7729,Bill Payment,03/05/2026,V-1292,Hermiston Melon Farms,ACH,748144895711199,USD,"9,378.63",1.0000,"9,378.63",B-20860,"9,378.63",0.00
PAY-D-7730,Bill Payment,03/05/2026,V-1187,"Pacific Coast Packaging, L.L.C.",ACH,021000089773052,USD,"14,862.50",1.0000,"14,862.50",B-21007,"14,862.50",0.00
PAY-D-7731,Bill Payment,03/12/2026,V-1003,Ridgewire Telecom,ACH,039226499251324,USD,"1,266.69",1.0000,"1,266.69",B-21160,"1,266.69",0.00
PAY-D-7732,Bill Payment,03/12/2026,V-1011,Klamath Basin Potato Co.,CHECK,40231,USD,"14,881.15",1.0000,"14,881.15",B-21416,"14,881.15",0.00
PAY-D-7733,Bill Payment,03/12/2026,V-1020,Cascade Coldchain Logistics,CHECK,40232,USD,"2,972.18",1.0000,"2,972.18",B-20318,"2,972.18",0.00
PAY-D-7734,Bill Payment,03/12/2026,V-1042,Pacific Coast Packaging LLC,ACH,279723401823993,USD,"9,289.60",1.0000,"9,289.60",B-20209,"9,289.60",0.00
PAY-D-7735,Bill Payment,03/12/2026,V-1045,Talent Bridge Staffing,ACH,637733033157569,USD,"5,509.99",1.0000,"5,509.99",B-21326,"5,509.99",0.00
PAY-D-7736,Bill Payment,03/12/2026,V-1074,Scappoose Organic Farms,CHECK,40233,USD,"14,116.38",1.0000,"14,116.38",B-20724,"14,116.38",0.00
PAY-D-7737,Bill Payment,03/12/2026,V-1077,Puget Sound Shellfish Co.,ACH,089045610858458,USD,"11,938.02",1.0000,"11,938.02",B-21350,"11,938.02",0.00
PAY-D-7738,Bill Payment,03/12/2026,V-1080,Mt. Hood Berry Farm,ACH,380207100520132,USD,"7,917.70",1.0000,"7,917.70",B-20743,"7,917.70",0.00
PAY-D-7739,Bill Payment,03/12/2026,V-1088,Oregon Tilth Certification,CHECK,40234,USD,920.40,1.0000,920.40,B-21415,920.40,0.00
PAY-D-7740,Bill Payment,03/12/2026,V-1119,Cowlitz Creek Farms,ACH,050501179072042,USD,"14,537.64",1.0000,"14,537.64",B-20506,"14,537.64",0.00
PAY-D-7741,Bill Payment,03/12/2026,V-1120,Columbia River Freightways,ACH,886493076682025,USD,"6,146.75",1.0000,"6,146.75",B-20593,"3,537.68",0.00
PAY-D-7741,Bill Payment,03/12/2026,V-1120,Columbia River Freightways,ACH,886493076682025,USD,"6,146.75",1.0000,"6,146.75",B-20752,"2,609.07",
PAY-D-7742,Bill Payment,03/12/2026,V-1124,Coos Bay Crab Co.,CHECK,40235,USD,"11,098.20",1.0000,"11,098.20",B-20158,"11,098.20",0.00
PAY-D-7743,Bill Payment,03/12/2026,V-1127,Nooksack Berry Growers,ACH,990777556419921,USD,"11,754.84",1.0000,"11,754.84",B-21019,"11,754.84",0.00
PAY-D-7744,Bill Payment,03/12/2026,V-1128,Yakima Hop & Herb,ACH,944578611253810,USD,"15,173.35",1.0000,"15,173.35",B-20344,"15,173.35",0.00
PAY-D-7745,Bill Payment,03/12/2026,V-1132,Rose City Tire & Auto,CHECK,40236,USD,934.72,1.0000,934.72,B-20223,934.72,0.00
PAY-D-7746,Bill Payment,03/12/2026,V-1136,Hells Canyon Honey,CHECK,40237,USD,"4,163.73",1.0000,"4,163.73",B-20226,"4,163.73",0.00
PAY-D-7747,Bill Payment,03/12/2026,V-1142,Umatilla Specialty Produce,CHECK,40238,USD,"7,981.98",1.0000,"7,981.98",B-21170,"7,981.98",0.00
PAY-D-7748,Bill Payment,03/12/2026,V-1147,Oregon Coast Seafood Traders,CHECK,40239,USD,"10,580.64",1.0000,"10,580.64",B-21469,"10,580.64",0.00
PAY-D-7749,Bill Payment,03/12/2026,V-1151,Walla Walla Onion Growers,ACH,322339405504821,USD,"12,354.17",1.0000,"12,354.17",B-21221,"12,354.17",0.00
PAY-D-7750,Bill Payment,03/12/2026,V-1155,Pacific Fleet Fuel,ACH,455537962312090,USD,"4,578.17",1.0000,"4,578.17",B-21222,"4,578.17",0.00
PAY-D-7751,Bill Payment,03/12/2026,V-1198,Emerald City Cold Storage,ACH,349674112962128,USD,"2,372.82",1.0000,"2,372.82",B-20218,"2,372.82",0.00
PAY-D-7752,Bill Payment,03/12/2026,V-1200,Yamhill Charcuterie,CHECK,40240,USD,"5,616.90",1.0000,"5,616.90",B-20946,"5,616.90",0.00
PAY-D-7753,Bill Payment,03/12/2026,V-1205,Methow Valley Apples,ACH,247401395625439,USD,"21,879.99",1.0000,"21,879.99",B-21059,"10,975.28",0.00
PAY-D-7753,Bill Payment,03/12/2026,V-1205,Methow Valley Apples,ACH,247401395625439,USD,"21,879.99",1.0000,"21,879.99",B-21394,"10,904.71",
PAY-D-7754,Bill Payment,03/12/2026,V-1206,Pend Oreille Wild Rice,CHECK,40241,USD,"6,648.00",1.0000,"6,648.00",B-21388,"6,648.00",0.00
PAY-D-7755,Bill Payment,03/12/2026,V-1209,Sound Cartage Co.,ACH,336305873969554,USD,"2,320.13",1.0000,"2,320.13",B-20699,"2,320.13",0.00
PAY-D-7756,Bill Payment,03/12/2026,V-1220,Treasure Valley Trucking,ACH,321075813541019,USD,"3,352.89",1.0000,"3,352.89",B-21219,"3,352.89",0.00
PAY-D-7757,Bill Payment,03/12/2026,V-1223,Malheur Onion Co.,CHECK,40242,USD,"11,545.79",1.0000,"11,545.79",B-20601,"11,545.79",0.00
PAY-D-7758,Bill Payment,03/12/2026,V-1226,Skagit Valley Grains,CHECK,40243,USD,"5,200.83",1.0000,"5,200.83",B-20149,"5,200.83",0.00
PAY-D-7759,Bill Payment,03/12/2026,V-1227,Blue Mountain Carriers,CHECK,40244,USD,"1,443.43",1.0000,"1,443.43",B-20804,"1,443.43",0.00
PAY-D-7760,Bill Payment,03/12/2026,V-1235,Bitterroot Bakehouse Supply,ACH,805588038960770,USD,"12,508.06",1.0000,"12,508.06",B-20056,"12,508.06",0.00
PAY-D-7761,Bill Payment,03/12/2026,V-1236,Kittitas Hay & Grain,CHECK,40245,USD,"4,229.76",1.0000,"4,229.76",B-21361,"4,229.76",0.00
PAY-D-7762,Bill Payment,03/12/2026,V-1239,Newberg Nut Growers,ACH,902805992717649,USD,"6,328.41",1.0000,"6,328.41",B-20986,"6,328.41",0.00
PAY-D-7763,Bill Payment,03/12/2026,V-1244,Portland Fleet Wash,ACH,873116277251976,USD,255.29,1.0000,255.29,B-21041,255.29,0.00
PAY-D-7764,Bill Payment,03/12/2026,V-1251,Payette Valley Beef,ACH,046804080716599,USD,"9,316.19",1.0000,"9,316.19",B-21223,"9,316.19",0.00
PAY-D-7765,Bill Payment,03/12/2026,V-1255,Coquille Dairy Cooperative,ACH,871504998775913,USD,"5,139.22",1.0000,"5,139.22",B-21034,"5,139.22",0.00
PAY-D-7766,Bill Payment,03/12/2026,V-1265,Coastline Shredding,ACH,096187587732535,USD,128.44,1.0000,128.44,B-21199,128.44,0.00
PAY-D-7767,Bill Payment,03/12/2026,V-1274,Olympic Peninsula Mushrooms,CHECK,40246,USD,"10,088.66",1.0000,"10,088.66",B-21440,"10,088.66",0.00
PAY-D-7768,Bill Payment,03/12/2026,V-1279,Willamette Valley Creamery,ACH,898572326689880,USD,"8,552.08",1.0000,"8,552.08",B-20818,"8,552.08",0.00
PAY-D-7769,Bill Payment,03/12/2026,V-1281,Boardman Tree Fruit,ACH,188351650708914,USD,"13,391.58",1.0000,"13,391.58",B-20276,"13,391.58",0.00
PAY-D-7770,Bill Payment,03/12/2026,V-1284,Hood Canal Oyster Co.,ACH,292689321921994,USD,"9,447.13",1.0000,"9,447.13",B-20439,"9,447.13",0.00
PAY-D-7771,Bill Payment,03/12/2026,V-1288,Wallowa Grass-Fed Beef,ACH,341850397875104,USD,"7,567.94",1.0000,"7,567.94",B-20093,"7,567.94",0.00
PAY-D-7772,Bill Payment,03/12/2026,V-1290,Columbia Gorge Orchards,ACH,639896628994514,USD,"15,646.39",1.0000,"15,646.39",B-20662,"15,646.39",0.00
PAY-D-7773,Bill Payment,03/12/2026,V-1294,Umpqua Oat Mill,ACH,487277308821847,USD,"14,274.51",1.0000,"14,274.51",B-20484,"14,274.51",0.00
PAY-D-7774,Bill Payment,03/19/2026,V-1011,Klamath Basin Potato Co.,CHECK,40247,USD,"4,432.00",1.0000,"4,432.00",B-21331,"4,432.00",0.00
PAY-D-7775,Bill Payment,03/19/2026,V-1015,Deschutes Brewing Supply Co-op,ACH,592834538699151,USD,"13,575.90",1.0000,"13,575.90",B-20622,"13,575.90",0.00
PAY-D-7776,Bill Payment,03/19/2026,V-1020,Cascade Coldchain Logistics,CHECK,40248,USD,"9,750.45",1.0000,"9,750.45",B-20476,"4,794.14",0.00
PAY-D-7776,Bill Payment,03/19/2026,V-1020,Cascade Coldchain Logistics,CHECK,40248,USD,"9,750.45",1.0000,"9,750.45",B-21436,"4,956.31",
PAY-D-7777,Bill Payment,03/19/2026,V-1023,Clearwater Creamery,ACH,195754263634070,USD,"14,913.41",1.0000,"14,913.41",B-20365,"14,913.41",0.00
PAY-D-7778,Bill Payment,03/19/2026,V-1031,Tualatin Hazelnut Co.,CHECK,40249,USD,"9,309.20",1.0000,"9,309.20",B-20099,"9,309.20",0.00
PAY-D-7779,Bill Payment,03/19/2026,V-1042,Pacific Coast Packaging LLC,ACH,271545823148679,USD,"8,925.64",1.0000,"8,925.64",B-21086,"8,925.64",0.00
PAY-D-7780,Bill Payment,03/19/2026,V-1051,Stumptown Office Supply,ACH,225484694828798,USD,350.64,1.0000,350.64,B-21231,350.64,0.00
PAY-D-7781,Bill Payment,03/19/2026,V-1055,Wenatchee Pear Packers,CHECK,40250,USD,"8,871.81",1.0000,"8,871.81",B-20945,"8,871.81",0.00
PAY-D-7782,Bill Payment,03/19/2026,V-1058,Ridgeline Express,ACH,244075761419955,USD,"2,111.47",1.0000,"2,111.47",B-20279,"2,111.47",0.00
PAY-D-7783,Bill Payment,03/19/2026,V-1077,Puget Sound Shellfish Co.,ACH,064737109206188,USD,"4,253.13",1.0000,"4,253.13",B-20551,"4,253.13",0.00
PAY-D-7784,Bill Payment,03/19/2026,V-1078,Rogue Valley Cheese Works,ACH,036788945417925,USD,"4,463.79",1.0000,"4,463.79",B-21110,"4,463.79",0.00
PAY-D-7785,Bill Payment,03/19/2026,V-1119,Cowlitz Creek Farms,ACH,163911186756022,USD,"14,853.32",1.0000,"14,853.32",B-20481,"14,853.32",0.00
PAY-D-7786,Bill Payment,03/19/2026,V-1124,Coos Bay Crab Co.,CHECK,40251,USD,"7,910.27",1.0000,"7,910.27",B-21255,"7,910.27",0.00
PAY-D-7787,Bill Payment,03/19/2026,V-1127,Nooksack Berry Growers,ACH,243947570983352,USD,"6,037.41",1.0000,"6,037.41",B-21297,"6,037.41",0.00
PAY-D-7788,Bill Payment,03/19/2026,V-1128,Yakima Hop & Herb,ACH,160821991631347,USD,"9,248.22",1.0000,"9,248.22",B-20706,"9,248.22",0.00
PAY-D-7789,Bill Payment,03/19/2026,V-1136,Hells Canyon Honey,CHECK,40252,USD,"12,977.95",1.0000,"12,977.95",B-21423,"12,977.95",0.00
PAY-D-7790,Bill Payment,03/19/2026,V-1142,Umatilla Specialty Produce,CHECK,40253,USD,"9,759.87",1.0000,"9,759.87",B-21379,"9,759.87",0.00
PAY-D-7791,Bill Payment,03/19/2026,V-1147,Oregon Coast Seafood Traders,CHECK,40254,USD,"6,985.55",1.0000,"6,985.55",B-21265,"6,985.55",0.00
PAY-D-7792,Bill Payment,03/19/2026,V-1151,Walla Walla Onion Growers,ACH,250097280923655,USD,"10,265.80",1.0000,"10,265.80",B-20408,"10,265.80",0.00
PAY-D-7793,Bill Payment,03/19/2026,V-1155,Pacific Fleet Fuel,ACH,003883182602966,USD,"2,072.59",1.0000,"2,072.59",B-21327,"2,072.59",0.00
PAY-D-7794,Bill Payment,03/19/2026,V-1161,Salem Pallet Recyclers,ACH,861433746757749,USD,629.17,1.0000,629.17,B-21456,629.17,0.00
PAY-D-7795,Bill Payment,03/19/2026,V-1173,Nisqually Salmon Co.,CHECK,40255,USD,"13,868.63",1.0000,"13,868.63",B-21037,"13,868.63",0.00
PAY-D-7796,Bill Payment,03/19/2026,V-1204,Northwest Reefer Transport,ACH,832433526670755,USD,"5,571.22",1.0000,"5,571.22",B-21514,"1,344.98",0.00
PAY-D-7796,Bill Payment,03/19/2026,V-1204,Northwest Reefer Transport,ACH,832433526670755,USD,"5,571.22",1.0000,"5,571.22",B-20472,"4,226.24",
PAY-D-7797,Bill Payment,03/19/2026,V-1206,Pend Oreille Wild Rice,CHECK,40256,USD,"5,641.00",1.0000,"5,641.00",B-20929,"5,641.00",0.00
PAY-D-7798,Bill Payment,03/19/2026,V-1209,Sound Cartage Co.,ACH,604407845052579,USD,"1,831.88",1.0000,"1,831.88",B-21225,"1,831.88",0.00
PAY-D-7799,Bill Payment,03/19/2026,V-1216,Chinook Smokehouse Co.,ACH,832078573988723,USD,"11,095.65",1.0000,"11,095.65",B-20919,"11,095.65",0.00
PAY-D-7800,Bill Payment,03/19/2026,V-1223,Malheur Onion Co.,CHECK,40257,USD,"7,721.50",1.0000,"7,721.50",B-20281,"7,721.50",0.00
PAY-D-7801,Bill Payment,03/19/2026,V-1224,Siuslaw Cranberry Growers,ACH,959849991006489,USD,"5,995.23",1.0000,"5,995.23",B-20130,"5,995.23",0.00
PAY-D-7802,Bill Payment,03/19/2026,V-1226,Skagit Valley Grains,CHECK,40258,USD,"7,726.42",1.0000,"7,726.42",B-21258,"7,726.42",0.00
PAY-D-7803,Bill Payment,03/19/2026,V-1227,Blue Mountain Carriers,CHECK,40259,USD,"3,537.17",1.0000,"3,537.17",B-20367,"3,537.17",0.00
PAY-D-7804,Bill Payment,03/19/2026,V-1233,Lummi Bay Seafood,ACH,642651539571249,USD,"9,296.34",1.0000,"9,296.34",B-20990,"9,296.34",0.00
PAY-D-7805,Bill Payment,03/19/2026,V-1236,Kittitas Hay & Grain,CHECK,40260,USD,"13,151.73",1.0000,"13,151.73",B-20821,"13,151.73",0.00
PAY-D-7806,Bill Payment,03/19/2026,V-1237,McKenzie River Mills,ACH,311755049927457,USD,"8,769.40",1.0000,"8,769.40",B-20632,"8,769.40",0.00
PAY-D-7807,Bill Payment,03/19/2026,V-1239,Newberg Nut Growers,ACH,428962306589442,USD,"11,620.22",1.0000,"11,620.22",B-20034,"11,620.22",0.00
PAY-D-7808,Bill Payment,03/19/2026,V-1242,Teton Valley Trout,ACH,050806754348604,USD,"15,651.48",1.0000,"15,651.48",B-20650,"15,651.48",0.00
PAY-D-7809,Bill Payment,03/19/2026,V-1251,Payette Valley Beef,ACH,956256420539871,USD,"8,306.60",1.0000,"8,306.60",B-21287,"8,306.60",0.00
PAY-D-7810,Bill Payment,03/19/2026,V-1252,Snake River Trout Farms,ACH,628678617967390,USD,"11,444.67",1.0000,"11,444.67",B-20461,"11,444.67",0.00
PAY-D-7811,Bill Payment,03/19/2026,V-1263,Summit Refrigeration Services,CHECK,40261,USD,"3,288.99",1.0000,"3,288.99",B-20567,"3,288.99",0.00
PAY-D-7812,Bill Payment,03/19/2026,V-1266,Silvies River Lamb,CHECK,40262,USD,"13,927.25",1.0000,"13,927.25",B-21186,"13,927.25",0.00
PAY-D-7813,Bill Payment,03/19/2026,V-1270,Santiam Canning Co.,CHECK,40263,USD,"11,116.46",1.0000,"11,116.46",B-20736,"11,116.46",0.00
PAY-D-7814,Bill Payment,03/19/2026,V-1274,Olympic Peninsula Mushrooms,CHECK,40264,USD,"11,645.78",1.0000,"11,645.78",B-20246,"11,645.78",0.00
PAY-D-7815,Bill Payment,03/19/2026,V-1279,Willamette Valley Creamery,ACH,752577176906944,USD,"5,808.10",1.0000,"5,808.10",B-20833,"5,808.10",0.00
PAY-D-7816,Bill Payment,03/19/2026,V-1280,Grande Ronde Poultry,CHECK,40265,USD,"12,685.95",1.0000,"12,685.95",B-21238,"12,685.95",0.00
PAY-D-7817,Bill Payment,03/19/2026,V-1289,Blue Heron Preserves,CHECK,40266,USD,"5,029.48",1.0000,"5,029.48",B-20728,"5,029.48",0.00
PAY-D-7818,Bill Payment,03/19/2026,V-1291,Palouse Lentil Growers,ACH,536948880873322,USD,"9,581.83",1.0000,"9,581.83",B-20663,"9,581.83",0.00
PAY-D-7819,Bill Payment,03/19/2026,V-1292,Hermiston Melon Farms,ACH,953259230121249,USD,"8,468.69",1.0000,"8,468.69",B-20291,"8,468.69",0.00
PAY-D-7820,Bill Payment,03/19/2026,V-1294,Umpqua Oat Mill,ACH,111369111993893,USD,"7,932.99",1.0000,"7,932.99",B-20768,"7,932.99",0.00
PAY-D-7821,Bill Payment,03/26/2026,V-1003,Ridgewire Telecom,ACH,152451137645142,USD,"1,346.49",1.0000,"1,346.49",B-21427,"1,346.49",0.00
PAY-D-7822,Bill Payment,03/26/2026,V-1055,Wenatchee Pear Packers,CHECK,40267,USD,"8,266.91",1.0000,"8,266.91",B-20261,"8,266.91",0.00
PAY-D-7823,Bill Payment,03/26/2026,V-1058,Ridgeline Express,ACH,028566933756225,USD,663.80,1.0000,663.80,B-20090,663.80,0.00
PAY-D-7824,Bill Payment,03/26/2026,V-1074,Scappoose Organic Farms,CHECK,40268,USD,"13,436.94",1.0000,"13,436.94",B-21314,"13,436.94",0.00
PAY-D-7825,Bill Payment,03/26/2026,V-1077,Puget Sound Shellfish Co.,ACH,655740692387283,USD,"10,239.64",1.0000,"10,239.64",B-21043,"10,239.64",0.00
PAY-D-7826,Bill Payment,03/26/2026,V-1078,Rogue Valley Cheese Works,ACH,225494496914101,USD,"9,372.47",1.0000,"9,372.47",B-20505,"9,372.47",0.00
PAY-D-7827,Bill Payment,03/26/2026,V-1080,Mt. Hood Berry Farm,ACH,573714038863520,USD,"14,632.49",1.0000,"14,632.49",B-20960,"14,632.49",0.00
PAY-D-7828,Bill Payment,03/26/2026,V-1120,Columbia River Freightways,ACH,538618459498349,USD,"2,116.20",1.0000,"2,116.20",B-20109,"2,116.20",0.00
PAY-D-7829,Bill Payment,03/26/2026,V-1143,CloudLedger Software,ACH,369358579759129,USD,544.30,1.0000,544.30,B-20485,544.30,0.00
PAY-D-7830,Bill Payment,03/26/2026,V-1151,Walla Walla Onion Growers,ACH,279932150060160,USD,"4,150.11",1.0000,"4,150.11",B-20437,"4,150.11",0.00
PAY-D-7831,Bill Payment,03/26/2026,V-1155,Pacific Fleet Fuel,ACH,178109712543814,USD,"2,546.76",1.0000,"2,546.76",B-20848,"2,546.76",0.00
PAY-D-7832,Bill Payment,03/26/2026,V-1166,Crown Linen & Uniform,ACH,884455708724980,USD,451.41,1.0000,451.41,B-20238,451.41,0.00
PAY-D-7833,Bill Payment,03/26/2026,V-1173,Nisqually Salmon Co.,CHECK,40269,USD,"8,691.82",1.0000,"8,691.82",B-20144,"8,691.82",0.00
PAY-D-7834,Bill Payment,03/26/2026,V-1193,Chehalis Valley Eggs,ACH,402658779961923,USD,"5,489.02",1.0000,"5,489.02",B-20041,"5,489.02",0.00
PAY-D-7835,Bill Payment,03/26/2026,V-1197,Northgate IT Partners,ACH,222747539981908,USD,"2,218.72",1.0000,"2,218.72",B-20598,"2,218.72",0.00
PAY-D-7836,Bill Payment,03/26/2026,V-1200,Yamhill Charcuterie,CHECK,40270,USD,"14,881.00",1.0000,"14,881.00",B-20404,"14,881.00",0.00
PAY-D-7837,Bill Payment,03/26/2026,V-1205,Methow Valley Apples,ACH,231205868826519,USD,"9,284.86",1.0000,"9,284.86",B-20319,"9,284.86",0.00
PAY-D-7838,Bill Payment,03/26/2026,V-1209,Sound Cartage Co.,ACH,445749822434485,USD,"1,757.33",1.0000,"1,757.33",B-21581,"1,757.33",0.00
PAY-D-7839,Bill Payment,03/26/2026,V-1213,Pinnacle Payroll Services,ACH,136301510181044,USD,358.92,1.0000,358.92,B-21253,358.92,0.00
PAY-D-7840,Bill Payment,03/26/2026,V-1216,Chinook Smokehouse Co.,ACH,373327771527919,USD,"13,635.20",1.0000,"13,635.20",B-20688,"13,635.20",0.00
PAY-D-7841,Bill Payment,03/26/2026,V-1220,Treasure Valley Trucking,ACH,320537399216843,USD,"5,452.27",1.0000,"5,452.27",B-21107,"1,923.12",0.00
PAY-D-7841,Bill Payment,03/26/2026,V-1220,Treasure Valley Trucking,ACH,320537399216843,USD,"5,452.27",1.0000,"5,452.27",B-20995,"3,529.15",
PAY-D-7842,Bill Payment,03/26/2026,V-1224,Siuslaw Cranberry Growers,ACH,356364944816821,USD,"13,772.56",1.0000,"13,772.56",B-20615,"13,772.56",0.00
PAY-D-7843,Bill Payment,03/26/2026,V-1226,Skagit Valley Grains,CHECK,40271,USD,"8,033.34",1.0000,"8,033.34",B-21000,"8,033.34",0.00
PAY-D-7844,Bill Payment,03/26/2026,V-1235,Bitterroot Bakehouse Supply,ACH,954101293430447,USD,"9,040.23",1.0000,"9,040.23",B-21056,"9,040.23",0.00
PAY-D-7845,Bill Payment,03/26/2026,V-1236,Kittitas Hay & Grain,CHECK,40272,USD,"3,984.35",1.0000,"3,984.35",B-20509,"3,984.35",0.00
PAY-D-7846,Bill Payment,03/26/2026,V-1237,McKenzie River Mills,ACH,871636673690970,USD,"9,410.78",1.0000,"9,410.78",B-21552,"9,410.78",0.00
PAY-D-7847,Bill Payment,03/26/2026,V-1239,Newberg Nut Growers,ACH,510506671134931,USD,"4,412.38",1.0000,"4,412.38",B-21498,"4,412.38",0.00
PAY-D-7848,Bill Payment,03/26/2026,V-1252,Snake River Trout Farms,ACH,808003788997682,USD,"14,220.86",1.0000,"14,220.86",B-21554,"14,220.86",0.00
PAY-D-7849,Bill Payment,03/26/2026,V-1255,Coquille Dairy Cooperative,ACH,205560044399926,USD,"5,190.50",1.0000,"5,190.50",B-20181,"5,190.50",0.00
PAY-D-7850,Bill Payment,03/26/2026,V-1270,Santiam Canning Co.,CHECK,40273,USD,"10,659.70",1.0000,"10,659.70",B-20958,"10,659.70",0.00
PAY-D-7851,Bill Payment,03/26/2026,V-1276,Critter Guard Pest Control,CHECK,40274,USD,398.77,1.0000,398.77,B-20764,398.77,0.00
PAY-D-7852,Bill Payment,03/26/2026,V-1277,Metro Waste Haulers,ACH,070743701131302,USD,607.76,1.0000,607.76,B-20385,607.76,0.00
PAY-D-7853,Bill Payment,03/26/2026,V-1280,Grande Ronde Poultry,CHECK,40275,USD,"5,730.62",1.0000,"5,730.62",B-21570,"5,730.62",0.00
PAY-D-7854,Bill Payment,03/26/2026,V-1284,Hood Canal Oyster Co.,ACH,084250337683192,USD,"15,014.53",1.0000,"15,014.53",B-21120,"15,014.53",0.00
PAY-D-7855,Bill Payment,03/26/2026,V-1288,Wallowa Grass-Fed Beef,ACH,154971082820197,USD,"8,793.05",1.0000,"8,793.05",B-21205,"8,793.05",0.00
PAY-D-7856,Bill Payment,03/26/2026,V-1290,Columbia Gorge Orchards,ACH,901433319345734,USD,"8,864.79",1.0000,"8,864.79",B-20148,"8,864.79",0.00
PAY-D-7857,Bill Payment,03/26/2026,V-1291,Palouse Lentil Growers,ACH,343676810404055,USD,"12,381.65",1.0000,"12,381.65",B-20410,"12,381.65",0.00
PAY-D-7858,Bill Payment,03/26/2026,V-1292,Hermiston Melon Farms,ACH,543814390366785,USD,"7,489.88",1.0000,"7,489.88",B-21283,"7,489.88",0.00
PAY-D-7859,Bill Payment,03/26/2026,V-1299,Evergreen Box & Film,ACH,958273623831978,USD,"1,867.27",1.0000,"1,867.27",B-21511,"1,867.27",0.00
PAY-D-7860,Bill Payment,04/01/2026,V-1072,Gowen Field Commerce Park,ACH,822111031843836,USD,"4,875.00",1.0000,"4,875.00",B-20229,"4,875.00",0.00
PAY-D-7861,Bill Payment,04/01/2026,V-1167,Lombard Street Properties LLC,ACH,264907502582012,USD,"8,500.00",1.0000,"8,500.00",B-20179,"8,500.00",0.00
PAY-D-7862,Bill Payment,04/01/2026,V-1181,Duwamish Industrial Partners,ACH,325109713921211,USD,"6,420.00",1.0000,"6,420.00",B-20117,"6,420.00",0.00
PAY-D-7863,Bill Payment,04/02/2026,V-1011,Klamath Basin Potato Co.,CHECK,40276,USD,"14,364.10",1.0000,"14,364.10",B-20924,"14,364.10",0.00
PAY-D-7864,Bill Payment,04/02/2026,V-1015,Deschutes Brewing Supply Co-op,ACH,700368829400267,USD,"10,606.08",1.0000,"10,606.08",B-20971,"10,606.08",0.00
PAY-D-7865,Bill Payment,04/02/2026,V-1018,Keystone Scale & Calibration,CHECK,40277,USD,869.81,1.0000,869.81,B-20558,869.81,0.00
PAY-D-7866,Bill Payment,04/02/2026,V-1020,Cascade Coldchain Logistics,CHECK,40278,USD,"1,262.19",1.0000,"1,262.19",B-20962,"1,262.19",0.00
PAY-D-7867,Bill Payment,04/02/2026,V-1023,Clearwater Creamery,ACH,551360722569631,USD,"10,221.08",1.0000,"10,221.08",B-20192,"10,221.08",0.00
PAY-D-7868,Bill Payment,04/02/2026,V-1030,Northwest Grocers Association,CHECK,40279,USD,"1,181.47",1.0000,"1,181.47",B-21009,"1,181.47",0.00
PAY-D-7869,Bill Payment,04/02/2026,V-1031,Tualatin Hazelnut Co.,CHECK,40280,USD,"6,573.46",1.0000,"6,573.46",B-20116,"6,573.46",0.00
PAY-D-7870,Bill Payment,04/02/2026,V-1042,Pacific Coast Packaging LLC,ACH,329097272512534,USD,"8,098.56",1.0000,"8,098.56",B-20651,"8,098.56",0.00
PAY-D-7871,Bill Payment,04/02/2026,V-1055,Wenatchee Pear Packers,CHECK,40281,USD,"14,461.49",1.0000,"14,461.49",B-20767,"14,461.49",0.00
PAY-D-7872,Bill Payment,04/02/2026,V-1058,Ridgeline Express,ACH,899129912164296,USD,"2,182.62",1.0000,"2,182.62",B-21493,"2,182.62",0.00
PAY-D-7873,Bill Payment,04/02/2026,V-1066,Willamette Sanitation Supply,ACH,024007967408620,USD,799.24,1.0000,799.24,B-20270,799.24,0.00
PAY-D-7874,Bill Payment,04/02/2026,V-1074,Scappoose Organic Farms,CHECK,40282,USD,"11,591.59",1.0000,"11,591.59",B-21179,"11,591.59",0.00
PAY-D-7875,Bill Payment,04/02/2026,V-1078,Rogue Valley Cheese Works,ACH,196946434322052,USD,"8,277.86",1.0000,"8,277.86",B-20943,"8,277.86",0.00
PAY-D-7876,Bill Payment,04/02/2026,V-1080,Mt. Hood Berry Farm,ACH,890505373852637,USD,"9,226.92",1.0000,"9,226.92",B-20220,"9,226.92",0.00
PAY-D-7877,Bill Payment,04/02/2026,V-1119,Cowlitz Creek Farms,ACH,149653644674020,USD,"10,412.77",1.0000,"10,412.77",B-21226,"10,412.77",0.00
PAY-D-7878,Bill Payment,04/02/2026,V-1120,Columbia River Freightways,ACH,984195936747931,USD,"3,894.55",1.0000,"3,894.55",B-20080,"3,894.55",0.00
PAY-D-7879,Bill Payment,04/02/2026,V-1124,Coos Bay Crab Co.,CHECK,40283,USD,"12,406.47",1.0000,"12,406.47",B-20277,"12,406.47",0.00
PAY-D-7880,Bill Payment,04/02/2026,V-1127,Nooksack Berry Growers,ACH,751526449890225,USD,"12,930.34",1.0000,"12,930.34",B-20338,"12,930.34",0.00
PAY-D-7881,Bill Payment,04/02/2026,V-1128,Yakima Hop & Herb,ACH,605513034193889,USD,"13,758.93",1.0000,"13,758.93",B-21492,"13,758.93",0.00
PAY-D-7882,Bill Payment,04/02/2026,V-1142,Umatilla Specialty Produce,CHECK,40284,USD,"8,570.95",1.0000,"8,570.95",B-20762,"8,570.95",0.00
PAY-D-7883,Bill Payment,04/02/2026,V-1147,Oregon Coast Seafood Traders,CHECK,40285,USD,"14,989.96",1.0000,"14,989.96",B-20581,"14,989.96",0.00
PAY-D-7884,Bill Payment,04/02/2026,V-1151,Walla Walla Onion Growers,ACH,347299700989964,USD,"9,506.75",1.0000,"9,506.75",B-21385,"9,506.75",0.00
PAY-D-7885,Bill Payment,04/02/2026,V-1155,Pacific Fleet Fuel,ACH,276848597867770,USD,"2,896.59",1.0000,"2,896.59",B-20682,"2,896.59",0.00
PAY-D-7886,Bill Payment,04/02/2026,V-1160,Hollis & Ward CPAs,CHECK,40286,USD,"13,929.10",1.0000,"13,929.10",B-20467,"13,929.10",0.00
PAY-D-7887,Bill Payment,04/02/2026,V-1166,Crown Linen & Uniform,ACH,030059317269397,USD,404.69,1.0000,404.69,B-21465,404.69,0.00
PAY-D-7888,Bill Payment,04/02/2026,V-1180,Beaverton Forklift Leasing,ACH,848272204888742,USD,"2,349.14",1.0000,"2,349.14",B-21076,"2,349.14",0.00
PAY-D-7889,Bill Payment,04/02/2026,V-1193,Chehalis Valley Eggs,ACH,004385366736905,USD,"10,679.51",1.0000,"10,679.51",B-21176,"10,679.51",0.00
PAY-D-7890,Bill Payment,04/02/2026,V-1204,Northwest Reefer Transport,ACH,244222047932948,USD,"2,084.16",1.0000,"2,084.16",B-21346,"2,084.16",0.00
PAY-D-7891,Bill Payment,04/02/2026,V-1206,Pend Oreille Wild Rice,CHECK,40287,USD,"27,161.98",1.0000,"27,161.98",B-20018,"13,719.59",0.00
PAY-D-7891,Bill Payment,04/02/2026,V-1206,Pend Oreille Wild Rice,CHECK,40287,USD,"27,161.98",1.0000,"27,161.98",B-21092,"13,442.39",
PAY-D-7892,Bill Payment,04/02/2026,V-1209,Sound Cartage Co.,ACH,166244067359385,USD,"2,500.16",1.0000,"2,500.16",B-21357,"2,500.16",0.00
PAY-D-7893,Bill Payment,04/02/2026,V-1211,Portland General Utilities,ACH,358756883531133,USD,"1,184.62",1.0000,"1,184.62",B-20455,"1,184.62",0.00
PAY-D-7894,Bill Payment,04/02/2026,V-1213,Pinnacle Payroll Services,ACH,846155871198502,USD,325.49,1.0000,325.49,B-20553,325.49,0.00
PAY-D-7895,Bill Payment,04/02/2026,V-1216,Chinook Smokehouse Co.,ACH,672780416197684,USD,"9,020.48",1.0000,"9,020.48",B-21033,"9,020.48",0.00
PAY-D-7896,Bill Payment,04/02/2026,V-1226,Skagit Valley Grains,CHECK,40288,USD,"13,871.06",1.0000,"13,871.06",B-20738,"13,871.06",0.00
PAY-D-7897,Bill Payment,04/02/2026,V-1227,Blue Mountain Carriers,CHECK,40289,USD,"1,757.97",1.0000,"1,757.97",B-20859,"1,757.97",0.00
PAY-D-7898,Bill Payment,04/02/2026,V-1233,Lummi Bay Seafood,ACH,909998918986571,USD,"10,104.68",1.0000,"10,104.68",B-21461,"10,104.68",0.00
PAY-D-7899,Bill Payment,04/02/2026,V-1235,Bitterroot Bakehouse Supply,ACH,844565906730681,USD,"14,073.25",1.0000,"14,073.25",B-20464,"14,073.25",0.00
PAY-D-7900,Bill Payment,04/02/2026,V-1237,McKenzie River Mills,ACH,862737764890932,USD,"7,485.39",1.0000,"7,485.39",B-20988,"7,485.39",0.00
PAY-D-7901,Bill Payment,04/02/2026,V-1242,Teton Valley Trout,ACH,322555107699701,USD,"29,464.40",1.0000,"29,464.40",B-20235,"13,939.61",0.00
PAY-D-7901,Bill Payment,04/02/2026,V-1242,Teton Valley Trout,ACH,322555107699701,USD,"29,464.40",1.0000,"29,464.40",B-21449,"15,524.79",
PAY-D-7902,Bill Payment,04/02/2026,V-1251,Payette Valley Beef,ACH,684770938579097,USD,"6,635.77",1.0000,"6,635.77",B-20777,"6,635.77",0.00
PAY-D-7903,Bill Payment,04/02/2026,V-1255,Coquille Dairy Cooperative,ACH,341830335642338,USD,"9,036.20",1.0000,"9,036.20",B-20029,"9,036.20",0.00
PAY-D-7904,Bill Payment,04/02/2026,V-1266,Silvies River Lamb,CHECK,40290,USD,"26,396.66",1.0000,"26,396.66",B-21210,"11,710.82",0.00
PAY-D-7904,Bill Payment,04/02/2026,V-1266,Silvies River Lamb,CHECK,40290,USD,"26,396.66",1.0000,"26,396.66",B-21424,"14,685.84",
PAY-D-7905,Bill Payment,04/02/2026,V-1279,Willamette Valley Creamery,ACH,659430616389819,USD,"11,362.79",1.0000,"11,362.79",B-21006,"5,894.74",0.00
PAY-D-7905,Bill Payment,04/02/2026,V-1279,Willamette Valley Creamery,ACH,659430616389819,USD,"11,362.79",1.0000,"11,362.79",B-20627,"5,468.05",
PAY-D-7906,Bill Payment,04/02/2026,V-1281,Boardman Tree Fruit,ACH,219487672721943,USD,"8,797.46",1.0000,"8,797.46",B-21291,"8,797.46",0.00
PAY-D-7907,Bill Payment,04/02/2026,V-1284,Hood Canal Oyster Co.,ACH,807049581418269,USD,"29,783.96",1.0000,"29,783.96",B-21062,"15,754.67",0.00
PAY-D-7907,Bill Payment,04/02/2026,V-1284,Hood Canal Oyster Co.,ACH,807049581418269,USD,"29,783.96",1.0000,"29,783.96",B-21146,"14,029.29",
PAY-D-7908,Bill Payment,04/02/2026,V-1288,Wallowa Grass-Fed Beef,ACH,633942313234347,USD,"15,128.51",1.0000,"15,128.51",B-20903,"15,128.51",0.00
PAY-D-7909,Bill Payment,04/02/2026,V-1289,Blue Heron Preserves,CHECK,40291,USD,"11,332.58",1.0000,"11,332.58",B-21263,"11,332.58",0.00
PAY-D-7910,Bill Payment,04/02/2026,V-1290,Columbia Gorge Orchards,ACH,158210403101597,USD,"15,465.85",1.0000,"15,465.85",B-20427,"15,465.85",0.00
PAY-D-7911,Bill Payment,04/02/2026,V-1291,Palouse Lentil Growers,ACH,284325947018509,USD,"9,951.37",1.0000,"9,951.37",B-21325,"9,951.37",0.00
PAY-D-7912,Bill Payment,04/02/2026,V-1292,Hermiston Melon Farms,ACH,468522119400417,USD,"10,562.67",1.0000,"10,562.67",B-20528,"10,562.67",0.00
PAY-D-7913,Bill Payment,04/02/2026,V-1294,Umpqua Oat Mill,ACH,002253430047120,USD,"6,721.48",1.0000,"6,721.48",B-20714,"6,721.48",0.00
PAY-D-7914,Bill Payment,04/02/2026,V-1299,Evergreen Box & Film,ACH,635804503932613,USD,"1,174.33",1.0000,"1,174.33",B-20849,"1,174.33",0.00
PAY-D-7915,Bill Payment,04/09/2026,V-1011,Klamath Basin Potato Co.,CHECK,40292,USD,"14,450.97",1.0000,"14,450.97",B-20719,"14,450.97",0.00
PAY-D-7916,Bill Payment,04/09/2026,V-1023,Clearwater Creamery,ACH,035340441172769,USD,"6,687.69",1.0000,"6,687.69",B-21284,"6,687.69",0.00
PAY-D-7917,Bill Payment,04/09/2026,V-1031,Tualatin Hazelnut Co.,CHECK,40293,USD,"6,846.75",1.0000,"6,846.75",B-20740,"6,846.75",0.00
PAY-D-7918,Bill Payment,04/09/2026,V-1042,Pacific Coast Packaging LLC,ACH,549511171293261,USD,"3,583.91",1.0000,"3,583.91",B-20683,"3,583.91",0.00
PAY-D-7919,Bill Payment,04/09/2026,V-1045,Talent Bridge Staffing,ACH,450464705725704,USD,"4,097.64",1.0000,"4,097.64",B-21342,"4,097.64",0.00
PAY-D-7920,Bill Payment,04/09/2026,V-1051,Stumptown Office Supply,ACH,353896818541656,USD,823.94,1.0000,823.94,B-21077,823.94,0.00
PAY-D-7921,Bill Payment,04/09/2026,V-1058,Ridgeline Express,ACH,142819266238573,USD,"1,590.91",1.0000,"1,590.91",B-21115,"1,590.91",0.00
PAY-D-7922,Bill Payment,04/09/2026,V-1078,Rogue Valley Cheese Works,ACH,958878591604322,USD,"8,653.44",1.0000,"8,653.44",B-21114,"8,653.44",0.00
PAY-D-7923,Bill Payment,04/09/2026,V-1096,Tri-County Health Permits,CHECK,40294,USD,806.61,1.0000,806.61,B-21381,806.61,0.00
PAY-D-7924,Bill Payment,04/09/2026,V-1119,Cowlitz Creek Farms,ACH,064934482122510,USD,"8,873.85",1.0000,"8,873.85",B-21506,"8,873.85",0.00
PAY-D-7925,Bill Payment,04/09/2026,V-1120,Columbia River Freightways,ACH,017090766768646,USD,"3,408.45",1.0000,"3,408.45",B-20510,"3,408.45",0.00
PAY-D-7926,Bill Payment,04/09/2026,V-1127,Nooksack Berry Growers,ACH,868216812794839,USD,"5,925.70",1.0000,"5,925.70",B-20045,"5,925.70",0.00
PAY-D-7927,Bill Payment,04/09/2026,V-1136,Hells Canyon Honey,CHECK,40295,USD,"6,969.92",1.0000,"6,969.92",B-20497,"6,969.92",0.00
PAY-D-7928,Bill Payment,04/09/2026,V-1142,Umatilla Specialty Produce,CHECK,40296,USD,"7,803.32",1.0000,"7,803.32",B-21122,"7,803.32",0.00
PAY-D-7929,Bill Payment,04/09/2026,V-1147,Oregon Coast Seafood Traders,CHECK,40297,USD,"8,591.92",1.0000,"8,591.92",B-21470,"8,591.92",0.00
PAY-D-7930,Bill Payment,04/09/2026,V-1155,Pacific Fleet Fuel,ACH,414256669713384,USD,"2,959.07",1.0000,"2,959.07",B-21319,"2,959.07",0.00
PAY-D-7931,Bill Payment,04/09/2026,V-1161,Salem Pallet Recyclers,ACH,676377776079752,USD,384.48,1.0000,384.48,B-20028,384.48,0.00
PAY-D-7932,Bill Payment,04/09/2026,V-1173,Nisqually Salmon Co.,CHECK,40298,USD,"23,203.38",1.0000,"23,203.38",B-20599,"14,693.60",0.00
PAY-D-7932,Bill Payment,04/09/2026,V-1173,Nisqually Salmon Co.,CHECK,40298,USD,"23,203.38",1.0000,"23,203.38",B-21466,"8,509.78",
PAY-D-7933,Bill Payment,04/09/2026,V-1185,Mill Creek Temp Controls,ACH,891146641141671,USD,"1,123.14",1.0000,"1,123.14",B-20494,"1,123.14",0.00
PAY-D-7934,Bill Payment,04/09/2026,V-1200,Yamhill Charcuterie,CHECK,40299,USD,"13,304.68",1.0000,"13,304.68",B-21085,"13,304.68",0.00
PAY-D-7935,Bill Payment,04/09/2026,V-1204,Northwest Reefer Transport,ACH,147155363702922,USD,"3,081.94",1.0000,"3,081.94",B-20498,"3,081.94",0.00
PAY-D-7936,Bill Payment,04/09/2026,V-1205,Methow Valley Apples,ACH,478949863808742,USD,"9,163.57",1.0000,"9,163.57",B-20462,"9,163.57",0.00
PAY-D-7937,Bill Payment,04/09/2026,V-1220,Treasure Valley Trucking,ACH,873637473327564,USD,"2,561.81",1.0000,"2,561.81",B-21409,"2,561.81",0.00
PAY-D-7938,Bill Payment,04/09/2026,V-1223,Malheur Onion Co.,CHECK,40300,USD,"11,516.52",1.0000,"11,516.52",B-21344,"11,516.52",0.00
PAY-D-7939,Bill Payment,04/09/2026,V-1224,Siuslaw Cranberry Growers,ACH,627592190375314,USD,"11,216.68",1.0000,"11,216.68",B-21109,"11,216.68",0.00
PAY-D-7940,Bill Payment,04/09/2026,V-1227,Blue Mountain Carriers,CHECK,40301,USD,"3,195.03",1.0000,"3,195.03",B-20782,"3,195.03",0.00
PAY-D-7941,Bill Payment,04/09/2026,V-1236,Kittitas Hay & Grain,CHECK,40302,USD,"13,389.54",1.0000,"13,389.54",B-20311,"13,389.54",0.00
PAY-D-7942,Bill Payment,04/09/2026,V-1237,McKenzie River Mills,ACH,633966185115460,USD,"11,883.06",1.0000,"11,883.06",B-21106,"11,883.06",0.00
PAY-D-7943,Bill Payment,04/09/2026,V-1239,Newberg Nut Growers,ACH,777659463458710,USD,"9,288.67",1.0000,"9,288.67",B-21473,"9,288.67",0.00
PAY-D-7944,Bill Payment,04/09/2026,V-1251,Payette Valley Beef,ACH,048704329453115,USD,"7,861.22",1.0000,"7,861.22",B-20582,"7,861.22",0.00
PAY-D-7945,Bill Payment,04/09/2026,V-1252,Snake River Trout Farms,ACH,406622399216658,USD,"10,895.89",1.0000,"10,895.89",B-20343,"10,895.89",0.00
PAY-D-7946,Bill Payment,04/09/2026,V-1261,Columbia Basin Water District,ACH,611556050123979,USD,417.80,1.0000,417.80,B-20941,417.80,0.00
PAY-D-7947,Bill Payment,04/09/2026,V-1270,Santiam Canning Co.,CHECK,40303,USD,"12,073.67",1.0000,"12,073.67",B-20660,"12,073.67",0.00
PAY-D-7948,Bill Payment,04/09/2026,V-1274,Olympic Peninsula Mushrooms,CHECK,40304,USD,"9,227.77",1.0000,"9,227.77",B-21182,"9,227.77",0.00
PAY-D-7949,Bill Payment,04/09/2026,V-1277,Metro Waste Haulers,ACH,511258243760019,USD,512.53,1.0000,512.53,B-20755,512.53,0.00
PAY-D-7950,Bill Payment,04/09/2026,V-1280,Grande Ronde Poultry,CHECK,40305,USD,"9,225.44",1.0000,"9,225.44",B-21065,"9,225.44",0.00
PAY-D-7951,Bill Payment,04/09/2026,V-1289,Blue Heron Preserves,CHECK,40306,USD,"14,533.75",1.0000,"14,533.75",B-20015,"14,533.75",0.00
PAY-D-7952,Bill Payment,04/09/2026,V-1294,Umpqua Oat Mill,ACH,615587471014920,USD,"13,991.96",1.0000,"13,991.96",B-20694,"13,991.96",0.00
PAY-D-7953,Bill Payment,04/16/2026,V-1011,Klamath Basin Potato Co.,CHECK,40307,USD,"10,418.50",1.0000,"10,418.50",B-21482,"10,418.50",0.00
PAY-D-7954,Bill Payment,04/16/2026,V-1015,Deschutes Brewing Supply Co-op,ACH,293052566004965,USD,"13,264.43",1.0000,"13,264.43",B-20566,"13,264.43",0.00
PAY-D-7955,Bill Payment,04/16/2026,V-1020,Cascade Coldchain Logistics,CHECK,40308,USD,"4,630.08",1.0000,"4,630.08",B-20984,"4,630.08",0.00
PAY-D-7956,Bill Payment,04/16/2026,V-1023,Clearwater Creamery,ACH,176611120257694,USD,"7,797.32",1.0000,"7,797.32",B-20175,"7,797.32",0.00
PAY-D-7957,Bill Payment,04/16/2026,V-1042,Pacific Coast Packaging LLC,ACH,201035564058768,USD,"3,708.37",1.0000,"3,708.37",B-20927,"3,708.37",0.00
PAY-D-7958,Bill Payment,04/16/2026,V-1074,Scappoose Organic Farms,CHECK,40309,USD,"9,747.45",1.0000,"9,747.45",B-20240,"9,747.45",0.00
PAY-D-7959,Bill Payment,04/16/2026,V-1077,Puget Sound Shellfish Co.,ACH,147976619043682,USD,"22,790.60",1.0000,"22,790.60",B-20073,"14,784.13",0.00
PAY-D-7959,Bill Payment,04/16/2026,V-1077,Puget Sound Shellfish Co.,ACH,147976619043682,USD,"22,790.60",1.0000,"22,790.60",B-20633,"8,006.47",
PAY-D-7960,Bill Payment,04/16/2026,V-1119,Cowlitz Creek Farms,ACH,926794042760989,USD,"6,049.00",1.0000,"6,049.00",B-21163,"6,049.00",0.00
PAY-D-7961,Bill Payment,04/16/2026,V-1120,Columbia River Freightways,ACH,830849200093727,USD,"2,060.97",1.0000,"2,060.97",B-20074,"2,060.97",0.00
PAY-D-7962,Bill Payment,04/16/2026,V-1124,Coos Bay Crab Co.,CHECK,40310,USD,"7,355.98",1.0000,"7,355.98",B-20336,"7,355.98",0.00
PAY-D-7963,Bill Payment,04/16/2026,V-1127,Nooksack Berry Growers,ACH,603488163915720,USD,"7,783.06",1.0000,"7,783.06",B-21118,"7,783.06",0.00
PAY-D-7964,Bill Payment,04/16/2026,V-1136,Hells Canyon Honey,CHECK,40311,USD,"6,381.53",1.0000,"6,381.53",B-21529,"6,381.53",0.00
PAY-D-7965,Bill Payment,04/16/2026,V-1142,Umatilla Specialty Produce,CHECK,40312,USD,"4,132.44",1.0000,"4,132.44",B-21293,"4,132.44",0.00
PAY-D-7966,Bill Payment,04/16/2026,V-1147,Oregon Coast Seafood Traders,CHECK,40313,USD,"13,175.70",1.0000,"13,175.70",B-20244,"13,175.70",0.00
PAY-D-7967,Bill Payment,04/16/2026,V-1151,Walla Walla Onion Growers,ACH,609131264621015,USD,"12,269.51",1.0000,"12,269.51",B-21536,"12,269.51",0.00
PAY-D-7968,Bill Payment,04/16/2026,V-1154,Brightline Janitorial,ACH,219775763527965,USD,"1,518.62",1.0000,"1,518.62",B-21198,"1,518.62",0.00
PAY-D-7969,Bill Payment,04/16/2026,V-1155,Pacific Fleet Fuel,ACH,379916651552836,USD,"3,315.11",1.0000,"3,315.11",B-20308,"3,315.11",0.00
PAY-D-7970,Bill Payment,04/16/2026,V-1173,Nisqually Salmon Co.,CHECK,40314,USD,"15,192.20",1.0000,"15,192.20",B-20673,"15,192.20",0.00
PAY-D-7971,Bill Payment,04/16/2026,V-1193,Chehalis Valley Eggs,ACH,739325007694043,USD,"4,018.99",1.0000,"4,018.99",B-21082,"4,018.99",0.00
PAY-D-7972,Bill Payment,04/16/2026,V-1198,Emerald City Cold Storage,ACH,349131652201265,USD,"2,819.10",1.0000,"2,819.10",B-20751,"2,819.10",0.00
PAY-D-7973,Bill Payment,04/16/2026,V-1200,Yamhill Charcuterie,CHECK,40315,USD,"7,828.67",1.0000,"7,828.67",B-20727,"7,828.67",0.00
PAY-D-7974,Bill Payment,04/16/2026,V-1204,Northwest Reefer Transport,ACH,038520294675003,USD,"1,215.13",1.0000,"1,215.13",B-21312,"1,215.13",0.00
PAY-D-7975,Bill Payment,04/16/2026,V-1205,Methow Valley Apples,ACH,517012725939833,USD,"10,324.58",1.0000,"10,324.58",B-20923,"10,324.58",0.00
PAY-D-7976,Bill Payment,04/16/2026,V-1206,Pend Oreille Wild Rice,CHECK,40316,USD,"3,834.35",1.0000,"3,834.35",B-21513,"3,834.35",0.00
PAY-D-7977,Bill Payment,04/16/2026,V-1209,Sound Cartage Co.,ACH,938004953202942,USD,"3,369.99",1.0000,"3,369.99",B-20556,"2,834.08",0.00
PAY-D-7977,Bill Payment,04/16/2026,V-1209,Sound Cartage Co.,ACH,938004953202942,USD,"3,369.99",1.0000,"3,369.99",B-21178,535.91,
PAY-D-7978,Bill Payment,04/16/2026,V-1216,Chinook Smokehouse Co.,ACH,379263948866865,USD,"14,910.09",1.0000,"14,910.09",B-20521,"14,910.09",0.00
PAY-D-7979,Bill Payment,04/16/2026,V-1220,Treasure Valley Trucking,ACH,310015433475540,USD,"2,340.81",1.0000,"2,340.81",B-21084,"2,340.81",0.00
PAY-D-7980,Bill Payment,04/16/2026,V-1223,Malheur Onion Co.,CHECK,40317,USD,"8,935.00",1.0000,"8,935.00",B-21520,"8,935.00",0.00
PAY-D-7981,Bill Payment,04/16/2026,V-1226,Skagit Valley Grains,CHECK,40318,USD,"13,045.70",1.0000,"13,045.70",B-20904,"13,045.70",0.00
PAY-D-7982,Bill Payment,04/16/2026,V-1227,Blue Mountain Carriers,CHECK,40319,USD,"3,842.37",1.0000,"3,842.37",B-20955,"3,842.37",0.00
PAY-D-7983,Bill Payment,04/16/2026,V-1231,Evergreen Mutual Insurance,CHECK,40320,USD,"8,499.45",1.0000,"8,499.45",B-21278,"8,499.45",0.00
PAY-D-7984,Bill Payment,04/16/2026,V-1233,Lummi Bay Seafood,ACH,233058256774863,USD,"15,115.47",1.0000,"15,115.47",B-20533,"15,115.47",0.00
PAY-D-7985,Bill Payment,04/16/2026,V-1235,Bitterroot Bakehouse Supply,ACH,812502523605276,USD,"9,199.63",1.0000,"9,199.63",B-21519,"9,199.63",0.00
PAY-D-7986,Bill Payment,04/16/2026,V-1237,McKenzie River Mills,ACH,512759410510802,USD,"9,049.50",1.0000,"9,049.50",B-20457,"9,049.50",0.00
PAY-D-7987,Bill Payment,04/16/2026,V-1239,Newberg Nut Growers,ACH,367398043995589,USD,"7,461.46",1.0000,"7,461.46",B-21401,"7,461.46",0.00
PAY-D-7988,Bill Payment,04/16/2026,V-1242,Teton Valley Trout,ACH,250800627924156,USD,"15,740.69",1.0000,"15,740.69",B-20145,"15,740.69",0.00
PAY-D-7989,Bill Payment,04/16/2026,V-1244,Portland Fleet Wash,ACH,740719441703035,USD,314.53,1.0000,314.53,B-20502,314.53,0.00
PAY-D-7990,Bill Payment,04/16/2026,V-1251,Payette Valley Beef,ACH,758272199858942,USD,"8,216.94",1.0000,"8,216.94",B-21195,"8,216.94",0.00
PAY-D-7991,Bill Payment,04/16/2026,V-1252,Snake River Trout Farms,ACH,749832949580013,USD,"13,098.59",1.0000,"13,098.59",B-20695,"13,098.59",0.00
PAY-D-7992,Bill Payment,04/16/2026,V-1255,Coquille Dairy Cooperative,ACH,262678130357999,USD,"6,655.01",1.0000,"6,655.01",B-20802,"6,655.01",0.00
PAY-D-7993,Bill Payment,04/16/2026,V-1261,Columbia Basin Water District,ACH,219073057836569,USD,499.23,1.0000,499.23,B-20873,499.23,0.00
PAY-D-7994,Bill Payment,04/16/2026,V-1266,Silvies River Lamb,CHECK,40321,USD,"7,835.27",1.0000,"7,835.27",B-20405,"7,835.27",0.00
PAY-D-7995,Bill Payment,04/16/2026,V-1270,Santiam Canning Co.,CHECK,40322,USD,"12,507.79",1.0000,"12,507.79",B-20874,"12,507.79",0.00
PAY-D-7996,Bill Payment,04/16/2026,V-1274,Olympic Peninsula Mushrooms,CHECK,40323,USD,"11,449.40",1.0000,"11,449.40",B-20100,"11,449.40",0.00
PAY-D-7997,Bill Payment,04/16/2026,V-1276,Critter Guard Pest Control,CHECK,40324,USD,278.27,1.0000,278.27,B-20129,278.27,0.00
PAY-D-7998,Bill Payment,04/16/2026,V-1279,Willamette Valley Creamery,ACH,032101988746533,USD,"7,696.55",1.0000,"7,696.55",B-20078,"7,696.55",0.00
PAY-D-7999,Bill Payment,04/16/2026,V-1280,Grande Ronde Poultry,CHECK,40325,USD,"9,991.62",1.0000,"9,991.62",B-20669,"9,991.62",0.00
PAY-D-8000,Bill Payment,04/16/2026,V-1281,Boardman Tree Fruit,ACH,959277844707496,USD,"16,380.07",1.0000,"16,380.07",B-21097,"9,057.08",0.00
PAY-D-8000,Bill Payment,04/16/2026,V-1281,Boardman Tree Fruit,ACH,959277844707496,USD,"16,380.07",1.0000,"16,380.07",B-20597,"7,322.99",
PAY-D-8001,Bill Payment,04/16/2026,V-1288,Wallowa Grass-Fed Beef,ACH,470124652043621,USD,"18,829.28",1.0000,"18,829.28",B-21575,"9,481.18",0.00
PAY-D-8001,Bill Payment,04/16/2026,V-1288,Wallowa Grass-Fed Beef,ACH,470124652043621,USD,"18,829.28",1.0000,"18,829.28",B-20825,"9,348.10",
PAY-D-8002,Bill Payment,04/16/2026,V-1290,Columbia Gorge Orchards,ACH,306127838858023,USD,"7,523.39",1.0000,"7,523.39",B-20176,"7,523.39",0.00
PAY-D-8003,Bill Payment,04/16/2026,V-1291,Palouse Lentil Growers,ACH,697290177338299,USD,"14,146.78",1.0000,"14,146.78",B-20421,"14,146.78",0.00
PAY-D-8004,Bill Payment,04/23/2026,V-1003,Ridgewire Telecom,ACH,611784591364661,USD,"1,254.62",1.0000,"1,254.62",B-21432,"1,254.62",0.00
PAY-D-8005,Bill Payment,04/23/2026,V-1011,Klamath Basin Potato Co.,CHECK,40326,USD,"13,263.82",1.0000,"13,263.82",B-20447,"13,263.82",0.00
PAY-D-8006,Bill Payment,04/23/2026,V-1015,Deschutes Brewing Supply Co-op,ACH,197051171716997,USD,"10,104.30",1.0000,"10,104.30",B-20838,"10,104.30",0.00
PAY-D-8007,Bill Payment,04/23/2026,V-1020,Cascade Coldchain Logistics,CHECK,40327,USD,"1,782.20",1.0000,"1,782.20",B-20722,"1,782.20",0.00
PAY-D-8008,Bill Payment,04/23/2026,V-1031,Tualatin Hazelnut Co.,CHECK,40328,USD,"15,173.47",1.0000,"15,173.47",B-21310,"15,173.47",0.00
PAY-D-8009,Bill Payment,04/23/2026,V-1042,Pacific Coast Packaging LLC,ACH,981944438361576,USD,"2,972.95",1.0000,"2,972.95",B-20799,"2,972.95",0.00
PAY-D-8010,Bill Payment,04/23/2026,V-1045,Talent Bridge Staffing,ACH,320436928967661,USD,"2,688.45",1.0000,"2,688.45",B-21152,"2,688.45",0.00
PAY-D-8011,Bill Payment,04/23/2026,V-1055,Wenatchee Pear Packers,CHECK,40329,USD,"12,738.18",1.0000,"12,738.18",B-20399,"12,738.18",0.00
PAY-D-8012,Bill Payment,04/23/2026,V-1058,Ridgeline Express,ACH,021065563625433,USD,"1,091.82",1.0000,"1,091.82",B-20686,"1,091.82",0.00
PAY-D-8013,Bill Payment,04/23/2026,V-1066,Willamette Sanitation Supply,ACH,555438378435586,USD,516.83,1.0000,516.83,B-21499,516.83,0.00
PAY-D-8014,Bill Payment,04/23/2026,V-1078,Rogue Valley Cheese Works,ACH,456229010152775,USD,"15,739.21",1.0000,"15,739.21",B-20195,"15,739.21",0.00
PAY-D-8015,Bill Payment,04/23/2026,V-1080,Mt. Hood Berry Farm,ACH,069408453924406,USD,"26,071.07",1.0000,"26,071.07",B-20631,"10,617.43",0.00
PAY-D-8015,Bill Payment,04/23/2026,V-1080,Mt. Hood Berry Farm,ACH,069408453924406,USD,"26,071.07",1.0000,"26,071.07",B-20204,"15,453.64",
PAY-D-8016,Bill Payment,04/23/2026,V-1119,Cowlitz Creek Farms,ACH,899962587236546,USD,"5,905.19",1.0000,"5,905.19",B-21341,"5,905.19",0.00
PAY-D-8017,Bill Payment,04/23/2026,V-1120,Columbia River Freightways,ACH,574144871460766,USD,"2,889.50",1.0000,"2,889.50",B-20411,"2,889.50",0.00
PAY-D-8018,Bill Payment,04/23/2026,V-1124,Coos Bay Crab Co.,CHECK,40330,USD,"6,781.76",1.0000,"6,781.76",B-20909,"6,781.76",0.00
PAY-D-8019,Bill Payment,04/23/2026,V-1128,Yakima Hop & Herb,ACH,904886455977739,USD,"15,723.66",1.0000,"15,723.66",B-20892,"15,723.66",0.00
PAY-D-8020,Bill Payment,04/23/2026,V-1132,Rose City Tire & Auto,CHECK,40331,USD,"1,611.56",1.0000,"1,611.56",B-20120,"1,611.56",0.00
PAY-D-8021,Bill Payment,04/23/2026,V-1136,Hells Canyon Honey,CHECK,40332,USD,"4,221.10",1.0000,"4,221.10",B-20003,"4,221.10",0.00
PAY-D-8022,Bill Payment,04/23/2026,V-1142,Umatilla Specialty Produce,CHECK,40333,USD,"8,970.06",1.0000,"8,970.06",B-20134,"8,970.06",0.00
PAY-D-8023,Bill Payment,04/23/2026,V-1143,CloudLedger Software,ACH,062560947644271,USD,630.75,1.0000,630.75,B-20451,630.75,0.00
PAY-D-8024,Bill Payment,04/23/2026,V-1147,Oregon Coast Seafood Traders,CHECK,40334,USD,"7,407.40",1.0000,"7,407.40",B-20791,"7,407.40",0.00
PAY-D-8025,Bill Payment,04/23/2026,V-1151,Walla Walla Onion Growers,ACH,305670905763949,USD,"9,837.24",1.0000,"9,837.24",B-20491,"9,837.24",0.00
PAY-D-8026,Bill Payment,04/23/2026,V-1155,Pacific Fleet Fuel,ACH,589562010398190,USD,"3,024.81",1.0000,"3,024.81",B-21191,"3,024.81",0.00
PAY-D-8027,Bill Payment,04/23/2026,V-1166,Crown Linen & Uniform,ACH,984776970442995,USD,594.75,1.0000,594.75,B-21348,594.75,0.00
PAY-D-8028,Bill Payment,04/23/2026,V-1197,Northgate IT Partners,ACH,769281314343932,USD,"2,499.43",1.0000,"2,499.43",B-21563,"2,499.43",0.00
PAY-D-8029,Bill Payment,04/23/2026,V-1200,Yamhill Charcuterie,CHECK,40335,USD,"6,970.61",1.0000,"6,970.61",B-20602,"6,970.61",0.00
PAY-D-8030,Bill Payment,04/23/2026,V-1204,Northwest Reefer Transport,ACH,765143481708897,USD,"3,860.16",1.0000,"3,860.16",B-20996,"3,860.16",0.00
PAY-D-8031,Bill Payment,04/23/2026,V-1205,Methow Valley Apples,ACH,138649025700756,USD,"4,767.56",1.0000,"4,767.56",B-20890,"4,767.56",0.00
PAY-D-8032,Bill Payment,04/23/2026,V-1206,Pend Oreille Wild Rice,CHECK,40336,USD,"14,754.58",1.0000,"14,754.58",B-20867,"14,754.58",0.00
PAY-D-8033,Bill Payment,04/23/2026,V-1216,Chinook Smokehouse Co.,ACH,477682945937537,USD,"7,002.27",1.0000,"7,002.27",B-20364,"7,002.27",0.00
PAY-D-8034,Bill Payment,04/23/2026,V-1220,Treasure Valley Trucking,ACH,867627233921687,USD,"1,905.17",1.0000,"1,905.17",B-20284,"1,905.17",0.00
PAY-D-8035,Bill Payment,04/23/2026,V-1224,Siuslaw Cranberry Growers,ACH,643174353382790,USD,"5,780.97",1.0000,"5,780.97",B-21353,"5,780.97",0.00
PAY-D-8036,Bill Payment,04/23/2026,V-1226,Skagit Valley Grains,CHECK,40337,USD,"8,764.23",1.0000,"8,764.23",B-21366,"8,764.23",0.00
PAY-D-8037,Bill Payment,04/23/2026,V-1227,Blue Mountain Carriers,CHECK,40338,USD,"3,788.26",1.0000,"3,788.26",B-20027,"3,788.26",0.00
PAY-D-8038,Bill Payment,04/23/2026,V-1233,Lummi Bay Seafood,ACH,402272945330179,USD,"12,695.93",1.0000,"12,695.93",B-20972,"12,695.93",0.00
PAY-D-8039,Bill Payment,04/23/2026,V-1235,Bitterroot Bakehouse Supply,ACH,199582190691131,USD,"5,438.51",1.0000,"5,438.51",B-20549,"5,438.51",0.00
PAY-D-8040,Bill Payment,04/23/2026,V-1236,Kittitas Hay & Grain,CHECK,40339,USD,"11,079.77",1.0000,"11,079.77",B-20118,"11,079.77",0.00
PAY-D-8041,Bill Payment,04/23/2026,V-1242,Teton Valley Trout,ACH,566270745789432,USD,"6,598.62",1.0000,"6,598.62",B-21127,"6,598.62",0.00
PAY-D-8042,Bill Payment,04/23/2026,V-1251,Payette Valley Beef,ACH,644722771864219,USD,"8,738.67",1.0000,"8,738.67",B-21132,"8,738.67",0.00
PAY-D-8043,Bill Payment,04/23/2026,V-1252,Snake River Trout Farms,ACH,146182877155707,USD,"12,730.29",1.0000,"12,730.29",B-21246,"12,730.29",0.00
PAY-D-8044,Bill Payment,04/23/2026,V-1265,Coastline Shredding,ACH,472200394205493,USD,144.52,1.0000,144.52,B-20196,144.52,0.00
PAY-D-8045,Bill Payment,04/23/2026,V-1266,Silvies River Lamb,CHECK,40340,USD,"13,830.17",1.0000,"13,830.17",B-20816,"13,830.17",0.00
PAY-D-8046,Bill Payment,04/23/2026,V-1284,Hood Canal Oyster Co.,ACH,787047804523937,USD,"4,549.78",1.0000,"4,549.78",B-20206,"4,549.78",0.00
PAY-D-8047,Bill Payment,04/23/2026,V-1289,Blue Heron Preserves,CHECK,40341,USD,"15,729.14",1.0000,"15,729.14",B-20101,"15,729.14",0.00
PAY-D-8048,Bill Payment,04/23/2026,V-1290,Columbia Gorge Orchards,ACH,138282827387508,USD,"15,516.79",1.0000,"15,516.79",B-21439,"15,516.79",0.00
PAY-D-8049,Bill Payment,04/23/2026,V-1291,Palouse Lentil Growers,ACH,893073622034723,USD,"5,693.77",1.0000,"5,693.77",B-21194,"5,693.77",0.00
PAY-D-8050,Bill Payment,04/23/2026,V-1292,Hermiston Melon Farms,ACH,872738758940055,USD,"4,276.81",1.0000,"4,276.81",B-20234,"4,276.81",0.00
PAY-D-8051,Bill Payment,04/23/2026,V-1299,Evergreen Box & Film,ACH,428272936448593,USD,"2,808.93",1.0000,"2,808.93",B-20257,"2,808.93",0.00
PAY-D-8052,Bill Payment,04/30/2026,V-1020,Cascade Coldchain Logistics,CHECK,40342,USD,"1,484.65",1.0000,"1,484.65",B-20968,"1,484.65",0.00
PAY-D-8053,Bill Payment,04/30/2026,V-1023,Clearwater Creamery,ACH,227272752070432,USD,"13,288.36",1.0000,"13,288.36",B-21148,"13,288.36",0.00
PAY-D-8054,Bill Payment,04/30/2026,V-1031,Tualatin Hazelnut Co.,CHECK,40343,USD,"14,784.83",1.0000,"14,784.83",B-20356,"14,784.83",0.00
PAY-D-8055,Bill Payment,04/30/2026,V-1187,"Pacific Coast Packaging, L.L.C.",ACH,230209406041317,USD,"8,108.20",1.0000,"8,108.20",B-21281,"8,108.20",0.00
PAY-D-8056,Bill Payment,04/30/2026,V-1055,Wenatchee Pear Packers,CHECK,40344,USD,"4,676.59",1.0000,"4,676.59",B-20190,"4,676.59",0.00
PAY-D-8057,Bill Payment,04/30/2026,V-1058,Ridgeline Express,ACH,082493423630541,USD,516.15,1.0000,516.15,B-20707,516.15,0.00
PAY-D-8058,Bill Payment,04/30/2026,V-1066,Willamette Sanitation Supply,ACH,097404170064953,USD,794.74,1.0000,794.74,B-21569,794.74,0.00
PAY-D-8059,Bill Payment,04/30/2026,V-1074,Scappoose Organic Farms,CHECK,40345,USD,"15,102.25",1.0000,"15,102.25",B-21455,"15,102.25",0.00
PAY-D-8060,Bill Payment,04/30/2026,V-1078,Rogue Valley Cheese Works,ACH,621843929970353,USD,"10,608.94",1.0000,"10,608.94",B-21373,"10,608.94",0.00
PAY-D-8061,Bill Payment,04/30/2026,V-1096,Tri-County Health Permits,CHECK,40346,USD,514.92,1.0000,514.92,B-20096,514.92,0.00
PAY-D-8062,Bill Payment,04/30/2026,V-1105,Everbright Electric Contractors,CHECK,40347,USD,"4,502.65",1.0000,"4,502.65",B-21008,"4,502.65",0.00
PAY-D-8063,Bill Payment,04/30/2026,V-1120,Columbia River Freightways,ACH,295750796099121,USD,"2,056.10",1.0000,"2,056.10",B-21428,"2,056.10",0.00
PAY-D-8064,Bill Payment,04/30/2026,V-1127,Nooksack Berry Growers,ACH,087062356495046,USD,"9,573.99",1.0000,"9,573.99",B-21232,"4,746.81",0.00
PAY-D-8064,Bill Payment,04/30/2026,V-1127,Nooksack Berry Growers,ACH,087062356495046,USD,"9,573.99",1.0000,"9,573.99",B-20753,"4,827.18",
PAY-D-8065,Bill Payment,04/30/2026,V-1128,Yakima Hop & Herb,ACH,904286570014728,USD,"10,692.66",1.0000,"10,692.66",B-20256,"10,692.66",0.00
PAY-D-8066,Bill Payment,04/30/2026,V-1147,Oregon Coast Seafood Traders,CHECK,40348,USD,"4,052.12",1.0000,"4,052.12",B-20079,"4,052.12",0.00
PAY-D-8067,Bill Payment,04/30/2026,V-1151,Walla Walla Onion Growers,ACH,230461135936393,USD,"3,916.91",1.0000,"3,916.91",B-20285,"3,916.91",0.00
PAY-D-8068,Bill Payment,04/30/2026,V-1155,Pacific Fleet Fuel,ACH,722108228737334,USD,"2,113.09",1.0000,"2,113.09",B-21012,"2,113.09",0.00
PAY-D-8069,Bill Payment,04/30/2026,V-1161,Salem Pallet Recyclers,ACH,117024246759615,USD,"1,056.93",1.0000,"1,056.93",B-20156,"1,056.93",0.00
PAY-D-8070,Bill Payment,04/30/2026,V-1173,Nisqually Salmon Co.,CHECK,40349,USD,"11,512.24",1.0000,"11,512.24",B-20025,"11,512.24",0.00
PAY-D-8071,Bill Payment,04/30/2026,V-1193,Chehalis Valley Eggs,ACH,613208938237204,USD,"10,031.48",1.0000,"10,031.48",B-20337,"10,031.48",0.00
PAY-D-8072,Bill Payment,04/30/2026,V-1204,Northwest Reefer Transport,ACH,161137661232747,USD,"3,832.36",1.0000,"3,832.36",B-20772,"3,832.36",0.00
PAY-D-8073,Bill Payment,04/30/2026,V-1206,Pend Oreille Wild Rice,CHECK,40350,USD,"12,562.03",1.0000,"12,562.03",B-21577,"12,562.03",0.00
PAY-D-8074,Bill Payment,04/30/2026,V-1209,Sound Cartage Co.,ACH,021635928022235,USD,"1,161.58",1.0000,"1,161.58",B-20010,"1,161.58",0.00
PAY-D-8075,Bill Payment,04/30/2026,V-1211,Portland General Utilities,ACH,721843148535193,USD,"1,405.33",1.0000,"1,405.33",B-21329,"1,405.33",0.00
PAY-D-8076,Bill Payment,04/30/2026,V-1213,Pinnacle Payroll Services,ACH,654668355615675,USD,404.24,1.0000,404.24,B-20621,404.24,0.00
PAY-D-8077,Bill Payment,04/30/2026,V-1220,Treasure Valley Trucking,ACH,122987178857111,USD,"1,041.29",1.0000,"1,041.29",B-20855,"1,041.29",0.00
PAY-D-8078,Bill Payment,04/30/2026,V-1223,Malheur Onion Co.,CHECK,40351,USD,"10,791.99",1.0000,"10,791.99",B-21105,"10,791.99",0.00
PAY-D-8079,Bill Payment,04/30/2026,V-1224,Siuslaw Cranberry Growers,ACH,019458822041258,USD,"11,757.61",1.0000,"11,757.61",B-20676,"11,757.61",0.00
PAY-D-8080,Bill Payment,04/30/2026,V-1226,Skagit Valley Grains,CHECK,40352,USD,"10,475.53",1.0000,"10,475.53",B-20446,"10,475.53",0.00
PAY-D-8081,Bill Payment,04/30/2026,V-1227,Blue Mountain Carriers,CHECK,40353,USD,"1,615.63",1.0000,"1,615.63",B-20332,"1,615.63",0.00
PAY-D-8082,Bill Payment,04/30/2026,V-1236,Kittitas Hay & Grain,CHECK,40354,USD,"5,660.61",1.0000,"5,660.61",B-20993,"5,660.61",0.00
PAY-D-8083,Bill Payment,04/30/2026,V-1237,McKenzie River Mills,ACH,526012826177179,USD,"6,422.10",1.0000,"6,422.10",B-20959,"6,422.10",0.00
PAY-D-8084,Bill Payment,04/30/2026,V-1239,Newberg Nut Growers,ACH,025297973710381,USD,"7,267.95",1.0000,"7,267.95",B-20831,"7,267.95",0.00
PAY-D-8085,Bill Payment,04/30/2026,V-1244,Portland Fleet Wash,ACH,330995618487400,USD,390.84,1.0000,390.84,B-20159,390.84,0.00
PAY-D-8086,Bill Payment,04/30/2026,V-1251,Payette Valley Beef,ACH,518822547659354,USD,"9,006.17",1.0000,"9,006.17",B-21261,"9,006.17",0.00
PAY-D-8087,Bill Payment,04/30/2026,V-1255,Coquille Dairy Cooperative,ACH,107961457939147,USD,"14,319.11",1.0000,"14,319.11",B-21202,"14,319.11",0.00
PAY-D-8088,Bill Payment,04/30/2026,V-1266,Silvies River Lamb,CHECK,40355,USD,"15,777.79",1.0000,"15,777.79",B-20407,"15,777.79",0.00
PAY-D-8089,Bill Payment,04/30/2026,V-1270,Santiam Canning Co.,CHECK,40356,USD,"5,306.23",1.0000,"5,306.23",B-21128,"5,306.23",0.00
PAY-D-8090,Bill Payment,04/30/2026,V-1274,Olympic Peninsula Mushrooms,CHECK,40357,USD,"15,394.14",1.0000,"15,394.14",B-21504,"15,394.14",0.00
PAY-D-8091,Bill Payment,04/30/2026,V-1279,Willamette Valley Creamery,ACH,869674822496806,USD,"14,479.59",1.0000,"14,479.59",B-20634,"8,078.51",0.00
PAY-D-8091,Bill Payment,04/30/2026,V-1279,Willamette Valley Creamery,ACH,869674822496806,USD,"14,479.59",1.0000,"14,479.59",B-20562,"6,401.08",
PAY-D-8092,Bill Payment,04/30/2026,V-1280,Grande Ronde Poultry,CHECK,40358,USD,"10,143.44",1.0000,"10,143.44",B-20882,"10,143.44",0.00
PAY-D-8093,Bill Payment,04/30/2026,V-1281,Boardman Tree Fruit,ACH,591930265838674,USD,"9,644.63",1.0000,"9,644.63",B-20766,"9,644.63",0.00
PAY-D-8094,Bill Payment,04/30/2026,V-1284,Hood Canal Oyster Co.,ACH,904548869103331,USD,"10,954.32",1.0000,"10,954.32",B-20635,"10,954.32",0.00
PAY-D-8095,Bill Payment,04/30/2026,V-1288,Wallowa Grass-Fed Beef,ACH,810178225179407,USD,"8,872.25",1.0000,"8,872.25",B-20121,"8,872.25",0.00
PAY-D-8096,Bill Payment,04/30/2026,V-1289,Blue Heron Preserves,CHECK,40359,USD,"7,246.09",1.0000,"7,246.09",B-20245,"7,246.09",0.00
PAY-D-8097,Bill Payment,04/30/2026,V-1290,Columbia Gorge Orchards,ACH,154049623212933,USD,"10,602.75",1.0000,"10,602.75",B-20231,"10,602.75",0.00
PAY-D-8098,Bill Payment,04/30/2026,V-1292,Hermiston Melon Farms,ACH,124911688364428,USD,"4,217.90",1.0000,"4,217.90",B-20809,"4,217.90",0.00
PAY-D-8099,Bill Payment,04/30/2026,V-1294,Umpqua Oat Mill,ACH,060649037399066,USD,"5,970.49",1.0000,"5,970.49",B-20230,"5,970.49",0.00
PAY-D-8100,Bill Payment,04/30/2026,V-1299,Evergreen Box & Film,ACH,499301203691398,USD,"2,794.85",1.0000,"2,794.85",B-20006,"2,794.85",0.00
PAY-D-8101,Bill Payment,05/01/2026,V-1072,Gowen Field Commerce Park,ACH,084766491738220,USD,"4,875.00",1.0000,"4,875.00",B-20011,"4,875.00",0.00
PAY-D-8102,Bill Payment,05/01/2026,V-1167,Lombard Street Properties LLC,ACH,212129749898508,USD,"8,500.00",1.0000,"8,500.00",B-20115,"8,500.00",0.00
PAY-D-8103,Bill Payment,05/01/2026,V-1181,Duwamish Industrial Partners,ACH,644093758192444,USD,"6,420.00",1.0000,"6,420.00",B-21207,"6,420.00",0.00
PAY-D-8104,Bill Payment,05/07/2026,V-1011,Klamath Basin Potato Co.,CHECK,40360,USD,"14,820.40",1.0000,"14,820.40",B-21224,"14,820.40",0.00
PAY-D-8105,Bill Payment,05/07/2026,V-1015,Deschutes Brewing Supply Co-op,ACH,908109606660534,USD,"14,568.93",1.0000,"14,568.93",B-21452,"14,568.93",0.00
PAY-D-8106,Bill Payment,05/07/2026,V-1020,Cascade Coldchain Logistics,CHECK,40361,USD,"2,959.43",1.0000,"2,959.43",B-20247,"2,959.43",0.00
PAY-D-8107,Bill Payment,05/07/2026,V-1023,Clearwater Creamery,ACH,394966226785883,USD,"8,006.58",1.0000,"8,006.58",B-20754,"8,006.58",0.00
PAY-D-8108,Bill Payment,05/07/2026,V-1187,"Pacific Coast Packaging, L.L.C.",ACH,715494640271000,USD,"4,082.34",1.0000,"4,082.34",B-21407,"4,082.34",0.00
PAY-D-8109,Bill Payment,05/07/2026,V-1045,Talent Bridge Staffing,ACH,913975274356846,USD,"5,272.75",1.0000,"5,272.75",B-20937,"5,272.75",0.00
PAY-D-8110,Bill Payment,05/07/2026,V-1051,Stumptown Office Supply,ACH,557883500771177,USD,330.21,1.0000,330.21,B-20608,330.21,0.00
PAY-D-8111,Bill Payment,05/07/2026,V-1055,Wenatchee Pear Packers,CHECK,40362,USD,"12,139.04",1.0000,"12,139.04",B-20690,"12,139.04",0.00
PAY-D-8112,Bill Payment,05/07/2026,V-1058,Ridgeline Express,ACH,336915332162791,USD,"2,572.46",1.0000,"2,572.46",B-20155,"2,572.46",0.00
PAY-D-8113,Bill Payment,05/07/2026,V-1077,Puget Sound Shellfish Co.,ACH,226428454542203,USD,"12,981.44",1.0000,"12,981.44",B-20381,"12,981.44",0.00
PAY-D-8114,Bill Payment,05/07/2026,V-1080,Mt. Hood Berry Farm,ACH,673407030821713,USD,"12,575.51",1.0000,"12,575.51",B-21371,"12,575.51",0.00
PAY-D-8115,Bill Payment,05/07/2026,V-1119,Cowlitz Creek Farms,ACH,295194716478774,USD,"11,671.46",1.0000,"11,671.46",B-20985,"11,671.46",0.00
PAY-D-8116,Bill Payment,05/07/2026,V-1120,Columbia River Freightways,ACH,815777762604588,USD,"3,875.74",1.0000,"3,875.74",B-20352,"3,875.74",0.00
PAY-D-8117,Bill Payment,05/07/2026,V-1124,Coos Bay Crab Co.,CHECK,40363,USD,"15,543.39",1.0000,"15,543.39",B-21571,"15,543.39",0.00
PAY-D-8118,Bill Payment,05/07/2026,V-1128,Yakima Hop & Herb,ACH,243375031890814,USD,"11,805.71",1.0000,"11,805.71",B-20523,"11,805.71",0.00
PAY-D-8119,Bill Payment,05/07/2026,V-1136,Hells Canyon Honey,CHECK,40364,USD,"10,846.72",1.0000,"10,846.72",B-21073,"10,846.72",0.00
PAY-D-8120,Bill Payment,05/07/2026,V-1142,Umatilla Specialty Produce,CHECK,40365,USD,"5,646.36",1.0000,"5,646.36",B-20416,"5,646.36",0.00
PAY-D-8121,Bill Payment,05/07/2026,V-1147,Oregon Coast Seafood Traders,CHECK,40366,USD,"11,960.76",1.0000,"11,960.76",B-20515,"11,960.76",0.00
PAY-D-8122,Bill Payment,05/07/2026,V-1151,Walla Walla Onion Growers,ACH,419653848887220,USD,"10,044.31",1.0000,"10,044.31",B-21542,"10,044.31",0.00
PAY-D-8123,Bill Payment,05/07/2026,V-1155,Pacific Fleet Fuel,ACH,014995579406322,USD,"2,300.67",1.0000,"2,300.67",B-20323,"2,300.67",0.00
PAY-D-8124,Bill Payment,05/07/2026,V-1180,Beaverton Forklift Leasing,ACH,657610112190219,USD,"2,263.22",1.0000,"2,263.22",B-21066,"2,263.22",0.00
PAY-D-8125,Bill Payment,05/07/2026,V-1193,Chehalis Valley Eggs,ACH,434338417307597,USD,"9,162.21",1.0000,"9,162.21",B-21140,"9,162.21",0.00
PAY-D-8126,Bill Payment,05/07/2026,V-1198,Emerald City Cold Storage,ACH,157044622490292,USD,"2,917.84",1.0000,"2,917.84",B-20177,"2,917.84",0.00
PAY-D-8127,Bill Payment,05/07/2026,V-1200,Yamhill Charcuterie,CHECK,40367,USD,"8,188.29",1.0000,"8,188.29",B-21330,"8,188.29",0.00
PAY-D-8128,Bill Payment,05/07/2026,V-1204,Northwest Reefer Transport,ACH,941275742334756,USD,"4,264.39",1.0000,"4,264.39",B-20942,"4,264.39",0.00
PAY-D-8129,Bill Payment,05/07/2026,V-1205,Methow Valley Apples,ACH,482538774996578,USD,"9,838.93",1.0000,"9,838.93",B-20835,"9,838.93",0.00
PAY-D-8130,Bill Payment,05/07/2026,V-1216,Chinook Smokehouse Co.,ACH,459521837501043,USD,"6,151.30",1.0000,"6,151.30",B-21188,"6,151.30",0.00
PAY-D-8131,Bill Payment,05/07/2026,V-1220,Treasure Valley Trucking,ACH,069767936682293,USD,"1,446.74",1.0000,"1,446.74",B-21412,"1,446.74",0.00
PAY-D-8132,Bill Payment,05/07/2026,V-1223,Malheur Onion Co.,CHECK,40368,USD,"13,795.63",1.0000,"13,795.63",B-21364,"13,795.63",0.00
PAY-D-8133,Bill Payment,05/07/2026,V-1227,Blue Mountain Carriers,CHECK,40369,USD,"2,221.74",1.0000,"2,221.74",B-20384,"2,221.74",0.00
PAY-D-8134,Bill Payment,05/07/2026,V-1235,Bitterroot Bakehouse Supply,ACH,951635985817216,USD,"4,636.20",1.0000,"4,636.20",B-20047,"4,636.20",0.00
PAY-D-8135,Bill Payment,05/07/2026,V-1236,Kittitas Hay & Grain,CHECK,40370,USD,"4,507.08",1.0000,"4,507.08",B-21167,"4,507.08",0.00
PAY-D-8136,Bill Payment,05/07/2026,V-1237,McKenzie River Mills,ACH,353507944715350,USD,"9,639.85",1.0000,"9,639.85",B-20389,"9,639.85",0.00
PAY-D-8137,Bill Payment,05/07/2026,V-1239,Newberg Nut Growers,ACH,084188787579705,USD,"6,730.38",1.0000,"6,730.38",B-20543,"6,730.38",0.00
PAY-D-8138,Bill Payment,05/07/2026,V-1242,Teton Valley Trout,ACH,723351970620019,USD,"7,960.34",1.0000,"7,960.34",B-20624,"7,960.34",0.00
PAY-D-8139,Bill Payment,05/07/2026,V-1252,Snake River Trout Farms,ACH,785924613862158,USD,"15,050.35",1.0000,"15,050.35",B-20135,"15,050.35",0.00
PAY-D-8140,Bill Payment,05/07/2026,V-1255,Coquille Dairy Cooperative,ACH,055308887188814,USD,"6,902.44",1.0000,"6,902.44",B-21126,"6,902.44",0.00
PAY-D-8141,Bill Payment,05/07/2026,V-1263,Summit Refrigeration Services,CHECK,40371,USD,"3,979.89",1.0000,"3,979.89",B-20222,"3,979.89",0.00
PAY-D-8142,Bill Payment,05/07/2026,V-1270,Santiam Canning Co.,CHECK,40372,USD,"9,786.69",1.0000,"9,786.69",B-21005,"9,786.69",0.00
PAY-D-8143,Bill Payment,05/07/2026,V-1280,Grande Ronde Poultry,CHECK,40373,USD,"6,962.48",1.0000,"6,962.48",B-20499,"6,962.48",0.00
PAY-D-8144,Bill Payment,05/07/2026,V-1291,Palouse Lentil Growers,ACH,898319992309664,USD,"5,946.91",1.0000,"5,946.91",B-20228,"5,946.91",0.00
PAY-D-8145,Bill Payment,05/07/2026,V-1292,Hermiston Melon Farms,ACH,675228484827890,USD,"13,655.01",1.0000,"13,655.01",B-20475,"13,655.01",0.00
PAY-D-8146,Bill Payment,05/07/2026,V-1294,Umpqua Oat Mill,ACH,686318364670875,USD,"7,404.03",1.0000,"7,404.03",B-20369,"7,404.03",0.00
PAY-D-8147,Bill Payment,05/14/2026,V-1011,Klamath Basin Potato Co.,CHECK,40374,USD,"5,460.05",1.0000,"5,460.05",B-20569,"5,460.05",0.00
PAY-D-8148,Bill Payment,05/14/2026,V-1015,Deschutes Brewing Supply Co-op,ACH,360692968148368,USD,"14,943.62",1.0000,"14,943.62",B-21294,"14,943.62",0.00
PAY-D-8149,Bill Payment,05/14/2026,V-1020,Cascade Coldchain Logistics,CHECK,40375,USD,"1,101.63",1.0000,"1,101.63",B-21030,"1,101.63",0.00
PAY-D-8150,Bill Payment,05/14/2026,V-1031,Tualatin Hazelnut Co.,CHECK,40376,USD,"8,539.25",1.0000,"8,539.25",B-20716,"8,539.25",0.00
PAY-D-8151,Bill Payment,05/14/2026,V-1034,Lewis & Clark Legal Services,CHECK,40377,USD,"1,535.02",1.0000,"1,535.02",B-21311,"1,535.02",0.00
PAY-D-8152,Bill Payment,05/14/2026,V-1042,Pacific Coast Packaging LLC,ACH,915763803996980,USD,"5,865.33",1.0000,"5,865.33",B-21233,"5,865.33",0.00
PAY-D-8153,Bill Payment,05/14/2026,V-1058,Ridgeline Express,ACH,760405630959700,USD,"1,594.49",1.0000,"1,594.49",B-20160,"1,594.49",0.00
PAY-D-8154,Bill Payment,05/14/2026,V-1074,Scappoose Organic Farms,CHECK,40378,USD,"4,492.42",1.0000,"4,492.42",B-20282,"4,492.42",0.00
PAY-D-8155,Bill Payment,05/14/2026,V-1077,Puget Sound Shellfish Co.,ACH,711731890128115,USD,"6,893.21",1.0000,"6,893.21",B-21471,"6,893.21",0.00
PAY-D-8156,Bill Payment,05/14/2026,V-1078,Rogue Valley Cheese Works,ACH,330482756729322,USD,"12,806.62",1.0000,"12,806.62",B-21421,"12,806.62",0.00
PAY-D-8157,Bill Payment,05/14/2026,V-1080,Mt. Hood Berry Farm,ACH,626140507139707,USD,"9,911.49",1.0000,"9,911.49",B-21147,"9,911.49",0.00
PAY-D-8158,Bill Payment,05/14/2026,V-1119,Cowlitz Creek Farms,ACH,161956176070201,USD,"11,029.65",1.0000,"11,029.65",B-21277,"11,029.65",0.00
PAY-D-8159,Bill Payment,05/14/2026,V-1120,Columbia River Freightways,ACH,361356326603174,USD,807.13,1.0000,807.13,B-20317,807.13,0.00
PAY-D-8160,Bill Payment,05/14/2026,V-1127,Nooksack Berry Growers,ACH,856455308581176,USD,"10,017.66",1.0000,"10,017.66",B-21150,"10,017.66",0.00
PAY-D-8161,Bill Payment,05/14/2026,V-1128,Yakima Hop & Herb,ACH,973543205286145,USD,"14,203.29",1.0000,"14,203.29",B-20172,"14,203.29",0.00
PAY-D-8162,Bill Payment,05/14/2026,V-1142,Umatilla Specialty Produce,CHECK,40379,USD,"12,014.89",1.0000,"12,014.89",B-21365,"12,014.89",0.00
PAY-D-8163,Bill Payment,05/14/2026,V-1143,CloudLedger Software,ACH,968489767918125,USD,468.11,1.0000,468.11,B-21576,468.11,0.00
PAY-D-8164,Bill Payment,05/14/2026,V-1154,Brightline Janitorial,ACH,672655667507040,USD,"1,502.65",1.0000,"1,502.65",B-20255,"1,502.65",0.00
PAY-D-8165,Bill Payment,05/14/2026,V-1155,Pacific Fleet Fuel,ACH,840026614294043,USD,"2,189.59",1.0000,"2,189.59",B-21324,"2,189.59",0.00
PAY-D-8166,Bill Payment,05/14/2026,V-1166,Crown Linen & Uniform,ACH,563163946797624,USD,382.17,1.0000,382.17,B-20680,382.17,0.00
PAY-D-8167,Bill Payment,05/14/2026,V-1173,Nisqually Salmon Co.,CHECK,40380,USD,"17,646.49",1.0000,"17,646.49",B-21537,"12,826.28",0.00
PAY-D-8167,Bill Payment,05/14/2026,V-1173,Nisqually Salmon Co.,CHECK,40380,USD,"17,646.49",1.0000,"17,646.49",B-21055,"4,820.21",
PAY-D-8168,Bill Payment,05/14/2026,V-1197,Northgate IT Partners,ACH,985179133809618,USD,"2,512.48",1.0000,"2,512.48",B-20668,"2,512.48",0.00
PAY-D-8169,Bill Payment,05/14/2026,V-1200,Yamhill Charcuterie,CHECK,40381,USD,"8,453.72",1.0000,"8,453.72",B-20944,"8,453.72",0.00
PAY-D-8170,Bill Payment,05/14/2026,V-1204,Northwest Reefer Transport,ACH,607734937976596,USD,"3,901.17",1.0000,"3,901.17",B-20326,"3,901.17",0.00
PAY-D-8171,Bill Payment,05/14/2026,V-1205,Methow Valley Apples,ACH,557370013714770,USD,"10,898.95",1.0000,"10,898.95",B-20474,"10,898.95",0.00
PAY-D-8172,Bill Payment,05/14/2026,V-1206,Pend Oreille Wild Rice,CHECK,40382,USD,"12,077.04",1.0000,"12,077.04",B-21462,"12,077.04",0.00
PAY-D-8173,Bill Payment,05/14/2026,V-1209,Sound Cartage Co.,ACH,964349787732758,USD,909.15,1.0000,909.15,B-20271,909.15,0.00
PAY-D-8174,Bill Payment,05/14/2026,V-1223,Malheur Onion Co.,CHECK,40383,USD,"4,098.11",1.0000,"4,098.11",B-20841,"4,098.11",0.00
PAY-D-8175,Bill Payment,05/14/2026,V-1224,Siuslaw Cranberry Growers,ACH,726994519720716,USD,"12,232.96",1.0000,"12,232.96",B-21053,"12,232.96",0.00
PAY-D-8176,Bill Payment,05/14/2026,V-1226,Skagit Valley Grains,CHECK,40384,USD,"29,229.82",1.0000,"29,229.82",B-21380,"15,063.55",0.00
PAY-D-8176,Bill Payment,05/14/2026,V-1226,Skagit Valley Grains,CHECK,40384,USD,"29,229.82",1.0000,"29,229.82",B-20052,"14,166.27",
PAY-D-8177,Bill Payment,05/14/2026,V-1233,Lummi Bay Seafood,ACH,536210500762849,USD,"14,151.55",1.0000,"14,151.55",B-20064,"14,151.55",0.00
PAY-D-8178,Bill Payment,05/14/2026,V-1235,Bitterroot Bakehouse Supply,ACH,240600789540692,USD,"14,281.97",1.0000,"14,281.97",B-21099,"14,281.97",0.00
PAY-D-8179,Bill Payment,05/14/2026,V-1237,McKenzie River Mills,ACH,772966618353473,USD,"9,811.43",1.0000,"9,811.43",B-20824,"9,811.43",0.00
PAY-D-8180,Bill Payment,05/14/2026,V-1239,Newberg Nut Growers,ACH,878458796935906,USD,"8,257.41",1.0000,"8,257.41",B-21003,"8,257.41",0.00
PAY-D-8181,Bill Payment,05/14/2026,V-1242,Teton Valley Trout,ACH,884639537446503,USD,"7,104.03",1.0000,"7,104.03",B-20205,"7,104.03",0.00
PAY-D-8182,Bill Payment,05/14/2026,V-1251,Payette Valley Beef,ACH,526207101526388,USD,"9,653.33",1.0000,"9,653.33",B-20595,"9,653.33",0.00
PAY-D-8183,Bill Payment,05/14/2026,V-1252,Snake River Trout Farms,ACH,459792076437950,USD,"8,537.41",1.0000,"8,537.41",B-20659,"8,537.41",0.00
PAY-D-8184,Bill Payment,05/14/2026,V-1255,Coquille Dairy Cooperative,ACH,161955685531469,USD,"15,079.02",1.0000,"15,079.02",B-20063,"15,079.02",0.00
PAY-D-8185,Bill Payment,05/14/2026,V-1266,Silvies River Lamb,CHECK,40385,USD,"7,957.95",1.0000,"7,957.95",B-20949,"7,957.95",0.00
PAY-D-8186,Bill Payment,05/14/2026,V-1270,Santiam Canning Co.,CHECK,40386,USD,"13,508.85",1.0000,"13,508.85",B-21001,"13,508.85",0.00
PAY-D-8187,Bill Payment,05/14/2026,V-1274,Olympic Peninsula Mushrooms,CHECK,40387,USD,"15,062.74",1.0000,"15,062.74",B-20470,"15,062.74",0.00
PAY-D-8188,Bill Payment,05/14/2026,V-1276,Critter Guard Pest Control,CHECK,40388,USD,396.34,1.0000,396.34,B-20617,396.34,0.00
PAY-D-8189,Bill Payment,05/14/2026,V-1279,Willamette Valley Creamery,ACH,788672985107136,USD,"15,648.52",1.0000,"15,648.52",B-20504,"15,648.52",0.00
PAY-D-8190,Bill Payment,05/14/2026,V-1281,Boardman Tree Fruit,ACH,570421564707408,USD,"11,420.85",1.0000,"11,420.85",B-20546,"11,420.85",0.00
PAY-D-8191,Bill Payment,05/14/2026,V-1284,Hood Canal Oyster Co.,ACH,479317744796021,USD,"7,841.92",1.0000,"7,841.92",B-20493,"7,841.92",0.00
PAY-D-8192,Bill Payment,05/14/2026,V-1288,Wallowa Grass-Fed Beef,ACH,664989668816968,USD,"5,444.25",1.0000,"5,444.25",B-20040,"5,444.25",0.00
PAY-D-8193,Bill Payment,05/14/2026,V-1289,Blue Heron Preserves,CHECK,40389,USD,"18,894.63",1.0000,"18,894.63",B-20087,"10,806.05",0.00
PAY-D-8193,Bill Payment,05/14/2026,V-1289,Blue Heron Preserves,CHECK,40389,USD,"18,894.63",1.0000,"18,894.63",B-20918,"8,088.58",
PAY-D-8194,Bill Payment,05/14/2026,V-1290,Columbia Gorge Orchards,ACH,624629481907102,USD,"6,768.73",1.0000,"6,768.73",B-21229,"6,768.73",0.00
PAY-D-8195,Bill Payment,05/14/2026,V-1291,Palouse Lentil Growers,ACH,774209945239825,USD,"11,389.57",1.0000,"11,389.57",B-20525,"11,389.57",0.00
PAY-D-8196,Bill Payment,05/14/2026,V-1292,Hermiston Melon Farms,ACH,377064592869406,USD,"8,498.19",1.0000,"8,498.19",B-20438,"8,498.19",0.00
PAY-D-8197,Bill Payment,05/21/2026,V-1011,Klamath Basin Potato Co.,CHECK,40390,USD,"6,271.83",1.0000,"6,271.83",B-21531,"6,271.83",0.00
PAY-D-8198,Bill Payment,05/21/2026,V-1015,Deschutes Brewing Supply Co-op,ACH,096556679496389,USD,"5,804.56",1.0000,"5,804.56",B-20217,"5,804.56",0.00
PAY-D-8199,Bill Payment,05/21/2026,V-1020,Cascade Coldchain Logistics,CHECK,40391,USD,"3,101.57",1.0000,"3,101.57",B-21386,"3,101.57",0.00
PAY-D-8200,Bill Payment,05/21/2026,V-1023,Clearwater Creamery,ACH,046673568759163,USD,"8,015.55",1.0000,"8,015.55",B-21562,"8,015.55",0.00
PAY-D-8201,Bill Payment,05/21/2026,V-1042,Pacific Coast Packaging LLC,ACH,059693285350172,USD,"2,465.12",1.0000,"2,465.12",B-20698,"2,465.12",0.00
PAY-D-8202,Bill Payment,05/21/2026,V-1051,Stumptown Office Supply,ACH,535222499965068,USD,724.88,1.0000,724.88,B-20067,724.88,0.00
PAY-D-8203,Bill Payment,05/21/2026,V-1055,Wenatchee Pear Packers,CHECK,40392,USD,"8,252.94",1.0000,"8,252.94",B-21165,"8,252.94",0.00
PAY-D-8204,Bill Payment,05/21/2026,V-1066,Willamette Sanitation Supply,ACH,928054611907959,USD,924.96,1.0000,924.96,B-21515,924.96,0.00
PAY-D-8205,Bill Payment,05/21/2026,V-1119,Cowlitz Creek Farms,ACH,890053020403828,USD,"13,097.39",1.0000,"13,097.39",B-21541,"13,097.39",0.00
PAY-D-8206,Bill Payment,05/21/2026,V-1120,Columbia River Freightways,ACH,300345795741710,USD,"3,580.57",1.0000,"3,580.57",B-20030,"3,580.57",0.00
PAY-D-8207,Bill Payment,05/21/2026,V-1124,Coos Bay Crab Co.,CHECK,40393,USD,"8,765.02",1.0000,"8,765.02",B-21213,"8,765.02",0.00
PAY-D-8208,Bill Payment,05/21/2026,V-1127,Nooksack Berry Growers,ACH,595438646582659,USD,"10,903.87",1.0000,"10,903.87",B-20482,"10,903.87",0.00
PAY-D-8209,Bill Payment,05/21/2026,V-1128,Yakima Hop & Herb,ACH,022950707335200,USD,"11,857.92",1.0000,"11,857.92",B-20611,"11,857.92",0.00
PAY-D-8210,Bill Payment,05/21/2026,V-1132,Rose City Tire & Auto,CHECK,40394,USD,"2,536.94",1.0000,"2,536.94",B-21039,"2,536.94",0.00
PAY-D-8211,Bill Payment,05/21/2026,V-1147,Oregon Coast Seafood Traders,CHECK,40395,USD,"7,948.69",1.0000,"7,948.69",B-20348,"7,948.69",0.00
PAY-D-8212,Bill Payment,05/21/2026,V-1151,Walla Walla Onion Growers,ACH,533956290636018,USD,"9,774.55",1.0000,"9,774.55",B-21050,"9,774.55",0.00
PAY-D-8213,Bill Payment,05/21/2026,V-1155,Pacific Fleet Fuel,ACH,636601951419124,USD,"3,840.59",1.0000,"3,840.59",B-21320,"3,840.59",0.00
PAY-D-8214,Bill Payment,05/21/2026,V-1166,Crown Linen & Uniform,ACH,594231861651954,USD,636.27,1.0000,636.27,B-21117,636.27,0.00
PAY-D-8215,Bill Payment,05/21/2026,V-1193,Chehalis Valley Eggs,ACH,969840765463741,USD,"6,086.61",1.0000,"6,086.61",B-21153,"6,086.61",0.00
PAY-D-8216,Bill Payment,05/21/2026,V-1204,Northwest Reefer Transport,ACH,070710330408662,USD,"3,243.52",1.0000,"3,243.52",B-21561,"3,243.52",0.00
PAY-D-8217,Bill Payment,05/21/2026,V-1206,Pend Oreille Wild Rice,CHECK,40396,USD,"6,627.11",1.0000,"6,627.11",B-20150,"6,627.11",0.00
PAY-D-8218,Bill Payment,05/21/2026,V-1209,Sound Cartage Co.,ACH,689763224129122,USD,"1,566.48",1.0000,"1,566.48",B-21410,"1,566.48",0.00
PAY-D-8219,Bill Payment,05/21/2026,V-1216,Chinook Smokehouse Co.,ACH,936019035054466,USD,"12,635.63",1.0000,"12,635.63",B-20934,"6,807.06",0.00
PAY-D-8219,Bill Payment,05/21/2026,V-1216,Chinook Smokehouse Co.,ACH,936019035054466,USD,"12,635.63",1.0000,"12,635.63",B-20590,"5,828.57",
PAY-D-8220,Bill Payment,05/21/2026,V-1220,Treasure Valley Trucking,ACH,609701414957734,USD,"2,619.49",1.0000,"2,619.49",B-20555,"2,619.49",0.00
PAY-D-8221,Bill Payment,05/21/2026,V-1224,Siuslaw Cranberry Growers,ACH,024799668686294,USD,"6,526.71",1.0000,"6,526.71",B-21090,"6,526.71",0.00
PAY-D-8222,Bill Payment,05/21/2026,V-1227,Blue Mountain Carriers,CHECK,40397,USD,"2,402.66",1.0000,"2,402.66",B-21145,"2,402.66",0.00
PAY-D-8223,Bill Payment,05/21/2026,V-1233,Lummi Bay Seafood,ACH,008593847813747,USD,"8,982.71",1.0000,"8,982.71",B-21430,"8,982.71",0.00
PAY-D-8224,Bill Payment,05/21/2026,V-1235,Bitterroot Bakehouse Supply,ACH,704546916666181,USD,"14,854.58",1.0000,"14,854.58",B-21245,"14,854.58",0.00
PAY-D-8225,Bill Payment,05/21/2026,V-1236,Kittitas Hay & Grain,CHECK,40398,USD,"22,653.09",1.0000,"22,653.09",B-20495,"9,509.86",0.00
PAY-D-8225,Bill Payment,05/21/2026,V-1236,Kittitas Hay & Grain,CHECK,40398,USD,"22,653.09",1.0000,"22,653.09",B-20664,"13,143.23",
PAY-D-8226,Bill Payment,05/21/2026,V-1237,McKenzie River Mills,ACH,166927441578462,USD,"14,502.16",1.0000,"14,502.16",B-20852,"14,502.16",0.00
PAY-D-8227,Bill Payment,05/21/2026,V-1239,Newberg Nut Growers,ACH,819308317507096,USD,"5,831.45",1.0000,"5,831.45",B-21495,"5,831.45",0.00
PAY-D-8228,Bill Payment,05/21/2026,V-1242,Teton Valley Trout,ACH,993626406737240,USD,"5,214.88",1.0000,"5,214.88",B-20249,"5,214.88",0.00
PAY-D-8229,Bill Payment,05/21/2026,V-1265,Coastline Shredding,ACH,806960509932267,USD,136.24,1.0000,136.24,B-20623,136.24,0.00
PAY-D-8230,Bill Payment,05/21/2026,V-1266,Silvies River Lamb,CHECK,40399,USD,"7,082.30",1.0000,"7,082.30",B-20591,"7,082.30",0.00
PAY-D-8231,Bill Payment,05/21/2026,V-1274,Olympic Peninsula Mushrooms,CHECK,40400,USD,"4,463.35",1.0000,"4,463.35",B-20152,"4,463.35",0.00
PAY-D-8232,Bill Payment,05/21/2026,V-1277,Metro Waste Haulers,ACH,900049445890034,USD,612.26,1.0000,612.26,B-20897,612.26,0.00
PAY-D-8233,Bill Payment,05/21/2026,V-1279,Willamette Valley Creamery,ACH,429125865111204,USD,"15,768.53",1.0000,"15,768.53",B-21023,"15,768.53",0.00
PAY-D-8234,Bill Payment,05/21/2026,V-1280,Grande Ronde Poultry,CHECK,40401,USD,"12,936.32",1.0000,"12,936.32",B-21435,"12,936.32",0.00
PAY-D-8235,Bill Payment,05/21/2026,V-1284,Hood Canal Oyster Co.,ACH,775271699169862,USD,"15,014.40",1.0000,"15,014.40",B-20014,"15,014.40",0.00
PAY-D-8236,Bill Payment,05/21/2026,V-1288,Wallowa Grass-Fed Beef,ACH,762752181681619,USD,"13,254.14",1.0000,"13,254.14",B-20366,"13,254.14",0.00
PAY-D-8237,Bill Payment,05/21/2026,V-1290,Columbia Gorge Orchards,ACH,566126944143822,USD,"7,226.87",1.0000,"7,226.87",B-21317,"7,226.87",0.00
PAY-D-8238,Bill Payment,05/21/2026,V-1294,Umpqua Oat Mill,ACH,141020477442094,USD,"15,399.43",1.0000,"15,399.43",B-20761,"15,399.43",0.00
PAY-D-8239,Bill Payment,05/21/2026,V-1299,Evergreen Box & Film,ACH,583364311342217,USD,958.68,1.0000,958.68,B-20008,958.68,0.00
PAY-D-8240,Bill Payment,05/28/2026,V-1020,Cascade Coldchain Logistics,CHECK,40402,USD,"3,636.55",1.0000,"3,636.55",B-21526,"3,636.55",0.00
PAY-D-8241,Bill Payment,05/28/2026,V-1021,Harborview Sign Co.,CHECK,40403,USD,"1,296.57",1.0000,"1,296.57",B-21426,"1,296.57",0.00
PAY-D-8242,Bill Payment,05/28/2026,V-1023,Clearwater Creamery,ACH,289383103501197,USD,"5,413.45",1.0000,"5,413.45",B-21404,"5,413.45",0.00
PAY-D-8243,Bill Payment,05/28/2026,V-1031,Tualatin Hazelnut Co.,CHECK,40404,USD,"5,580.57",1.0000,"5,580.57",B-20720,"5,580.57",0.00
PAY-D-8244,Bill Payment,05/28/2026,V-1042,Pacific Coast Packaging LLC,ACH,991203982970539,USD,"8,344.23",1.0000,"8,344.23",B-21070,"8,344.23",0.00
PAY-D-8245,Bill Payment,05/28/2026,V-1045,Talent Bridge Staffing,ACH,897801450286579,USD,"5,466.16",1.0000,"5,466.16",B-20295,"5,466.16",0.00
PAY-D-8246,Bill Payment,05/28/2026,V-1058,Ridgeline Express,ACH,961851774764740,USD,"2,540.10",1.0000,"2,540.10",B-20805,"2,540.10",0.00
PAY-D-8247,Bill Payment,05/28/2026,V-1067,Marlowe Ostrander LLP,CHECK,40405,USD,"3,301.71",1.0000,"3,301.71",B-20932,"3,301.71",0.00
PAY-D-8248,Bill Payment,05/28/2026,V-1074,Scappoose Organic Farms,CHECK,40406,USD,"12,199.55",1.0000,"12,199.55",B-20771,"12,199.55",0.00
PAY-D-8249,Bill Payment,05/28/2026,V-1077,Puget Sound Shellfish Co.,ACH,441500951178767,USD,"13,936.59",1.0000,"13,936.59",B-20432,"13,936.59",0.00
PAY-D-8250,Bill Payment,05/28/2026,V-1078,Rogue Valley Cheese Works,ACH,477306786155698,USD,"23,994.41",1.0000,"23,994.41",B-20290,"13,545.10",0.00
PAY-D-8250,Bill Payment,05/28/2026,V-1078,Rogue Valley Cheese Works,ACH,477306786155698,USD,"23,994.41",1.0000,"23,994.41",B-21429,"10,449.31",
PAY-D-8251,Bill Payment,05/28/2026,V-1080,Mt. Hood Berry Farm,ACH,899190050596059,USD,"9,191.46",1.0000,"9,191.46",B-20020,"9,191.46",0.00
PAY-D-8252,Bill Payment,05/28/2026,V-1119,Cowlitz Creek Farms,ACH,314157190084183,USD,"10,148.43",1.0000,"10,148.43",B-20252,"10,148.43",0.00
PAY-D-8253,Bill Payment,05/28/2026,V-1120,Columbia River Freightways,ACH,524897524978995,USD,"3,667.44",1.0000,"3,667.44",B-20715,"3,667.44",0.00
PAY-D-8254,Bill Payment,05/28/2026,V-1124,Coos Bay Crab Co.,CHECK,40407,USD,"10,499.53",1.0000,"10,499.53",B-21418,"10,499.53",0.00
PAY-D-8255,Bill Payment,05/28/2026,V-1136,Hells Canyon Honey,CHECK,40408,USD,"22,826.01",1.0000,"22,826.01",B-20889,"9,374.81",0.00
PAY-D-8255,Bill Payment,05/28/2026,V-1136,Hells Canyon Honey,CHECK,40408,USD,"22,826.01",1.0000,"22,826.01",B-21502,"13,451.20",
PAY-D-8256,Bill Payment,05/28/2026,V-1142,Umatilla Specialty Produce,CHECK,40409,USD,"13,792.02",1.0000,"13,792.02",B-21391,"5,748.16",0.00
PAY-D-8256,Bill Payment,05/28/2026,V-1142,Umatilla Specialty Produce,CHECK,40409,USD,"13,792.02",1.0000,"13,792.02",B-21060,"8,043.86",
PAY-D-8257,Bill Payment,05/28/2026,V-1143,CloudLedger Software,ACH,299536335271312,USD,618.45,1.0000,618.45,B-21021,618.45,0.00
PAY-D-8258,Bill Payment,05/28/2026,V-1151,Walla Walla Onion Growers,ACH,205296082862681,USD,"7,745.91",1.0000,"7,745.91",B-21487,"7,745.91",0.00
PAY-D-8259,Bill Payment,05/28/2026,V-1154,Brightline Janitorial,ACH,387206882773379,USD,"1,633.64",1.0000,"1,633.64",B-21156,"1,633.64",0.00
PAY-D-8260,Bill Payment,05/28/2026,V-1155,Pacific Fleet Fuel,ACH,974168404136346,USD,"4,113.37",1.0000,"4,113.37",B-20935,"4,113.37",0.00
PAY-D-8261,Bill Payment,05/28/2026,V-1173,Nisqually Salmon Co.,CHECK,40410,USD,"3,842.73",1.0000,"3,842.73",B-21503,"3,842.73",0.00
PAY-D-8262,Bill Payment,05/28/2026,V-1200,Yamhill Charcuterie,CHECK,40411,USD,"9,935.59",1.0000,"9,935.59",B-21184,"9,935.59",0.00
PAY-D-8263,Bill Payment,05/28/2026,V-1204,Northwest Reefer Transport,ACH,480592411165001,USD,"3,153.35",1.0000,"3,153.35",B-21474,"3,153.35",0.00
PAY-D-8264,Bill Payment,05/28/2026,V-1205,Methow Valley Apples,ACH,600191315285872,USD,"4,226.91",1.0000,"4,226.91",B-20603,"4,226.91",0.00
PAY-D-8265,Bill Payment,05/28/2026,V-1209,Sound Cartage Co.,ACH,008024545295180,USD,"1,267.08",1.0000,"1,267.08",B-20070,"1,267.08",0.00
PAY-D-8266,Bill Payment,05/28/2026,V-1211,Portland General Utilities,ACH,086212502070453,USD,"1,368.12",1.0000,"1,368.12",B-21530,"1,368.12",0.00
PAY-D-8267,Bill Payment,05/28/2026,V-1220,Treasure Valley Trucking,ACH,136683254244356,USD,"1,732.00",1.0000,"1,732.00",B-20301,"1,732.00",0.00
PAY-D-8268,Bill Payment,05/28/2026,V-1226,Skagit Valley Grains,CHECK,40412,USD,"13,350.88",1.0000,"13,350.88",B-20069,"13,350.88",0.00
PAY-D-8269,Bill Payment,05/28/2026,V-1227,Blue Mountain Carriers,CHECK,40413,USD,"3,127.02",1.0000,"3,127.02",B-21500,"3,127.02",0.00
PAY-D-8270,Bill Payment,05/28/2026,V-1233,Lummi Bay Seafood,ACH,732778682156043,USD,"9,415.75",1.0000,"9,415.75",B-20166,"9,415.75",0.00
PAY-D-8271,Bill Payment,05/28/2026,V-1239,Newberg Nut Growers,ACH,046377466766373,USD,"7,966.20",1.0000,"7,966.20",B-20658,"7,966.20",0.00
PAY-D-8272,Bill Payment,05/28/2026,V-1251,Payette Valley Beef,ACH,447698134902313,USD,"14,424.44",1.0000,"14,424.44",B-21521,"14,424.44",0.00
PAY-D-8273,Bill Payment,05/28/2026,V-1252,Snake River Trout Farms,ACH,783202093101985,USD,"10,490.86",1.0000,"10,490.86",B-21445,"10,490.86",0.00
PAY-D-8274,Bill Payment,05/28/2026,V-1255,Coquille Dairy Cooperative,ACH,913517571871153,USD,"4,864.59",1.0000,"4,864.59",B-20108,"4,864.59",0.00
PAY-D-8275,Bill Payment,05/28/2026,V-1261,Columbia Basin Water District,ACH,063654357618891,USD,506.02,1.0000,506.02,B-20679,506.02,0.00
PAY-D-8276,Bill Payment,05/28/2026,V-1266,Silvies River Lamb,CHECK,40414,USD,"12,809.97",1.0000,"12,809.97",B-21444,"12,809.97",0.00
PAY-D-8277,Bill Payment,05/28/2026,V-1270,Santiam Canning Co.,CHECK,40415,USD,"14,537.59",1.0000,"14,537.59",B-20587,"14,537.59",0.00
PAY-D-8278,Bill Payment,05/28/2026,V-1274,Olympic Peninsula Mushrooms,CHECK,40416,USD,"10,672.22",1.0000,"10,672.22",B-20693,"10,672.22",0.00
PAY-D-8279,Bill Payment,05/28/2026,V-1279,Willamette Valley Creamery,ACH,853126825850833,USD,"5,709.07",1.0000,"5,709.07",B-21550,"5,709.07",0.00
PAY-D-8280,Bill Payment,05/28/2026,V-1281,Boardman Tree Fruit,ACH,614169960800882,USD,"11,199.12",1.0000,"11,199.12",B-20915,"11,199.12",0.00
PAY-D-8281,Bill Payment,05/28/2026,V-1288,Wallowa Grass-Fed Beef,ACH,691870805243502,USD,"9,252.75",1.0000,"9,252.75",B-20169,"9,252.75",0.00
PAY-D-8282,Bill Payment,05/28/2026,V-1291,Palouse Lentil Growers,ACH,773151071935021,USD,"7,406.71",1.0000,"7,406.71",B-20420,"7,406.71",0.00
PAY-D-8283,Bill Payment,05/28/2026,V-1292,Hermiston Melon Farms,ACH,714232646763690,USD,"12,580.23",1.0000,"12,580.23",B-20963,"12,580.23",0.00
PAY-D-8284,Bill Payment,05/28/2026,V-1294,Umpqua Oat Mill,ACH,821687488422906,USD,"11,645.56",1.0000,"11,645.56",B-20638,"11,645.56",0.00
PAY-D-8285,Bill Payment,05/28/2026,V-1299,Evergreen Box & Film,ACH,649334110433144,USD,"1,636.61",1.0000,"1,636.61",B-20136,"1,636.61",0.00
PAY-D-8286,Bill Payment,06/01/2026,V-1072,Gowen Field Commerce Park,ACH,450954997655381,USD,"4,875.00",1.0000,"4,875.00",B-20184,"4,875.00",0.00
PAY-D-8287,Bill Payment,06/01/2026,V-1167,Lombard Street Properties LLC,ACH,546848730809585,USD,"8,500.00",1.0000,"8,500.00",B-21560,"8,500.00",0.00
PAY-D-8288,Bill Payment,06/01/2026,V-1181,Duwamish Industrial Partners,ACH,177882785815930,USD,"6,420.00",1.0000,"6,420.00",B-20375,"6,420.00",0.00
PAY-D-8289,Bill Payment,06/04/2026,V-1011,Klamath Basin Potato Co.,CHECK,40417,USD,"7,526.91",1.0000,"7,526.91",B-21181,"7,526.91",0.00
PAY-D-8290,Bill Payment,06/04/2026,V-1015,Deschutes Brewing Supply Co-op,ACH,910560310779791,USD,"15,728.50",1.0000,"15,728.50",B-21010,"15,728.50",0.00
PAY-D-8291,Bill Payment,06/04/2026,V-1020,Cascade Coldchain Logistics,CHECK,40418,USD,"4,545.26",1.0000,"4,545.26",B-21282,"4,545.26",0.00
PAY-D-8292,Bill Payment,06/04/2026,V-1023,Clearwater Creamery,ACH,286776555000035,USD,"12,479.87",1.0000,"12,479.87",B-20957,"12,479.87",0.00
PAY-D-8293,Bill Payment,06/04/2026,V-1031,Tualatin Hazelnut Co.,CHECK,40419,USD,"6,151.49",1.0000,"6,151.49",B-21131,"6,151.49",0.00
PAY-D-8294,Bill Payment,06/04/2026,V-1042,Pacific Coast Packaging LLC,ACH,539504438725805,USD,"8,501.69",1.0000,"8,501.69",B-20930,"8,501.69",0.00
PAY-D-8295,Bill Payment,06/04/2026,V-1055,Wenatchee Pear Packers,CHECK,40420,USD,"10,471.35",1.0000,"10,471.35",B-21368,"10,471.35",0.00
PAY-D-8296,Bill Payment,06/04/2026,V-1058,Ridgeline Express,ACH,797440230449822,USD,"1,897.71",1.0000,"1,897.71",B-21193,"1,897.71",0.00
PAY-D-8297,Bill Payment,06/04/2026,V-1074,Scappoose Organic Farms,CHECK,40421,USD,"9,380.31",1.0000,"9,380.31",B-20376,"9,380.31",0.00
PAY-D-8298,Bill Payment,06/04/2026,V-1077,Puget Sound Shellfish Co.,ACH,852520107740513,USD,"10,063.50",1.0000,"10,063.50",B-20920,"10,063.50",0.00
PAY-D-8299,Bill Payment,06/04/2026,V-1080,Mt. Hood Berry Farm,ACH,861752881414958,USD,"15,468.09",1.0000,"15,468.09",B-20325,"15,468.09",0.00
PAY-D-8300,Bill Payment,06/04/2026,V-1119,Cowlitz Creek Farms,ACH,961617910590348,USD,"15,046.29",1.0000,"15,046.29",B-21566,"15,046.29",0.00
PAY-D-8301,Bill Payment,06/04/2026,V-1120,Columbia River Freightways,ACH,156886913547766,USD,"3,160.71",1.0000,"3,160.71",B-21316,"3,160.71",0.00
PAY-D-8302,Bill Payment,06/04/2026,V-1127,Nooksack Berry Growers,ACH,743955909047640,USD,"22,363.51",1.0000,"22,363.51",B-20731,"12,676.74",0.00
PAY-D-8302,Bill Payment,06/04/2026,V-1127,Nooksack Berry Growers,ACH,743955909047640,USD,"22,363.51",1.0000,"22,363.51",B-20084,"9,686.77",
PAY-D-8303,Bill Payment,06/04/2026,V-1142,Umatilla Specialty Produce,CHECK,40422,USD,"13,024.84",1.0000,"13,024.84",B-21382,"13,024.84",0.00
PAY-D-8304,Bill Payment,06/04/2026,V-1147,Oregon Coast Seafood Traders,CHECK,40423,USD,"26,060.37",1.0000,"26,060.37",B-20102,"12,539.81",0.00
PAY-D-8304,Bill Payment,06/04/2026,V-1147,Oregon Coast Seafood Traders,CHECK,40423,USD,"26,060.37",1.0000,"26,060.37",B-20294,"13,520.56",
PAY-D-8305,Bill Payment,06/04/2026,V-1151,Walla Walla Onion Growers,ACH,216473694056103,USD,"4,673.76",1.0000,"4,673.76",B-20675,"4,673.76",0.00
PAY-D-8306,Bill Payment,06/04/2026,V-1155,Pacific Fleet Fuel,ACH,623936829487920,USD,"4,537.45",1.0000,"4,537.45",B-21453,"4,537.45",0.00
PAY-D-8307,Bill Payment,06/04/2026,V-1161,Salem Pallet Recyclers,ACH,938051080065724,USD,902.23,1.0000,902.23,B-21063,902.23,0.00
PAY-D-8308,Bill Payment,06/04/2026,V-1166,Crown Linen & Uniform,ACH,102691043871216,USD,573.08,1.0000,573.08,B-21360,573.08,0.00
PAY-D-8309,Bill Payment,06/04/2026,V-1185,Mill Creek Temp Controls,ACH,107271377094048,USD,"1,530.31",1.0000,"1,530.31",B-20908,"1,530.31",0.00
PAY-D-8310,Bill Payment,06/04/2026,V-1193,Chehalis Valley Eggs,ACH,719431500568399,USD,"5,000.91",1.0000,"5,000.91",B-20239,"5,000.91",0.00
PAY-D-8311,Bill Payment,06/04/2026,V-1198,Emerald City Cold Storage,ACH,378122032985553,USD,"3,889.37",1.0000,"3,889.37",B-20164,"3,889.37",0.00
PAY-D-8312,Bill Payment,06/04/2026,V-1204,Northwest Reefer Transport,ACH,543380451767801,USD,"1,584.11",1.0000,"1,584.11",B-20059,"1,584.11",0.00
PAY-D-8313,Bill Payment,06/04/2026,V-1205,Methow Valley Apples,ACH,964786550782052,USD,"12,875.57",1.0000,"12,875.57",B-20979,"12,875.57",0.00
PAY-D-8314,Bill Payment,06/04/2026,V-1206,Pend Oreille Wild Rice,CHECK,40424,USD,"6,560.57",1.0000,"6,560.57",B-21454,"6,560.57",0.00
PAY-D-8315,Bill Payment,06/04/2026,V-1209,Sound Cartage Co.,ACH,343279324466912,USD,919.92,1.0000,919.92,B-21347,919.92,0.00
PAY-D-8316,Bill Payment,06/04/2026,V-1213,Pinnacle Payroll Services,ACH,164368245649394,USD,413.64,1.0000,413.64,B-20425,413.64,0.00
PAY-D-8317,Bill Payment,06/04/2026,V-1216,Chinook Smokehouse Co.,ACH,522163204425257,USD,"9,481.42",1.0000,"9,481.42",B-20433,"9,481.42",0.00
PAY-D-8318,Bill Payment,06/04/2026,V-1220,Treasure Valley Trucking,ACH,444115041869208,USD,"2,857.24",1.0000,"2,857.24",B-21528,"2,857.24",0.00
PAY-D-8319,Bill Payment,06/04/2026,V-1223,Malheur Onion Co.,CHECK,40425,USD,"9,164.22",1.0000,"9,164.22",B-20361,"9,164.22",0.00
PAY-D-8320,Bill Payment,06/04/2026,V-1224,Siuslaw Cranberry Growers,ACH,409406181272293,USD,"6,348.26",1.0000,"6,348.26",B-20725,"6,348.26",0.00
PAY-D-8321,Bill Payment,06/04/2026,V-1227,Blue Mountain Carriers,CHECK,40426,USD,"2,177.75",1.0000,"2,177.75",B-20637,"2,177.75",0.00
PAY-D-8322,Bill Payment,06/04/2026,V-1235,Bitterroot Bakehouse Supply,ACH,623757834558799,USD,"6,574.76",1.0000,"6,574.76",B-20864,"6,574.76",0.00
PAY-D-8323,Bill Payment,06/04/2026,V-1236,Kittitas Hay & Grain,CHECK,40427,USD,"10,975.92",1.0000,"10,975.92",B-20607,"10,975.92",0.00
PAY-D-8324,Bill Payment,06/04/2026,V-1237,McKenzie River Mills,ACH,043491562705969,USD,"24,238.62",1.0000,"24,238.62",B-20131,"14,210.96",0.00
PAY-D-8324,Bill Payment,06/04/2026,V-1237,McKenzie River Mills,ACH,043491562705969,USD,"24,238.62",1.0000,"24,238.62",B-21523,"10,027.66",
PAY-D-8325,Bill Payment,06/04/2026,V-1242,Teton Valley Trout,ACH,326516642041299,USD,"13,746.10",1.0000,"13,746.10",B-21234,"13,746.10",0.00
PAY-D-8326,Bill Payment,06/04/2026,V-1251,Payette Valley Beef,ACH,971183223697293,USD,"8,829.27",1.0000,"8,829.27",B-20783,"8,829.27",0.00
PAY-D-8327,Bill Payment,06/04/2026,V-1266,Silvies River Lamb,CHECK,40428,USD,"10,339.47",1.0000,"10,339.47",B-21209,"10,339.47",0.00
PAY-D-8328,Bill Payment,06/04/2026,V-1276,Critter Guard Pest Control,CHECK,40429,USD,353.44,1.0000,353.44,B-20708,353.44,0.00
PAY-D-8329,Bill Payment,06/04/2026,V-1280,Grande Ronde Poultry,CHECK,40430,USD,"10,935.64",1.0000,"10,935.64",B-20796,"10,935.64",0.00
PAY-D-8330,Bill Payment,06/04/2026,V-1284,Hood Canal Oyster Co.,ACH,197812573721211,USD,"5,331.16",1.0000,"5,331.16",B-21460,"5,331.16",0.00
PAY-D-8331,Bill Payment,06/04/2026,V-1289,Blue Heron Preserves,CHECK,40431,USD,"11,056.63",1.0000,"11,056.63",B-20241,"11,056.63",0.00
PAY-D-8332,Bill Payment,06/04/2026,V-1290,Columbia Gorge Orchards,ACH,311098304874419,USD,"13,388.69",1.0000,"13,388.69",B-20280,"13,388.69",0.00
PAY-D-8333,Bill Payment,06/04/2026,V-1291,Palouse Lentil Growers,ACH,327640466915417,USD,"11,289.60",1.0000,"11,289.60",B-21559,"11,289.60",0.00
PAY-D-8334,Bill Payment,06/11/2026,V-1003,Ridgewire Telecom,ACH,630068624740659,USD,"1,332.61",1.0000,"1,332.61",B-20412,"1,332.61",0.00
PAY-D-8335,Bill Payment,06/11/2026,V-1011,Klamath Basin Potato Co.,CHECK,40432,USD,"14,568.03",1.0000,"14,568.03",B-20492,"14,568.03",0.00
PAY-D-8336,Bill Payment,06/11/2026,V-1042,Pacific Coast Packaging LLC,ACH,625016234626331,USD,"8,821.86",1.0000,"8,821.86",B-20862,"8,821.86",0.00
PAY-D-8337,Bill Payment,06/11/2026,V-1045,Talent Bridge Staffing,ACH,415373173102022,USD,"4,630.25",1.0000,"4,630.25",B-21177,"4,630.25",0.00
PAY-D-8338,Bill Payment,06/11/2026,V-1058,Ridgeline Express,ACH,389750215047078,USD,"2,583.19",1.0000,"2,583.19",B-20878,"2,583.19",0.00
PAY-D-8339,Bill Payment,06/11/2026,V-1074,Scappoose Organic Farms,CHECK,40433,USD,"15,662.83",1.0000,"15,662.83",B-20742,"15,662.83",0.00
PAY-D-8340,Bill Payment,06/11/2026,V-1077,Puget Sound Shellfish Co.,ACH,627633910180006,USD,"14,771.99",1.0000,"14,771.99",B-20964,"14,771.99",0.00
PAY-D-8341,Bill Payment,06/11/2026,V-1124,Coos Bay Crab Co.,CHECK,40434,USD,"13,787.42",1.0000,"13,787.42",B-20980,"13,787.42",0.00
PAY-D-8342,Bill Payment,06/11/2026,V-1128,Yakima Hop & Herb,ACH,558431618546624,USD,"8,317.79",1.0000,"8,317.79",B-21049,"8,317.79",0.00
PAY-D-8343,Bill Payment,06/11/2026,V-1136,Hells Canyon Honey,CHECK,40435,USD,"7,313.68",1.0000,"7,313.68",B-21242,"7,313.68",0.00
PAY-D-8344,Bill Payment,06/11/2026,V-1155,Pacific Fleet Fuel,ACH,253583849748998,USD,"3,749.50",1.0000,"3,749.50",B-20157,"3,749.50",0.00
PAY-D-8345,Bill Payment,06/11/2026,V-1160,Hollis & Ward CPAs,CHECK,40436,USD,"9,047.07",1.0000,"9,047.07",B-20453,"9,047.07",0.00
PAY-D-8346,Bill Payment,06/11/2026,V-1161,Salem Pallet Recyclers,ACH,727054673041076,USD,495.56,1.0000,495.56,B-20585,495.56,0.00
PAY-D-8347,Bill Payment,06/11/2026,V-1173,Nisqually Salmon Co.,CHECK,40437,USD,"25,879.50",1.0000,"25,879.50",B-20310,"12,800.08",0.00
PAY-D-8347,Bill Payment,06/11/2026,V-1173,Nisqually Salmon Co.,CHECK,40437,USD,"25,879.50",1.0000,"25,879.50",B-21305,"13,079.42",
PAY-D-8348,Bill Payment,06/11/2026,V-1193,Chehalis Valley Eggs,ACH,635076505823135,USD,"5,845.44",1.0000,"5,845.44",B-21579,"5,845.44",0.00
PAY-D-8349,Bill Payment,06/11/2026,V-1197,Northgate IT Partners,ACH,148290936419867,USD,"2,346.30",1.0000,"2,346.30",B-20459,"2,346.30",0.00
PAY-D-8350,Bill Payment,06/11/2026,V-1200,Yamhill Charcuterie,CHECK,40438,USD,"14,005.76",1.0000,"14,005.76",B-21463,"14,005.76",0.00
PAY-D-8351,Bill Payment,06/11/2026,V-1206,Pend Oreille Wild Rice,CHECK,40439,USD,"9,118.15",1.0000,"9,118.15",B-21276,"9,118.15",0.00
PAY-D-8352,Bill Payment,06/11/2026,V-1220,Treasure Valley Trucking,ACH,808463722652163,USD,"2,540.74",1.0000,"2,540.74",B-20998,"2,540.74",0.00
PAY-D-8353,Bill Payment,06/11/2026,V-1226,Skagit Valley Grains,CHECK,40440,USD,"10,186.40",1.0000,"10,186.40",B-20735,"10,186.40",0.00
PAY-D-8354,Bill Payment,06/11/2026,V-1227,Blue Mountain Carriers,CHECK,40441,USD,"2,419.03",1.0000,"2,419.03",B-21108,"2,419.03",0.00
PAY-D-8355,Bill Payment,06/11/2026,V-1233,Lummi Bay Seafood,ACH,019934196720121,USD,"13,765.82",1.0000,"13,765.82",B-21419,"13,765.82",0.00
PAY-D-8356,Bill Payment,06/11/2026,V-1236,Kittitas Hay & Grain,CHECK,40442,USD,"12,565.98",1.0000,"12,565.98",B-21020,"12,565.98",0.00
PAY-D-8357,Bill Payment,06/11/2026,V-1237,McKenzie River Mills,ACH,484245717540666,USD,"10,320.01",1.0000,"10,320.01",B-21104,"10,320.01",0.00
PAY-D-8358,Bill Payment,06/11/2026,V-1239,Newberg Nut Growers,ACH,445411287531220,USD,"6,319.13",1.0000,"6,319.13",B-21279,"6,319.13",0.00
PAY-D-8359,Bill Payment,06/11/2026,V-1244,Portland Fleet Wash,ACH,325707120233140,USD,353.27,1.0000,353.27,B-20830,353.27,0.00
PAY-D-8360,Bill Payment,06/11/2026,V-1251,Payette Valley Beef,ACH,434594670399676,USD,"6,608.61",1.0000,"6,608.61",B-21448,"6,608.61",0.00
PAY-D-8361,Bill Payment,06/11/2026,V-1252,Snake River Trout Farms,ACH,099684562324446,USD,"6,969.39",1.0000,"6,969.39",B-21203,"6,969.39",0.00
PAY-D-8362,Bill Payment,06/11/2026,V-1255,Coquille Dairy Cooperative,ACH,995300841411288,USD,"4,635.42",1.0000,"4,635.42",B-21174,"4,635.42",0.00
PAY-D-8363,Bill Payment,06/11/2026,V-1270,Santiam Canning Co.,CHECK,40443,USD,"28,004.94",1.0000,"28,004.94",B-20776,"14,481.42",0.00
PAY-D-8363,Bill Payment,06/11/2026,V-1270,Santiam Canning Co.,CHECK,40443,USD,"28,004.94",1.0000,"28,004.94",B-21011,"13,523.52",
PAY-D-8364,Bill Payment,06/11/2026,V-1274,Olympic Peninsula Mushrooms,CHECK,40444,USD,"8,031.05",1.0000,"8,031.05",B-20062,"8,031.05",0.00
PAY-D-8365,Bill Payment,06/11/2026,V-1279,Willamette Valley Creamery,ACH,846388297964118,USD,"13,271.17",1.0000,"13,271.17",B-21573,"13,271.17",0.00
PAY-D-8366,Bill Payment,06/11/2026,V-1280,Grande Ronde Poultry,CHECK,40445,USD,"7,912.47",1.0000,"7,912.47",B-20938,"7,912.47",0.00
PAY-D-8367,Bill Payment,06/11/2026,V-1281,Boardman Tree Fruit,ACH,914045139259292,USD,"14,439.46",1.0000,"14,439.46",B-20489,"14,439.46",0.00
PAY-D-8368,Bill Payment,06/11/2026,V-1284,Hood Canal Oyster Co.,ACH,612692084776191,USD,"5,677.92",1.0000,"5,677.92",B-20865,"5,677.92",0.00
PAY-D-8369,Bill Payment,06/11/2026,V-1288,Wallowa Grass-Fed Beef,ACH,295866467339099,USD,"14,143.18",1.0000,"14,143.18",B-20379,"14,143.18",0.00
PAY-D-8370,Bill Payment,06/11/2026,V-1289,Blue Heron Preserves,CHECK,40446,USD,"11,450.66",1.0000,"11,450.66",B-21248,"11,450.66",0.00
PAY-D-8371,Bill Payment,06/11/2026,V-1290,Columbia Gorge Orchards,ACH,122922152720707,USD,"13,743.03",1.0000,"13,743.03",B-20508,"13,743.03",0.00
PAY-D-8372,Bill Payment,06/11/2026,V-1291,Palouse Lentil Growers,ACH,371208985123908,USD,"8,260.16",1.0000,"8,260.16",B-20639,"8,260.16",0.00
PAY-D-8373,Bill Payment,06/11/2026,V-1294,Umpqua Oat Mill,ACH,594734266470787,USD,"10,065.31",1.0000,"10,065.31",B-20183,"10,065.31",0.00
PAY-D-8374,Bill Payment,06/18/2026,V-1011,Klamath Basin Potato Co.,CHECK,40447,USD,"3,878.96",1.0000,"3,878.96",B-20564,"3,878.96",0.00
PAY-D-8375,Bill Payment,06/18/2026,V-1015,Deschutes Brewing Supply Co-op,ACH,507732452210964,USD,"6,681.20",1.0000,"6,681.20",B-20953,"6,681.20",0.00
PAY-D-8376,Bill Payment,06/18/2026,V-1020,Cascade Coldchain Logistics,CHECK,40448,USD,"4,698.25",1.0000,"4,698.25",B-20829,"4,698.25",0.00
PAY-D-8377,Bill Payment,06/18/2026,V-1023,Clearwater Creamery,ACH,604286905553496,USD,"7,953.64",1.0000,"7,953.64",B-21251,"7,953.64",0.00
PAY-D-8378,Bill Payment,06/18/2026,V-1031,Tualatin Hazelnut Co.,CHECK,40449,USD,"9,276.98",1.0000,"9,276.98",B-20750,"9,276.98",0.00
PAY-D-8379,Bill Payment,06/18/2026,V-1042,Pacific Coast Packaging LLC,ACH,713394504197182,USD,"6,806.53",1.0000,"6,806.53",B-21017,"6,806.53",0.00
PAY-D-8380,Bill Payment,06/18/2026,V-1051,Stumptown Office Supply,ACH,895667936133666,USD,834.41,1.0000,834.41,B-21217,834.41,0.00
PAY-D-8381,Bill Payment,06/18/2026,V-1055,Wenatchee Pear Packers,CHECK,40450,USD,"10,175.35",1.0000,"10,175.35",B-21280,"10,175.35",0.00
PAY-D-8382,Bill Payment,06/18/2026,V-1058,Ridgeline Express,ACH,658686827370967,USD,655.62,1.0000,655.62,B-20402,655.62,0.00
PAY-D-8383,Bill Payment,06/18/2026,V-1078,Rogue Valley Cheese Works,ACH,750356840789726,USD,"4,280.62",1.0000,"4,280.62",B-21057,"4,280.62",0.00
PAY-D-8384,Bill Payment,06/18/2026,V-1080,Mt. Hood Berry Farm,ACH,016943140416244,USD,"4,420.68",1.0000,"4,420.68",B-20051,"4,420.68",0.00
PAY-D-8385,Bill Payment,06/18/2026,V-1105,Everbright Electric Contractors,CHECK,40451,USD,"4,875.30",1.0000,"4,875.30",B-20380,"4,875.30",0.00
PAY-D-8386,Bill Payment,06/18/2026,V-1119,Cowlitz Creek Farms,ACH,444143832869268,USD,"5,901.59",1.0000,"5,901.59",B-20353,"5,901.59",0.00
PAY-D-8387,Bill Payment,06/18/2026,V-1120,Columbia River Freightways,ACH,561612313790963,USD,"2,808.04",1.0000,"2,808.04",B-21387,"2,808.04",0.00
PAY-D-8388,Bill Payment,06/18/2026,V-1127,Nooksack Berry Growers,ACH,832230418902662,USD,"15,082.37",1.0000,"15,082.37",B-21417,"15,082.37",0.00
PAY-D-8389,Bill Payment,06/18/2026,V-1128,Yakima Hop & Herb,ACH,197297902931747,USD,"4,130.56",1.0000,"4,130.56",B-21264,"4,130.56",0.00
PAY-D-8390,Bill Payment,06/18/2026,V-1142,Umatilla Specialty Produce,CHECK,40452,USD,"7,262.05",1.0000,"7,262.05",B-21336,"7,262.05",0.00
PAY-D-8391,Bill Payment,06/18/2026,V-1147,Oregon Coast Seafood Traders,CHECK,40453,USD,"6,209.08",1.0000,"6,209.08",B-21517,"6,209.08",0.00
PAY-D-8392,Bill Payment,06/18/2026,V-1151,Walla Walla Onion Growers,ACH,823453535885577,USD,"4,607.32",1.0000,"4,607.32",B-20847,"4,607.32",0.00
PAY-D-8393,Bill Payment,06/18/2026,V-1155,Pacific Fleet Fuel,ACH,541603386747132,USD,"3,525.30",1.0000,"3,525.30",B-21071,"3,525.30",0.00
PAY-D-8394,Bill Payment,06/18/2026,V-1166,Crown Linen & Uniform,ACH,508196417497090,USD,457.67,1.0000,457.67,B-20095,457.67,0.00
PAY-D-8395,Bill Payment,06/18/2026,V-1200,Yamhill Charcuterie,CHECK,40454,USD,"4,292.71",1.0000,"4,292.71",B-21236,"4,292.71",0.00
PAY-D-8396,Bill Payment,06/18/2026,V-1204,Northwest Reefer Transport,ACH,374368678430789,USD,"3,146.91",1.0000,"3,146.91",B-21451,"3,146.91",0.00
PAY-D-8397,Bill Payment,06/18/2026,V-1205,Methow Valley Apples,ACH,109615495989130,USD,"10,894.12",1.0000,"10,894.12",B-21351,"10,894.12",0.00
PAY-D-8398,Bill Payment,06/18/2026,V-1206,Pend Oreille Wild Rice,CHECK,40455,USD,"13,301.61",1.0000,"13,301.61",B-21485,"13,301.61",0.00
PAY-D-8399,Bill Payment,06/18/2026,V-1209,Sound Cartage Co.,ACH,040215140340558,USD,"1,019.45",1.0000,"1,019.45",B-20478,"1,019.45",0.00
PAY-D-8400,Bill Payment,06/18/2026,V-1216,Chinook Smokehouse Co.,ACH,217615703840321,USD,"8,544.26",1.0000,"8,544.26",B-21149,"8,544.26",0.00
PAY-D-8401,Bill Payment,06/18/2026,V-1223,Malheur Onion Co.,CHECK,40456,USD,"6,223.32",1.0000,"6,223.32",B-20065,"6,223.32",0.00
PAY-D-8402,Bill Payment,06/18/2026,V-1224,Siuslaw Cranberry Growers,ACH,001886673016533,USD,"11,089.87",1.0000,"11,089.87",B-20806,"11,089.87",0.00
PAY-D-8403,Bill Payment,06/18/2026,V-1226,Skagit Valley Grains,CHECK,40457,USD,"7,439.74",1.0000,"7,439.74",B-21383,"7,439.74",0.00
PAY-D-8404,Bill Payment,06/18/2026,V-1227,Blue Mountain Carriers,CHECK,40458,USD,"2,949.89",1.0000,"2,949.89",B-21442,"2,949.89",0.00
PAY-D-8405,Bill Payment,06/18/2026,V-1235,Bitterroot Bakehouse Supply,ACH,207079253803456,USD,"8,659.68",1.0000,"8,659.68",B-21171,"8,659.68",0.00
PAY-D-8406,Bill Payment,06/18/2026,V-1239,Newberg Nut Growers,ACH,435716820702821,USD,"7,708.43",1.0000,"7,708.43",B-20463,"7,708.43",0.00
PAY-D-8407,Bill Payment,06/18/2026,V-1242,Teton Valley Trout,ACH,725627981172738,USD,"15,999.45",1.0000,"15,999.45",B-20545,"7,097.78",0.00
PAY-D-8407,Bill Payment,06/18/2026,V-1242,Teton Valley Trout,ACH,725627981172738,USD,"15,999.45",1.0000,"15,999.45",B-20769,"8,901.67",
PAY-D-8408,Bill Payment,06/18/2026,V-1251,Payette Valley Beef,ACH,720294652136218,USD,"7,860.69",1.0000,"7,860.69",B-20200,"7,860.69",0.00
PAY-D-8409,Bill Payment,06/18/2026,V-1252,Snake River Trout Farms,ACH,387613681161855,USD,"11,477.72",1.0000,"11,477.72",B-20341,"11,477.72",0.00
PAY-D-8410,Bill Payment,06/18/2026,V-1263,Summit Refrigeration Services,CHECK,40459,USD,"7,744.55",1.0000,"7,744.55",B-20645,"7,744.55",0.00
PAY-D-8411,Bill Payment,06/18/2026,V-1265,Coastline Shredding,ACH,336768116649243,USD,198.42,1.0000,198.42,B-21543,198.42,0.00
PAY-D-8412,Bill Payment,06/18/2026,V-1266,Silvies River Lamb,CHECK,40460,USD,"4,623.08",1.0000,"4,623.08",B-21161,"4,623.08",0.00
PAY-D-8413,Bill Payment,06/18/2026,V-1277,Metro Waste Haulers,ACH,136078028107292,USD,674.53,1.0000,674.53,B-20723,674.53,0.00
PAY-D-8414,Bill Payment,06/18/2026,V-1281,Boardman Tree Fruit,ACH,428980271609298,USD,"14,033.39",1.0000,"14,033.39",B-21101,"14,033.39",0.00
PAY-D-8415,Bill Payment,06/18/2026,V-1288,Wallowa Grass-Fed Beef,ACH,022002976488789,USD,"12,767.15",1.0000,"12,767.15",B-20302,"12,767.15",0.00
PAY-D-8416,Bill Payment,06/18/2026,V-1289,Blue Heron Preserves,CHECK,40461,USD,"3,910.79",1.0000,"3,910.79",B-20779,"3,910.79",0.00
PAY-D-8417,Bill Payment,06/18/2026,V-1292,Hermiston Melon Farms,ACH,977154879512019,USD,"5,994.48",1.0000,"5,994.48",B-20893,"5,994.48",0.00
PAY-D-8418,Bill Payment,06/25/2026,V-1015,Deschutes Brewing Supply Co-op,ACH,014273774516887,USD,"6,966.26",1.0000,"6,966.26",B-20780,"6,966.26",0.00
PAY-D-8419,Bill Payment,06/25/2026,V-1020,Cascade Coldchain Logistics,CHECK,40462,USD,"4,258.07",1.0000,"4,258.07",B-20113,"4,258.07",0.00
PAY-D-8420,Bill Payment,06/25/2026,V-1023,Clearwater Creamery,ACH,108489857572206,USD,"16,456.84",1.0000,"16,456.84",B-21141,"6,359.90",0.00
PAY-D-8420,Bill Payment,06/25/2026,V-1023,Clearwater Creamery,ACH,108489857572206,USD,"16,456.84",1.0000,"16,456.84",B-21212,"10,096.94",
PAY-D-8421,Bill Payment,06/25/2026,V-1031,Tualatin Hazelnut Co.,CHECK,40463,USD,"4,485.06",1.0000,"4,485.06",B-20667,"4,485.06",0.00
PAY-D-8422,Bill Payment,06/25/2026,V-1042,Pacific Coast Packaging LLC,ACH,298192191427810,USD,"5,761.60",1.0000,"5,761.60",B-20732,"5,761.60",0.00
PAY-D-8423,Bill Payment,06/25/2026,V-1066,Willamette Sanitation Supply,ACH,534307990505599,USD,965.74,1.0000,965.74,B-21447,965.74,0.00
PAY-D-8424,Bill Payment,06/25/2026,V-1077,Puget Sound Shellfish Co.,ACH,633785237232893,USD,"14,540.07",1.0000,"14,540.07",B-20180,"14,540.07",0.00
PAY-D-8425,Bill Payment,06/25/2026,V-1078,Rogue Valley Cheese Works,ACH,470732976997818,USD,"4,616.74",1.0000,"4,616.74",B-21472,"4,616.74",0.00
PAY-D-8426,Bill Payment,06/25/2026,V-1080,Mt. Hood Berry Farm,ACH,468881042170905,USD,"12,129.35",1.0000,"12,129.35",B-20737,"12,129.35",0.00
PAY-D-8427,Bill Payment,06/25/2026,V-1120,Columbia River Freightways,ACH,692647985747895,USD,"3,921.37",1.0000,"3,921.37",B-20227,"3,921.37",0.00
PAY-D-8428,Bill Payment,06/25/2026,V-1124,Coos Bay Crab Co.,CHECK,40464,USD,"15,350.08",1.0000,"15,350.08",B-20906,"15,350.08",0.00
PAY-D-8429,Bill Payment,06/25/2026,V-1127,Nooksack Berry Growers,ACH,317019015085708,USD,"10,888.78",1.0000,"10,888.78",B-20167,"10,888.78",0.00
PAY-D-8430,Bill Payment,06/25/2026,V-1128,Yakima Hop & Herb,ACH,010230895025829,USD,"11,221.10",1.0000,"11,221.10",B-20320,"11,221.10",0.00
PAY-D-8431,Bill Payment,06/25/2026,V-1136,Hells Canyon Honey,CHECK,40465,USD,"15,356.82",1.0000,"15,356.82",B-21479,"15,356.82",0.00
PAY-D-8432,Bill Payment,06/25/2026,V-1142,Umatilla Specialty Produce,CHECK,40466,USD,"9,116.48",1.0000,"9,116.48",B-21376,"9,116.48",0.00
PAY-D-8433,Bill Payment,06/25/2026,V-1147,Oregon Coast Seafood Traders,CHECK,40467,USD,"7,701.83",1.0000,"7,701.83",B-20877,"7,701.83",0.00
PAY-D-8434,Bill Payment,06/25/2026,V-1151,Walla Walla Onion Growers,ACH,585408035075104,USD,"4,394.54",1.0000,"4,394.54",B-21125,"4,394.54",0.00
PAY-D-8435,Bill Payment,06/25/2026,V-1155,Pacific Fleet Fuel,ACH,267671591893427,USD,"2,079.69",1.0000,"2,079.69",B-20643,"2,079.69",0.00
PAY-D-8436,Bill Payment,06/25/2026,V-1173,Nisqually Salmon Co.,CHECK,40468,USD,"7,216.29",1.0000,"7,216.29",B-21450,"7,216.29",0.00
PAY-D-8437,Bill Payment,06/25/2026,V-1180,Beaverton Forklift Leasing,ACH,879704217523689,USD,"2,313.60",1.0000,"2,313.60",B-20649,"2,313.60",0.00
PAY-D-8438,Bill Payment,06/25/2026,V-1193,Chehalis Valley Eggs,ACH,916394959644192,USD,"10,317.16",1.0000,"10,317.16",B-20975,"10,317.16",0.00
PAY-D-8439,Bill Payment,06/25/2026,V-1204,Northwest Reefer Transport,ACH,067847786521558,USD,"4,397.12",1.0000,"4,397.12",B-20042,"1,485.75",0.00
PAY-D-8439,Bill Payment,06/25/2026,V-1204,Northwest Reefer Transport,ACH,067847786521558,USD,"4,397.12",1.0000,"4,397.12",B-20377,"2,911.37",
PAY-D-8440,Bill Payment,06/25/2026,V-1209,Sound Cartage Co.,ACH,004244573322663,USD,"2,488.35",1.0000,"2,488.35",B-21094,"2,488.35",0.00
PAY-D-8441,Bill Payment,06/25/2026,V-1220,Treasure Valley Trucking,ACH,760605029062365,USD,"4,761.07",1.0000,"4,761.07",B-20763,"3,299.45",0.00
PAY-D-8441,Bill Payment,06/25/2026,V-1220,Treasure Valley Trucking,ACH,760605029062365,USD,"4,761.07",1.0000,"4,761.07",B-21375,"1,461.62",
PAY-D-8442,Bill Payment,06/25/2026,V-1224,Siuslaw Cranberry Growers,ACH,323511302289470,USD,"7,876.22",1.0000,"7,876.22",B-20628,"7,876.22",0.00
PAY-D-8443,Bill Payment,06/25/2026,V-1226,Skagit Valley Grains,CHECK,40469,USD,"7,718.05",1.0000,"7,718.05",B-20058,"7,718.05",0.00
PAY-D-8444,Bill Payment,06/25/2026,V-1227,Blue Mountain Carriers,CHECK,40470,USD,"2,860.08",1.0000,"2,860.08",B-21102,"2,860.08",0.00
PAY-D-8445,Bill Payment,06/25/2026,V-1231,Evergreen Mutual Insurance,CHECK,40471,USD,"8,044.43",1.0000,"8,044.43",B-21406,"8,044.43",0.00
PAY-D-8446,Bill Payment,06/25/2026,V-1235,Bitterroot Bakehouse Supply,ACH,130631330928008,USD,"10,145.21",1.0000,"10,145.21",B-21370,"10,145.21",0.00
PAY-D-8447,Bill Payment,06/25/2026,V-1236,Kittitas Hay & Grain,CHECK,40472,USD,"6,564.12",1.0000,"6,564.12",B-20258,"6,564.12",0.00
PAY-D-8448,Bill Payment,06/25/2026,V-1237,McKenzie River Mills,ACH,541477131511189,USD,"8,285.87",1.0000,"8,285.87",B-21481,"8,285.87",0.00
PAY-D-8449,Bill Payment,06/25/2026,V-1239,Newberg Nut Growers,ACH,410674909411951,USD,"6,721.11",1.0000,"6,721.11",B-20814,"6,721.11",0.00
PAY-D-8450,Bill Payment,06/25/2026,V-1251,Payette Valley Beef,ACH,854315293756372,USD,"6,237.04",1.0000,"6,237.04",B-21518,"6,237.04",0.00
PAY-D-8451,Bill Payment,06/25/2026,V-1255,Coquille Dairy Cooperative,ACH,077194499603898,USD,"25,946.48",1.0000,"25,946.48",B-21133,"11,398.96",0.00
PAY-D-8451,Bill Payment,06/25/2026,V-1255,Coquille Dairy Cooperative,ACH,077194499603898,USD,"25,946.48",1.0000,"25,946.48",B-21268,"14,547.52",
PAY-D-8452,Bill Payment,06/25/2026,V-1261,Columbia Basin Water District,ACH,894467632714411,USD,567.63,1.0000,567.63,B-21295,567.63,0.00
PAY-D-8453,Bill Payment,06/25/2026,V-1266,Silvies River Lamb,CHECK,40473,USD,"6,236.83",1.0000,"6,236.83",B-20414,"6,236.83",0.00
PAY-D-8454,Bill Payment,06/25/2026,V-1270,Santiam Canning Co.,CHECK,40474,USD,"4,274.24",1.0000,"4,274.24",B-20969,"4,274.24",0.00
PAY-D-8455,Bill Payment,06/25/2026,V-1274,Olympic Peninsula Mushrooms,CHECK,40475,USD,"14,533.50",1.0000,"14,533.50",B-20021,"14,533.50",0.00
PAY-D-8456,Bill Payment,06/25/2026,V-1279,Willamette Valley Creamery,ACH,601423646422650,USD,"11,070.23",1.0000,"11,070.23",B-20987,"11,070.23",0.00
PAY-D-8457,Bill Payment,06/25/2026,V-1280,Grande Ronde Poultry,CHECK,40476,USD,"5,629.44",1.0000,"5,629.44",B-20612,"5,629.44",0.00
PAY-D-8458,Bill Payment,06/25/2026,V-1284,Hood Canal Oyster Co.,ACH,067538680726736,USD,"5,314.56",1.0000,"5,314.56",B-20991,"5,314.56",0.00
PAY-D-8459,Bill Payment,06/25/2026,V-1290,Columbia Gorge Orchards,ACH,002493116685737,USD,"20,716.38",1.0000,"20,716.38",B-21362,"9,683.33",0.00
PAY-D-8459,Bill Payment,06/25/2026,V-1290,Columbia Gorge Orchards,ACH,002493116685737,USD,"20,716.38",1.0000,"20,716.38",B-20626,"11,033.05",
PAY-D-8460,Bill Payment,06/25/2026,V-1291,Palouse Lentil Growers,ACH,212442092863210,USD,"8,950.14",1.0000,"8,950.14",B-20104,"8,950.14",0.00
PAY-D-8461,Bill Payment,06/25/2026,V-1292,Hermiston Melon Farms,ACH,717337949841344,USD,"5,753.31",1.0000,"5,753.31",B-20490,"5,753.31",0.00
PAY-D-8462,Bill Payment,06/25/2026,V-1294,Umpqua Oat Mill,ACH,855784009470522,USD,"8,006.23",1.0000,"8,006.23",B-20278,"8,006.23",0.00
PAY-D-8463,Bill Payment,06/25/2026,V-1299,Evergreen Box & Film,ACH,619895815318385,USD,"3,313.95",1.0000,"3,313.95",B-21267,"3,313.95",0.00
PAY-D-8464,Bill Payment,06/29/2026,V-1279,Willamette Valley Creamery,CHECK,40477,USD,"7,412.30",1.0000,"7,412.30",B-20820,"7,412.30",0.00
PAY-D-8465,Bill Payment,06/29/2026,V-1290,Columbia Gorge Orchards,CHECK,40478,USD,"6,238.95",1.0000,"6,238.95",B-20415,"6,238.95",0.00
PAY-D-8466,Bill Payment,06/30/2026,V-1020,Cascade Coldchain Logistics,CHECK,40479,USD,"4,934.50",1.0000,"4,934.50",B-21288,"4,934.50",0.00
PMT-31226,Receipt,01/01/2026,C-0069,Riverbend Natural Grocers,ACH,555626004701223,USD,"23,670.49",1.0000,"23,670.49",INV-9866,"23,670.49",0.00
PMT-31227,Receipt,01/01/2026,C-0183,Madrona Food Co-op,ACH,754938288088095,USD,"13,392.73",1.0000,"13,392.73",INV-9871,"13,392.73",0.00
PMT-31228,Receipt,01/01/2026,C-0186,Hawthorne Fresh Market,ACH,177278687227208,USD,"25,894.56",1.0000,"25,894.56",INV-9856,"25,894.56",0.00
PMT-31229,Receipt,01/01/2026,C-0420,Nehalem Bay Grocers,CHECK,6555,USD,"23,550.64",1.0000,"23,550.64",INV-9877,"23,550.64",0.00
PMT-31230,Receipt,01/01/2026,C-0423,Salt Marsh Kitchen,ACH,925916204380109,USD,"3,860.75",1.0000,"3,860.75",INV-9920,"3,860.75",0.00
PMT-31231,Receipt,01/02/2026,C-0087,Inkwell Supper Club,CHECK,2462,USD,799.94,1.0000,799.94,INV-9909,799.94,0.00
PMT-31232,Receipt,01/02/2026,C-0136,Redtail Brasserie,CHECK,2065,USD,"3,834.56",1.0000,"3,834.56",INV-9902,"3,834.56",0.00
PMT-31233,Receipt,01/02/2026,C-0264,Vale Brasserie,ACH,542715099735311,USD,"2,721.80",1.0000,"2,721.80",INV-9963,"2,721.80",0.00
PMT-31234,Receipt,01/02/2026,C-0308,Northstar Deli,ACH,122133955071996,USD,"3,934.01",1.0000,"3,934.01",INV-9908,"3,934.01",0.00
PMT-31235,Receipt,01/05/2026,C-0088,Palouse Provisions,CHECK,9448,USD,"16,317.07",1.0000,"16,317.07",INV-9853,"16,317.07",0.00
PMT-31236,Receipt,01/05/2026,C-0120,Saltbox Kitchen,CHECK,66,USD,"2,858.18",1.0000,"2,858.18",INV-9967,"2,858.18",0.00
PMT-31237,Receipt,01/05/2026,C-0193,Quinault Country Store,CHECK,847,USD,"26,756.65",1.0000,"26,756.65",INV-9875,"26,756.65",0.00
PMT-31238,Receipt,01/05/2026,C-0198,GREEN VALLEY COOP #2,CHECK,8226,USD,"27,326.69",1.0000,"27,326.69",INV-9882,"27,326.69",0.00
PMT-31239,Receipt,01/05/2026,C-0216,Arbor Kitchen,CHECK,1198,USD,"1,007.32",1.0000,"1,007.32",INV-9979,"1,007.32",0.00
PMT-31240,Receipt,01/05/2026,C-0250,Nettle Cantina,ACH,423364336277336,USD,"2,448.21",1.0000,"2,448.21",INV-9892,"2,448.21",0.00
PMT-31241,Receipt,01/05/2026,C-0299,Orchard Bakery,CHECK,8847,USD,"1,220.39",1.0000,"1,220.39",INV-9947,"1,220.39",0.00
PMT-31242,Receipt,01/05/2026,C-0325,Cobalt Cafe,CHECK,5326,USD,"2,734.49",1.0000,"2,734.49",INV-9925,"2,734.49",0.00
PMT-31243,Receipt,01/05/2026,C-0337,Saffron Taproom,CHECK,4734,USD,"3,646.46",1.0000,"3,646.46",INV-9889,"3,646.46",0.00
PMT-31244,Receipt,01/05/2026,C-0340,Eastside Cafe,CHECK,9430,USD,809.95,1.0000,809.95,INV-9919,809.95,0.00
PMT-31245,Receipt,01/05/2026,C-0357,Mountain Grocers LLC,ACH,231727917349525,USD,"23,929.86",1.0000,"23,929.86",INV-9879,"23,929.86",0.00
PMT-31246,Receipt,01/05/2026,C-0366,Kettle Bistro,ACH,136945394687333,USD,"3,481.45",1.0000,"3,481.45",INV-9969,"3,481.45",0.00
PMT-31247,Receipt,01/05/2026,C-0399,Larch Mountain Mercantile,CHECK,2558,USD,"17,810.36",1.0000,"17,810.36",INV-9869,"17,810.36",0.00
PMT-31248,Receipt,01/05/2026,C-0404,Cairn Cafe,CHECK,4798,USD,"3,800.87",1.0000,"3,800.87",INV-9893,"3,800.87",0.00
PMT-31249,Receipt,01/05/2026,C-0412,Cedar & Salt Bistro,CHECK,7646,USD,"3,390.91",1.0000,"3,390.91",INV-9938,"3,390.91",0.00
PMT-31250,Receipt,01/06/2026,C-0027,Cascade Harvest Grocers,CHECK,3376,USD,"25,448.04",1.0000,"25,448.04",INV-9873,"25,448.04",0.00
PMT-31251,Receipt,01/06/2026,C-0121,Upland Kitchen,ACH,278598695624204,USD,"1,302.63",1.0000,"1,302.63",INV-9906,"1,302.63",0.00
PMT-31252,Receipt,01/06/2026,C-0282,Yarrow Deli,CHECK,9008,USD,"2,350.59",1.0000,"2,350.59",INV-9974,"2,350.59",0.00
PMT-31253,Receipt,01/06/2026,C-0348,Foxglove Market,ACH,168694778252442,USD,"26,178.70",1.0000,"26,178.70",INV-9864,"26,178.70",0.00
PMT-31254,Receipt,01/06/2026,C-0406,Wharf Cantina,CHECK,7998,USD,962.88,1.0000,962.88,INV-9926,962.88,0.00
PMT-31255,Receipt,01/07/2026,C-0033,Treasure Valley Market,CHECK,3708,USD,"20,348.26",1.0000,"20,348.26",INV-9891,"20,348.26",0.00
PMT-31256,Receipt,01/07/2026,C-0093,Heron Cafe,ACH,173373622366838,USD,"3,147.29",1.0000,"3,147.29",INV-9924,"3,147.29",0.00
PMT-31257,Receipt,01/07/2026,C-0100,Copperleaf Brasserie,ACH,987970167193563,USD,"2,611.00",1.0000,"2,611.00",INV-9918,"2,611.00",0.00
PMT-31258,Receipt,01/07/2026,C-0163,Elk Rock Provisions,ACH,942449614438401,USD,"18,467.16",1.0000,"18,467.16",INV-9874,"18,467.16",0.00
PMT-31259,Receipt,01/07/2026,C-0200,Ember Lane Grocers,CHECK,4958,USD,"19,621.81",1.0000,"19,621.81",INV-9886,"19,621.81",0.00
PMT-31260,Receipt,01/07/2026,C-0351,Yeoman Brasserie,CHECK,6786,USD,831.13,1.0000,831.13,INV-9915,831.13,0.00
PMT-31261,Receipt,01/07/2026,C-0362,Quince Noodle House,CHECK,2510,USD,"1,699.41",1.0000,"1,699.41",INV-9937,"1,699.41",0.00
PMT-31262,Receipt,01/07/2026,C-0381,Rookery Cafe,ACH,611634349648355,USD,"1,868.44",1.0000,"1,868.44",INV-9964,"1,868.44",0.00
PMT-31263,Receipt,01/07/2026,C-0401,Pinewood Kitchen,CHECK,4753,USD,"2,476.93",1.0000,"2,476.93",INV-9898,"2,476.93",0.00
PMT-31264,Receipt,01/08/2026,C-0014,Rivet Supper Club,CHECK,4382,USD,"2,851.99",1.0000,"2,851.99",INV-9912,"2,851.99",0.00
PMT-31265,Receipt,01/08/2026,C-0040,Parsnip Pizzeria,ACH,146074218655191,USD,"3,529.77",1.0000,"3,529.77",INV-9971,"3,529.77",0.00
PMT-31266,Receipt,01/08/2026,C-0064,Juniper Hill Foods,ACH,653038461301428,USD,"22,982.46",1.0000,"22,982.46",INV-9878,"22,982.46",0.00
PMT-31267,Receipt,01/08/2026,C-0076,Thimbleberry Eatery,CHECK,9363,USD,"3,227.86",1.0000,"3,227.86",INV-9927,"3,227.86",0.00
PMT-31268,Receipt,01/08/2026,C-0089,Kinfolk Pizzeria,ACH,827463473534964,USD,"1,118.19",1.0000,"1,118.19",INV-9917,"1,118.19",0.00
PMT-31269,Receipt,01/08/2026,C-0090,Zigzag Mountain Grocery,CHECK,2835,USD,"27,626.10",1.0000,"27,626.10",INV-9867,"27,626.10",0.00
PMT-31270,Receipt,01/08/2026,C-0147,Vashon Island Market,ACH,465220019609778,USD,"12,339.91",1.0000,"12,339.91",INV-9883,"12,339.91",0.00
PMT-31271,Receipt,01/08/2026,C-0177,Quarterdeck Tavern,CHECK,6923,USD,"2,525.93",1.0000,"2,525.93",INV-9968,"2,525.93",0.00
PMT-31272,Receipt,01/08/2026,C-0189,Ironclad Brasserie,ACH,350577588093218,USD,"3,271.05",1.0000,"3,271.05",INV-9949,"3,271.05",0.00
PMT-31273,Receipt,01/08/2026,C-0190,Magpie Tavern,CHECK,3901,USD,"2,224.26",1.0000,"2,224.26",INV-9897,"2,224.26",0.00
PMT-31274,Receipt,01/08/2026,C-0233,Rose City Market Hall,ACH,111721081599229,USD,"21,035.01",1.0000,"21,035.01",INV-9857,"21,035.01",0.00
PMT-31275,Receipt,01/08/2026,C-0365,Quarry Bistro,CHECK,7043,USD,"2,141.60",1.0000,"2,141.60",INV-9907,"2,141.60",0.00
PMT-31276,Receipt,01/08/2026,C-0414,Belmont Natural Foods,ACH,539348509689631,USD,"16,033.40",1.0000,"16,033.40",INV-9884,"16,033.40",0.00
PMT-31277,Receipt,01/09/2026,C-0012,Olallie Market,CHECK,6245,USD,"15,991.86",1.0000,"15,991.86",INV-9870,"15,991.86",0.00
PMT-31278,Receipt,01/09/2026,C-0247,Wren Noodle House,ACH,459111046389318,USD,"3,225.33",1.0000,"3,225.33",INV-9887,"3,225.33",0.00
PMT-31279,Receipt,01/09/2026,C-0330,Alder Street Market,ACH,787933537875024,USD,"21,180.62",1.0000,"21,180.62",INV-9858,"21,180.62",0.00
PMT-31280,Receipt,01/12/2026,C-0001,Meadowlark Bistro,CHECK,4639,USD,"1,814.84",1.0000,"1,814.84",INV-9986,"1,814.84",0.00
PMT-31281,Receipt,01/12/2026,C-0033,Treasure Valley Market,CHECK,6069,USD,"11,070.08",1.0000,"11,070.08",INV-9935,"11,070.08",0.00
PMT-31282,Receipt,01/12/2026,C-0037,Bellwether Tavern,ACH,549587378667929,USD,"1,361.95",1.0000,"1,361.95",INV-9948,"1,361.95",0.00
PMT-31283,Receipt,01/12/2026,C-0045,Bridgetown Pantry,CHECK,8164,USD,"17,381.87",1.0000,"17,381.87",INV-9885,"17,381.87",0.00
PMT-31284,Receipt,01/12/2026,C-0046,Yakima Orchard Market,ACH,381208384018368,USD,"21,368.66",1.0000,"21,368.66",INV-9861,"21,368.66",0.00
PMT-31285,Receipt,01/12/2026,C-0066,Keel Smokehouse,ACH,818266573613920,USD,"2,044.03",1.0000,"2,044.03",INV-9955,"2,044.03",0.00
PMT-31286,Receipt,01/12/2026,C-0075,Vesper Pizzeria,CHECK,3457,USD,"1,516.99",1.0000,"1,516.99",INV-9966,"1,516.99",0.00
PMT-31287,Receipt,01/12/2026,C-0096,Pioneer Square Provisions,ACH,896612227865674,USD,"22,257.49",1.0000,"22,257.49",INV-9862,"22,257.49",0.00
PMT-31288,Receipt,01/12/2026,C-0112,Loam Bakery,CHECK,8868,USD,"1,518.35",1.0000,"1,518.35",INV-10005,"1,518.35",0.00
PMT-31289,Receipt,01/12/2026,C-0115,Gull Eatery,ACH,460619124869921,USD,"3,461.44",1.0000,"3,461.44",INV-9905,"3,461.44",0.00
PMT-31290,Receipt,01/12/2026,C-0122,Owyhee Mercantile,ACH,704979175867927,USD,"12,011.91",1.0000,"12,011.91",INV-9860,"12,011.91",0.00
PMT-31291,Receipt,01/12/2026,C-0133,Sawtooth Natural Foods,ACH,631882560715361,USD,"15,415.38",1.0000,"15,415.38",INV-9854,"15,415.38",0.00
PMT-31292,Receipt,01/12/2026,C-0135,Vine Bistro,CHECK,4338,USD,"3,748.06",1.0000,"3,748.06",INV-9945,"3,748.06",0.00
PMT-31293,Receipt,01/12/2026,C-0146,Jetty Tavern,ACH,329317218107106,USD,"1,830.73",1.0000,"1,830.73",INV-9973,"1,830.73",0.00
PMT-31294,Receipt,01/12/2026,C-0156,Hollow Noodle House,ACH,374954926763582,USD,"1,922.99",1.0000,"1,922.99",INV-10006,"1,922.99",0.00
PMT-31295,Receipt,01/12/2026,C-0273,Coldwater Creek Market,CHECK,6521,USD,"12,652.18",1.0000,"12,652.18",INV-9855,"12,652.18",0.00
PMT-31296,Receipt,01/12/2026,C-0295,Zephyr Bakery,ACH,156633269317995,USD,"3,299.21",1.0000,"3,299.21",INV-9992,"3,299.21",0.00
PMT-31297,Receipt,01/12/2026,C-0305,Bittern Bistro,CHECK,2073,USD,"1,449.33",1.0000,"1,449.33",INV-9957,"1,449.33",0.00
PMT-31298,Receipt,01/12/2026,C-0306,Tillamook Road Grocery,CHECK,8611,USD,"24,680.05",1.0000,"24,680.05",INV-9881,"24,680.05",0.00
PMT-31299,Receipt,01/12/2026,C-0323,Waxwing Eatery,CHECK,6808,USD,"1,847.44",1.0000,"1,847.44",INV-9977,"1,847.44",0.00
PMT-31300,Receipt,01/12/2026,C-0328,Drumlin Bakery,CHECK,5858,USD,"2,300.54",1.0000,"2,300.54",INV-9981,"2,300.54",0.00
PMT-31301,Receipt,01/12/2026,C-0331,Ironwood Grocery,ACH,861155886719051,USD,"13,992.68",1.0000,"13,992.68",INV-9863,"13,992.68",0.00
PMT-31302,Receipt,01/12/2026,C-0335,Mountain Grocers Inc.,CHECK,2057,USD,"28,574.96",1.0000,"28,574.96",INV-9888,"28,574.96",0.00
PMT-31303,Receipt,01/12/2026,C-0379,Filbert & Oak Market,ACH,759578019523260,USD,"14,880.52",1.0000,"14,880.52",INV-9872,"14,880.52",0.00
PMT-31304,Receipt,01/12/2026,C-0389,Umpqua Valley Foods,ACH,124077986505364,USD,"19,779.29",1.0000,"19,779.29",INV-9865,"19,779.29",0.00
PMT-31305,Receipt,01/12/2026,C-0400,Salmonberry Market,CHECK,837,USD,"16,478.73",1.0000,"16,478.73",INV-9859,"16,478.73",0.00
PMT-31306,Receipt,01/12/2026,C-0403,Basalt Grill,ACH,429059870824876,USD,"3,292.47",1.0000,"3,292.47",INV-9958,"3,292.47",0.00
PMT-31307,Receipt,01/12/2026,C-0415,Kestrel Market Hall,ACH,461964576901672,USD,"11,895.59",1.0000,"11,895.59",INV-9876,"11,895.59",0.00
PMT-31308,Receipt,01/13/2026,C-0047,Gable Brasserie,ACH,829430648261701,USD,"2,609.75",1.0000,"2,609.75",INV-9936,"2,609.75",0.00
PMT-31309,Receipt,01/13/2026,C-0107,Green Valley Co-op,CHECK,5311,USD,"24,744.11",1.0000,"24,744.11",INV-9901,"24,744.11",0.00
PMT-31310,Receipt,01/13/2026,C-0200,Ember Lane Grocers,CHECK,3975,USD,"18,008.51",1.0000,"18,008.51",INV-9910,"18,008.51",0.00
PMT-31311,Receipt,01/14/2026,C-0106,Fiddlehead Taproom,ACH,573831024992139,USD,"1,501.38",1.0000,"1,501.38",INV-9983,"1,501.38",0.00
PMT-31312,Receipt,01/14/2026,C-0155,Lodestar Cafe,CHECK,2772,USD,"3,336.33",1.0000,"3,336.33",INV-9946,"3,336.33",0.00
PMT-31313,Receipt,01/14/2026,C-0158,Umber Grill,CHECK,9919,USD,"2,434.19",1.0000,"2,434.19",INV-9962,"2,434.19",0.00
PMT-31314,Receipt,01/14/2026,C-0206,Otter Brasserie,CHECK,8114,USD,"3,626.31",1.0000,"3,626.31",INV-9995,"3,626.31",0.00
PMT-31315,Receipt,01/14/2026,C-0329,Oxbow Smokehouse,ACH,681290768664236,USD,"1,634.93",1.0000,"1,634.93",INV-9913,"1,634.93",0.00
PMT-31316,Receipt,01/14/2026,C-0390,Dogwood Bistro,ACH,348165140217302,USD,"2,744.02",1.0000,"2,744.02",INV-9985,"2,744.02",0.00
PMT-31317,Receipt,01/15/2026,C-0143,Gorge Valley Co-op,ACH,452855269257833,USD,"24,120.85",1.0000,"24,120.85",INV-9868,"24,120.85",0.00
PMT-31318,Receipt,01/15/2026,C-0219,Huckleberry Grill,ACH,710856331633948,USD,"1,870.53",1.0000,"1,870.53",INV-10007,"1,870.53",0.00
PMT-31319,Receipt,01/15/2026,C-0427,Deschutes Food Hall,ACH,790591562558957,USD,"22,488.49",1.0000,"22,488.49",INV-9880,"22,488.49",0.00
PMT-31320,Receipt,01/16/2026,C-0045,Bridgetown Pantry,CHECK,7484,USD,"14,062.61",1.0000,"14,062.61",INV-9923,"14,062.61",0.00
PMT-31321,Receipt,01/16/2026,C-0074,Estuary Smokehouse,CHECK,9913,USD,"3,010.78",1.0000,"3,010.78",INV-10003,"3,010.78",0.00
PMT-31322,Receipt,01/16/2026,C-0105,Whidbey Harvest Co-op,ACH,601347107147236,USD,"25,975.29",1.0000,"25,975.29",INV-9895,"25,975.29",0.00
PMT-31323,Receipt,01/16/2026,C-0348,Foxglove Market,ACH,035544292930672,USD,"16,079.74",1.0000,"16,079.74",INV-9904,"16,079.74",0.00
PMT-31324,Receipt,01/16/2026,C-0396,Driftwood Pantry,ACH,949108025952138,USD,"25,069.42",1.0000,"25,069.42",INV-9900,"25,069.42",0.00
PMT-31325,Receipt,01/19/2026,C-0014,Rivet Supper Club,CHECK,6492,USD,"1,583.62",1.0000,"1,583.62",INV-10010,"1,583.62",0.00
PMT-31326,Receipt,01/19/2026,C-0081,Fernwood Grill,CHECK,2779,USD,"2,529.64",1.0000,"2,529.64",INV-10004,"2,529.64",0.00
PMT-31327,Receipt,01/19/2026,C-0090,Zigzag Mountain Grocery,CHECK,190,USD,"25,533.85",1.0000,"25,533.85",INV-9930,"25,533.85",0.00
PMT-31328,Receipt,01/19/2026,C-0105,Whidbey Harvest Co-op,ACH,180651927606279,USD,"28,391.28",1.0000,"28,391.28",INV-9894,"28,391.28",0.00
PMT-31329,Receipt,01/19/2026,C-0107,Green Valley Co-op,CHECK,9108,USD,"11,661.91",1.0000,"11,661.91",INV-9950,"11,661.91",0.00
PMT-31330,Receipt,01/19/2026,C-0132,Jubilee Cantina,ACH,188896233102354,USD,778.29,1.0000,778.29,INV-9988,778.29,0.00
PMT-31331,Receipt,01/19/2026,C-0163,Elk Rock Provisions,ACH,375962407225069,USD,"16,708.78",1.0000,"16,708.78",INV-9976,"16,708.78",0.00
PMT-31332,Receipt,01/19/2026,C-0191,Riverstone Smokehouse,CHECK,1144,USD,"1,466.70",1.0000,"1,466.70",INV-9989,"1,466.70",0.00
PMT-31333,Receipt,01/19/2026,C-0197,Elderberry Deli,CHECK,4883,USD,"3,812.89",1.0000,"3,812.89",INV-9975,"3,812.89",0.00
PMT-31334,Receipt,01/19/2026,C-0242,Pumice Cantina,CHECK,4519,USD,"1,293.22",1.0000,"1,293.22",INV-9990,"1,293.22",0.00
PMT-31335,Receipt,01/19/2026,C-0273,Coldwater Creek Market,CHECK,5835,USD,"11,542.68",1.0000,"11,542.68",INV-9943,"11,542.68",0.00
PMT-31336,Receipt,01/19/2026,C-0275,Tamarack Smokehouse,CHECK,2934,USD,863.93,1.0000,863.93,INV-9997,863.93,0.00
PMT-31337,Receipt,01/19/2026,C-0278,Sorrel Cantina,CHECK,8295,USD,"3,242.64",1.0000,"3,242.64",INV-9984,"3,242.64",0.00
PMT-31338,Receipt,01/19/2026,C-0296,Bluebird Smokehouse,CHECK,6465,USD,"1,876.35",1.0000,"1,876.35",INV-9998,"1,876.35",0.00
PMT-31339,Receipt,01/19/2026,C-0335,Mountain Grocers Inc.,CHECK,9466,USD,"25,057.19",1.0000,"25,057.19",INV-9911,"25,057.19",0.00
PMT-31340,Receipt,01/19/2026,C-0349,Dovetail Taproom,ACH,012825307538013,USD,"2,076.85",1.0000,"2,076.85",INV-10000,"2,076.85",0.00
PMT-31341,Receipt,01/19/2026,C-0379,Filbert & Oak Market,ACH,089927580633966,USD,"27,887.86",1.0000,"27,887.86",INV-9928,"27,887.86",0.00
PMT-31342,Receipt,01/19/2026,C-0389,Umpqua Valley Foods,ACH,359187276633855,USD,"21,040.73",1.0000,"21,040.73",INV-9952,"21,040.73",0.00
PMT-31343,Receipt,01/19/2026,C-0420,Nehalem Bay Grocers,CHECK,4251,USD,"19,905.22",1.0000,"19,905.22",INV-9899,"19,905.22",0.00
PMT-31344,Receipt,01/19/2026,C-0427,Deschutes Food Hall,ACH,220693202087756,USD,"23,421.31",1.0000,"23,421.31",INV-9961,"23,421.31",0.00
PMT-31345,Receipt,01/20/2026,C-0027,Cascade Harvest Grocers,CHECK,8104,USD,"12,453.02",1.0000,"12,453.02",INV-9965,"12,453.02",0.00
PMT-31346,Receipt,01/20/2026,C-0323,Waxwing Eatery,CHECK,9953,USD,"1,981.70",1.0000,"1,981.70",INV-10011,"1,981.70",0.00
PMT-31347,Receipt,01/20/2026,C-0330,Alder Street Market,ACH,577596758008262,USD,"12,453.75",1.0000,"12,453.75",INV-9940,"12,453.75",0.00
PMT-31348,Receipt,01/20/2026,C-0378,Yellowjacket Taproom,CHECK,9303,USD,"3,434.88",1.0000,"3,434.88",INV-9982,"3,434.88",0.00
PMT-31349,Receipt,01/21/2026,C-0069,Riverbend Natural Grocers,ACH,420892168675534,USD,"28,235.12",1.0000,"28,235.12",INV-9939,"28,235.12",0.00
PMT-31350,Receipt,01/21/2026,C-0076,Thimbleberry Eatery,CHECK,2101,USD,"3,600.10",1.0000,"3,600.10",INV-10016,"3,600.10",0.00
PMT-31351,Receipt,01/21/2026,C-0306,Tillamook Road Grocery,CHECK,8099,USD,"24,793.84",1.0000,"24,793.84",INV-9980,"24,793.84",0.00
PMT-31352,Receipt,01/21/2026,C-0324,Obsidian Grill,ACH,396507794274792,USD,"1,842.72",1.0000,"1,842.72",INV-9999,"1,842.72",0.00
PMT-31353,Receipt,01/21/2026,C-0337,Saffron Taproom,CHECK,6731,USD,"2,321.36",1.0000,"2,321.36",INV-10042,"2,321.36",0.00
PMT-31354,Receipt,01/21/2026,C-0357,Mountain Grocers LLC,ACH,326934336395752,USD,"27,367.32",1.0000,"27,367.32",INV-9922,"27,367.32",0.00
PMT-31355,Receipt,01/21/2026,C-0414,Belmont Natural Foods,ACH,181682135644516,USD,"20,507.05",1.0000,"20,507.05",INV-9954,"20,507.05",0.00
PMT-31356,Receipt,01/22/2026,C-0082,Chanterelle Supper Club,CHECK,6279,USD,"1,954.82",1.0000,"1,954.82",INV-9987,"1,954.82",0.00
PMT-31357,Receipt,01/22/2026,C-0083,Acorn Supper Club,CHECK,5255,USD,"2,342.22",1.0000,"2,342.22",INV-10029,"2,342.22",0.00
PMT-31358,Receipt,01/22/2026,C-0183,Madrona Food Co-op,ACH,540470868184546,USD,"22,250.98",1.0000,"22,250.98",INV-9903,"22,250.98",0.00
PMT-31359,Receipt,01/22/2026,C-0381,Rookery Cafe,ACH,936533242421874,USD,"4,063.79",1.0000,"4,063.79",INV-10050,"4,063.79",0.00
PMT-31360,Receipt,01/23/2026,C-0237,Plover Supper Club,CHECK,9504,USD,"3,190.25",1.0000,"3,190.25",INV-9996,"3,190.25",0.00
PMT-31361,Receipt,01/23/2026,C-0276,Mossy Rock Taproom,ACH,339182660761781,USD,"3,288.23",1.0000,"3,288.23",INV-9991,"3,288.23",0.00
PMT-31362,Receipt,01/23/2026,C-0415,Kestrel Market Hall,ACH,866355611666005,USD,"25,849.00",1.0000,"25,849.00",INV-9970,"25,849.00",0.00
PMT-31363,Receipt,01/26/2026,C-0012,Olallie Market,CHECK,3183,USD,"16,152.03",1.0000,"16,152.03",INV-9978,"16,152.03",0.00
PMT-31364,Receipt,01/26/2026,C-0040,Parsnip Pizzeria,ACH,015734455292666,USD,"1,168.41",1.0000,"1,168.41",INV-10024,"1,168.41",0.00
PMT-31365,Receipt,01/26/2026,C-0046,Yakima Orchard Market,ACH,214553938886298,USD,"25,875.31",1.0000,"25,875.31",INV-9932,"25,875.31",0.00
PMT-31366,Receipt,01/26/2026,C-0082,Chanterelle Supper Club,CHECK,5398,USD,910.83,1.0000,910.83,INV-10031,910.83,0.00
PMT-31367,Receipt,01/26/2026,C-0143,Gorge Valley Co-op,ACH,710622689177281,USD,"14,459.21",1.0000,"14,459.21",INV-9960,"14,459.21",0.00
PMT-31368,Receipt,01/26/2026,C-0147,Vashon Island Market,ACH,493860893595306,USD,"28,408.48",1.0000,"28,408.48",INV-9972,"28,408.48",0.00
PMT-31369,Receipt,01/26/2026,C-0186,Hawthorne Fresh Market,ACH,136384875354276,USD,"26,764.42",1.0000,"26,764.42",INV-9956,"26,764.42",0.00
PMT-31370,Receipt,01/26/2026,C-0193,Quinault Country Store,CHECK,3554,USD,"28,571.94",1.0000,"28,571.94",INV-9916,"28,571.94",0.00
PMT-31371,Receipt,01/26/2026,C-0198,GREEN VALLEY COOP #2,CHECK,1704,USD,"22,397.64",1.0000,"22,397.64",INV-9914,"22,397.64",0.00
PMT-31372,Receipt,01/26/2026,C-0233,Rose City Market Hall,ACH,820899884698203,USD,"14,939.30",1.0000,"14,939.30",INV-9951,"14,939.30",0.00
PMT-31373,Receipt,01/26/2026,C-0331,Ironwood Grocery,ACH,875065296521406,USD,"13,178.94",1.0000,"13,178.94",INV-9933,"13,178.94",0.00
PMT-31374,Receipt,01/26/2026,C-0353,Uproot Cafe,ACH,333276458363869,USD,"1,539.17",1.0000,"1,539.17",INV-10001,"1,539.17",0.00
PMT-31375,Receipt,01/26/2026,C-0400,Salmonberry Market,CHECK,4622,USD,"14,264.15",1.0000,"14,264.15",INV-9921,"14,264.15",0.00
PMT-31376,Receipt,01/26/2026,C-0411,Iris Taproom,ACH,999354758399799,USD,"1,593.98",1.0000,"1,593.98",INV-10061,"1,593.98",0.00
PMT-31377,Receipt,01/26/2026,C-0412,Cedar & Salt Bistro,CHECK,3614,USD,"2,215.60",1.0000,"2,215.60",INV-10051,"2,215.60",0.00
PMT-31378,Receipt,01/26/2026,C-0425,Thistle Pizzeria,CHECK,8558,USD,"3,788.52",1.0000,"3,788.52",INV-9993,"1,452.04",0.00
PMT-31378,Receipt,01/26/2026,C-0425,Thistle Pizzeria,CHECK,8558,USD,"3,788.52",1.0000,"3,788.52",INV-10057,"2,336.48",
PMT-31379,Receipt,01/27/2026,C-0122,Owyhee Mercantile,ACH,610028158938326,USD,"21,083.67",1.0000,"21,083.67",INV-9941,"21,083.67",0.00
PMT-31380,Receipt,01/28/2026,C-0135,Vine Bistro,CHECK,9783,USD,"4,001.12",1.0000,"4,001.12",INV-10071,"4,001.12",0.00
PMT-31381,Receipt,01/28/2026,C-0221,Kiln Deli,CHECK,2163,USD,"2,711.03",1.0000,"2,711.03",INV-10014,"2,711.03",0.00
PMT-31382,Receipt,01/28/2026,C-0396,Driftwood Pantry,ACH,681139633075095,USD,"11,041.27",1.0000,"11,041.27",INV-9944,"11,041.27",0.00
PMT-31383,Receipt,01/28/2026,C-0415,Kestrel Market Hall,ACH,094814720662534,USD,"25,029.58",1.0000,"25,029.58",INV-10019,"25,029.58",0.00
PMT-31384,Receipt,01/29/2026,C-0050,Aster Kitchen,ACH,644479064406774,USD,"3,906.86",1.0000,"3,906.86",INV-10030,"3,906.86",0.00
PMT-31385,Receipt,01/29/2026,C-0074,Estuary Smokehouse,CHECK,9545,USD,"3,987.49",1.0000,"3,987.49",INV-10037,"3,987.49",0.00
PMT-31386,Receipt,01/29/2026,C-0096,Pioneer Square Provisions,ACH,100440475524075,USD,"27,932.99",1.0000,"27,932.99",INV-9959,"27,932.99",0.00
PMT-31387,Receipt,01/29/2026,C-0120,Saltbox Kitchen,CHECK,1688,USD,"2,201.87",1.0000,"2,201.87",INV-10062,"2,201.87",0.00
PMT-31388,Receipt,01/29/2026,C-0330,Alder Street Market,ACH,253585317936203,USD,"12,093.45",1.0000,"12,093.45",INV-9994,"12,093.45",0.00
PMT-31389,Receipt,01/29/2026,C-0399,Larch Mountain Mercantile,CHECK,2963,USD,"21,761.02",1.0000,"21,761.02",INV-9931,"21,761.02",0.00
PMT-31390,Receipt,01/30/2026,C-0064,Juniper Hill Foods,ACH,545546877904688,USD,"14,839.25",1.0000,"14,839.25",INV-9929,"14,839.25",0.00
PMT-31391,Receipt,01/30/2026,C-0088,Palouse Provisions,CHECK,9730,USD,"27,137.61",1.0000,"27,137.61",INV-9953,"27,137.61",0.00
PMT-31392,Receipt,01/30/2026,C-0133,Sawtooth Natural Foods,ACH,083591582100708,USD,"25,261.60",1.0000,"25,261.60",INV-9942,"25,261.60",0.00
PMT-31393,Receipt,01/30/2026,C-0389,Umpqua Valley Foods,ACH,696378786070160,USD,"26,008.67",1.0000,"26,008.67",INV-10008,"26,008.67",0.00
PMT-31394,Receipt,02/02/2026,C-0033,Treasure Valley Market,CHECK,5543,USD,"27,972.04",1.0000,"27,972.04",INV-10009,"27,972.04",0.00
PMT-31395,Receipt,02/02/2026,C-0075,Vesper Pizzeria,CHECK,2676,USD,"2,035.41",1.0000,"2,035.41",INV-10025,"2,035.41",0.00
PMT-31396,Receipt,02/02/2026,C-0191,Riverstone Smokehouse,CHECK,1473,USD,"1,842.58",1.0000,"1,842.58",INV-10074,"1,842.58",0.00
PMT-31397,Receipt,02/02/2026,C-0207,Wildwood Tavern,CHECK,185,USD,"3,222.66",1.0000,"3,222.66",INV-10053,"3,222.66",0.00
PMT-31398,Receipt,02/02/2026,C-0396,Driftwood Pantry,ACH,357072111933586,USD,"20,472.56",1.0000,"20,472.56",INV-10040,"20,472.56",0.00
PMT-31399,Receipt,02/02/2026,C-0414,Belmont Natural Foods,ACH,607819506102093,USD,"28,638.45",1.0000,"28,638.45",INV-10013,"28,638.45",0.00
PMT-31400,Receipt,02/03/2026,C-0076,Thimbleberry Eatery,CHECK,8991,USD,"1,458.71",1.0000,"1,458.71",INV-10092,"1,458.71",0.00
PMT-31401,Receipt,02/03/2026,C-0139,Greenhouse Bistro,ACH,487609759564742,USD,"1,456.28",1.0000,"1,456.28",INV-10065,"1,456.28",0.00
PMT-31402,Receipt,02/03/2026,C-0145,Hearth Cantina,CHECK,41,USD,766.13,1.0000,766.13,INV-10066,766.13,0.00
PMT-31403,Receipt,02/03/2026,C-0193,Quinault Country Store,CHECK,6799,USD,"23,128.67",1.0000,"23,128.67",INV-10032,"23,128.67",0.00
PMT-31404,Receipt,02/03/2026,C-0219,Huckleberry Grill,ACH,378494066174890,USD,"3,908.37",1.0000,"3,908.37",INV-10112,"3,908.37",0.00
PMT-31405,Receipt,02/03/2026,C-0390,Dogwood Bistro,ACH,651233599267785,USD,"2,745.65",1.0000,"2,745.65",INV-10056,"2,745.65",0.00
PMT-31406,Receipt,02/04/2026,C-0046,Yakima Orchard Market,ACH,152722713210715,USD,"17,495.31",1.0000,"17,495.31",INV-10023,"17,495.31",0.00
PMT-31407,Receipt,02/04/2026,C-0107,Green Valley Co-op,CHECK,7563,USD,"15,796.67",1.0000,"15,796.67",INV-10038,"15,796.67",0.00
PMT-31408,Receipt,02/04/2026,C-0133,Sawtooth Natural Foods,ACH,254443423078121,USD,"23,804.64",1.0000,"23,804.64",INV-10046,"23,804.64",0.00
PMT-31409,Receipt,02/04/2026,C-0190,Magpie Tavern,CHECK,4362,USD,"2,245.15",1.0000,"2,245.15",INV-10073,"2,245.15",0.00
PMT-31410,Receipt,02/04/2026,C-0349,Dovetail Taproom,ACH,315383228809849,USD,"2,703.42",1.0000,"2,703.42",INV-10128,"2,703.42",0.00
PMT-31411,Receipt,02/04/2026,C-0420,Nehalem Bay Grocers,CHECK,9668,USD,"22,415.61",1.0000,"22,415.61",INV-10033,"22,415.61",0.00
PMT-31412,Receipt,02/05/2026,C-0116,Ember Eatery,CHECK,363,USD,"3,322.48",1.0000,"3,322.48",INV-10080,"3,322.48",0.00
PMT-31413,Receipt,02/05/2026,C-0147,Vashon Island Market,ACH,299851927964256,USD,"11,566.90",1.0000,"11,566.90",INV-10049,"11,566.90",0.00
PMT-31414,Receipt,02/05/2026,C-0172,Driftless Tavern,ACH,881690605667815,USD,"3,301.33",1.0000,"3,301.33",INV-10060,"3,301.33",0.00
PMT-31415,Receipt,02/05/2026,C-0273,Coldwater Creek Market,CHECK,2798,USD,"11,041.55",1.0000,"11,041.55",INV-10018,"11,041.55",0.00
PMT-31416,Receipt,02/05/2026,C-0303,Trillium Bistro,CHECK,8626,USD,"2,680.20",1.0000,"2,680.20",INV-10075,"2,680.20",0.00
PMT-31417,Receipt,02/05/2026,C-0402,Verbena Supper Club,CHECK,2043,USD,"3,285.65",1.0000,"3,285.65",INV-10069,"3,285.65",0.00
PMT-31418,Receipt,02/06/2026,C-0081,Fernwood Grill,CHECK,766,USD,"3,588.14",1.0000,"3,588.14",INV-10107,"3,588.14",0.00
PMT-31419,Receipt,02/06/2026,C-0087,Inkwell Supper Club,CHECK,3214,USD,"4,548.40",1.0000,"4,548.40",INV-10098,"2,738.98",0.00
PMT-31419,Receipt,02/06/2026,C-0087,Inkwell Supper Club,CHECK,3214,USD,"4,548.40",1.0000,"4,548.40",INV-10109,"1,809.42",
PMT-31420,Receipt,02/06/2026,C-0093,Heron Cafe,ACH,246705843491722,USD,"3,165.40",1.0000,"3,165.40",INV-10113,"3,165.40",0.00
PMT-31421,Receipt,02/06/2026,C-0233,Rose City Market Hall,ACH,835608666250313,USD,"11,722.27",1.0000,"11,722.27",INV-10026,"11,722.27",0.00
PMT-31422,Receipt,02/06/2026,C-0242,Pumice Cantina,CHECK,364,USD,"2,579.46",1.0000,"2,579.46",INV-10076,"2,579.46",0.00
PMT-31423,Receipt,02/06/2026,C-0275,Tamarack Smokehouse,CHECK,9983,USD,"2,865.84",1.0000,"2,865.84",INV-10127,"2,865.84",0.00
PMT-31424,Receipt,02/09/2026,C-0027,Cascade Harvest Grocers,CHECK,1258,USD,"28,132.32",1.0000,"28,132.32",INV-10002,"28,132.32",0.00
PMT-31425,Receipt,02/09/2026,C-0027,Cascade Harvest Grocers,CHECK,1472,USD,"24,402.98",1.0000,"24,402.98",INV-10063,"24,402.98",0.00
PMT-31426,Receipt,02/09/2026,C-0064,Juniper Hill Foods,ACH,074338191535013,USD,"11,061.71",1.0000,"11,061.71",INV-10015,"11,061.71",0.00
PMT-31427,Receipt,02/09/2026,C-0096,Pioneer Square Provisions,ACH,816590738250730,USD,"14,666.78",1.0000,"14,666.78",INV-10022,"14,666.78",0.00
PMT-31428,Receipt,02/09/2026,C-0105,Whidbey Harvest Co-op,ACH,382311569541272,USD,"22,320.36",1.0000,"22,320.36",INV-10043,"22,320.36",0.00
PMT-31429,Receipt,02/09/2026,C-0136,Redtail Brasserie,CHECK,6908,USD,915.46,1.0000,915.46,INV-10110,915.46,0.00
PMT-31430,Receipt,02/09/2026,C-0143,Gorge Valley Co-op,ACH,519428734096092,USD,"20,662.61",1.0000,"20,662.61",INV-10044,"20,662.61",0.00
PMT-31431,Receipt,02/09/2026,C-0186,Hawthorne Fresh Market,ACH,475684128274990,USD,"20,626.27",1.0000,"20,626.27",INV-10021,"20,626.27",0.00
PMT-31432,Receipt,02/09/2026,C-0299,Orchard Bakery,CHECK,1477,USD,"3,466.37",1.0000,"3,466.37",INV-10067,"3,466.37",0.00
PMT-31433,Receipt,02/09/2026,C-0325,Cobalt Cafe,CHECK,3401,USD,"2,410.22",1.0000,"2,410.22",INV-10143,"2,410.22",0.00
PMT-31434,Receipt,02/09/2026,C-0334,Isle Smokehouse,ACH,535300592899411,USD,"2,282.07",1.0000,"2,282.07",INV-10125,"2,282.07",0.00
PMT-31435,Receipt,02/09/2026,C-0340,Eastside Cafe,CHECK,8454,USD,"2,480.66",1.0000,"2,480.66",INV-10121,"2,480.66",0.00
PMT-31436,Receipt,02/09/2026,C-0365,Quarry Bistro,CHECK,8595,USD,"3,121.16",1.0000,"3,121.16",INV-10094,"3,121.16",0.00
PMT-31437,Receipt,02/09/2026,C-0412,Cedar & Salt Bistro,CHECK,1788,USD,"1,948.25",1.0000,"1,948.25",INV-10122,"1,948.25",0.00
PMT-31438,Receipt,02/09/2026,C-0425,Thistle Pizzeria,CHECK,4224,USD,"1,726.37",1.0000,"1,726.37",INV-10144,"1,726.37",0.00
PMT-31439,Receipt,02/10/2026,C-0008,Alder Cantina,CHECK,4536,USD,"1,176.23",1.0000,"1,176.23",INV-10134,"1,176.23",0.00
PMT-31440,Receipt,02/10/2026,C-0047,Gable Brasserie,ACH,403818176994800,USD,"2,048.80",1.0000,"2,048.80",INV-10139,"2,048.80",0.00
PMT-31441,Receipt,02/10/2026,C-0088,Palouse Provisions,CHECK,8029,USD,"24,171.28",1.0000,"24,171.28",INV-10012,"24,171.28",0.00
PMT-31442,Receipt,02/10/2026,C-0185,Gristmill Supper Club,CHECK,564,USD,"3,956.19",1.0000,"3,956.19",INV-10108,"3,956.19",0.00
PMT-31443,Receipt,02/10/2026,C-0264,Vale Brasserie,ACH,639853883988718,USD,"2,444.12",1.0000,"2,444.12",INV-10142,"2,444.12",0.00
PMT-31444,Receipt,02/10/2026,C-0306,Tillamook Road Grocery,CHECK,4497,USD,"20,533.19",1.0000,"20,533.19",INV-10045,"20,533.19",0.00
PMT-31445,Receipt,02/10/2026,C-0357,Mountain Grocers LLC,ACH,053065930952009,USD,"11,321.11",1.0000,"11,321.11",INV-10027,"11,321.11",0.00
PMT-31446,Receipt,02/11/2026,C-0012,Olallie Market,CHECK,4449,USD,"13,382.94",1.0000,"13,382.94",INV-10070,"13,382.94",0.00
PMT-31447,Receipt,02/11/2026,C-0355,Jackdaw Kitchen,ACH,009443485642507,USD,"2,104.32",1.0000,"2,104.32",INV-10136,"2,104.32",0.00
PMT-31448,Receipt,02/12/2026,C-0122,Owyhee Mercantile,ACH,474538597611475,USD,"26,244.54",1.0000,"26,244.54",INV-10028,"26,244.54",0.00
PMT-31449,Receipt,02/12/2026,C-0156,Hollow Noodle House,ACH,536953523738453,USD,834.21,1.0000,834.21,INV-10166,834.21,0.00
PMT-31450,Receipt,02/12/2026,C-0207,Wildwood Tavern,CHECK,5346,USD,"2,944.57",1.0000,"2,944.57",INV-10135,"2,944.57",0.00
PMT-31451,Receipt,02/12/2026,C-0295,Zephyr Bakery,ACH,451318527288899,USD,"3,334.78",1.0000,"3,334.78",INV-10145,"3,334.78",0.00
PMT-31452,Receipt,02/12/2026,C-0381,Rookery Cafe,ACH,612636198709110,USD,"1,812.51",1.0000,"1,812.51",INV-10130,"1,812.51",0.00
PMT-31453,Receipt,02/13/2026,C-0045,Bridgetown Pantry,CHECK,6797,USD,"20,237.07",1.0000,"20,237.07",INV-10017,"20,237.07",0.00
PMT-31454,Receipt,02/13/2026,C-0090,Zigzag Mountain Grocery,CHECK,5020,USD,"21,808.73",1.0000,"21,808.73",INV-10054,"21,808.73",0.00
PMT-31455,Receipt,02/13/2026,C-0171,Dune Cantina,ACH,455847205463739,USD,"2,621.28",1.0000,"2,621.28",INV-10099,"2,621.28",0.00
PMT-31456,Receipt,02/13/2026,C-0399,Larch Mountain Mercantile,CHECK,8657,USD,"20,914.11",1.0000,"20,914.11",INV-10020,"20,914.11",0.00
PMT-31457,Receipt,02/16/2026,C-0046,Yakima Orchard Market,ACH,372245618074034,USD,"19,535.38",1.0000,"19,535.38",INV-10089,"19,535.38",0.00
PMT-31458,Receipt,02/16/2026,C-0069,Riverbend Natural Grocers,ACH,882145491466506,USD,"26,284.34",1.0000,"26,284.34",INV-10034,"26,284.34",0.00
PMT-31459,Receipt,02/16/2026,C-0116,Ember Eatery,CHECK,6245,USD,"2,608.97",1.0000,"2,608.97",INV-10126,"2,608.97",0.00
PMT-31460,Receipt,02/16/2026,C-0129,Anchor Pizzeria,CHECK,3713,USD,"1,667.20",1.0000,"1,667.20",INV-10150,"1,667.20",0.00
PMT-31461,Receipt,02/16/2026,C-0146,Jetty Tavern,ACH,648698190161562,USD,"2,694.65",1.0000,"2,694.65",INV-10111,"2,694.65",0.00
PMT-31462,Receipt,02/16/2026,C-0182,Jasper Bakery,CHECK,121,USD,"3,932.30",1.0000,"3,932.30",INV-10189,"3,932.30",0.00
PMT-31463,Receipt,02/16/2026,C-0183,Madrona Food Co-op,ACH,870579874638927,USD,"22,616.89",1.0000,"22,616.89",INV-10072,"22,616.89",0.00
PMT-31464,Receipt,02/16/2026,C-0198,GREEN VALLEY COOP #2,CHECK,4713,USD,"13,016.48",1.0000,"13,016.48",INV-10055,"13,016.48",0.00
PMT-31465,Receipt,02/16/2026,C-0233,Rose City Market Hall,ACH,796055846932538,USD,"11,612.23",1.0000,"11,612.23",INV-10102,"11,612.23",0.00
PMT-31466,Receipt,02/16/2026,C-0330,Alder Street Market,ACH,268455324539866,USD,"27,617.55",1.0000,"27,617.55",INV-10082,"27,617.55",0.00
PMT-31467,Receipt,02/16/2026,C-0331,Ironwood Grocery,ACH,402940575837170,USD,"21,355.33",1.0000,"21,355.33",INV-10036,"21,355.33",0.00
PMT-31468,Receipt,02/16/2026,C-0335,Mountain Grocers Inc.,CHECK,2849,USD,"16,790.93",1.0000,"16,790.93",INV-10068,"16,790.93",0.00
PMT-31469,Receipt,02/16/2026,C-0337,Saffron Taproom,CHECK,8366,USD,"1,226.70",1.0000,"1,226.70",INV-10103,"1,226.70",0.00
PMT-31470,Receipt,02/16/2026,C-0379,Filbert & Oak Market,ACH,020964977416368,USD,"16,651.24",1.0000,"16,651.24",INV-10039,"16,651.24",0.00
PMT-31471,Receipt,02/16/2026,C-0400,Salmonberry Market,CHECK,319,USD,"22,349.98",1.0000,"22,349.98",INV-10048,"22,349.98",0.00
PMT-31472,Receipt,02/16/2026,C-0427,Deschutes Food Hall,ACH,033386693922409,USD,"26,717.74",1.0000,"26,717.74",INV-10047,"26,717.74",0.00
PMT-31473,Receipt,02/17/2026,C-0031,Oyster Taproom,CHECK,4402,USD,"3,386.36",1.0000,"3,386.36",INV-10163,"3,386.36",0.00
PMT-31474,Receipt,02/17/2026,C-0193,Quinault Country Store,CHECK,521,USD,"25,719.27",1.0000,"25,719.27",INV-10118,"25,719.27",0.00
PMT-31475,Receipt,02/17/2026,C-0217,Paddle Eatery,CHECK,2431,USD,841.09,1.0000,841.09,INV-10120,841.09,0.00
PMT-31476,Receipt,02/17/2026,C-0362,Quince Noodle House,CHECK,4361,USD,"3,167.86",1.0000,"3,167.86",INV-10190,"3,167.86",0.00
PMT-31477,Receipt,02/17/2026,C-0403,Basalt Grill,ACH,422067891456397,USD,867.36,1.0000,867.36,INV-10131,867.36,0.00
PMT-31478,Receipt,02/17/2026,C-0423,Salt Marsh Kitchen,ACH,147709479661690,USD,"1,855.36",1.0000,"1,855.36",INV-10123,"1,855.36",0.00
PMT-31479,Receipt,02/18/2026,C-0088,Palouse Provisions,CHECK,2267,USD,"23,029.88",1.0000,"23,029.88",INV-10077,"23,029.88",0.00
PMT-31480,Receipt,02/18/2026,C-0276,Mossy Rock Taproom,ACH,730002808082559,USD,"2,756.06",1.0000,"2,756.06",INV-10162,"2,756.06",0.00
PMT-31481,Receipt,02/18/2026,C-0334,Isle Smokehouse,ACH,715474951080987,USD,"2,353.10",1.0000,"2,353.10",INV-10151,"2,353.10",0.00
PMT-31482,Receipt,02/18/2026,C-0399,Larch Mountain Mercantile,CHECK,2454,USD,"19,165.49",1.0000,"19,165.49",INV-10084,"19,165.49",0.00
PMT-31483,Receipt,02/19/2026,C-0040,Parsnip Pizzeria,ACH,139427238569709,USD,"4,034.80",1.0000,"4,034.80",INV-10146,"4,034.80",0.00
PMT-31484,Receipt,02/19/2026,C-0045,Bridgetown Pantry,CHECK,1315,USD,"20,213.39",1.0000,"20,213.39",INV-10086,"20,213.39",0.00
PMT-31485,Receipt,02/19/2026,C-0076,Thimbleberry Eatery,CHECK,6802,USD,"6,419.12",1.0000,"6,419.12",INV-10159,"3,299.57",0.00
PMT-31485,Receipt,02/19/2026,C-0076,Thimbleberry Eatery,CHECK,6802,USD,"6,419.12",1.0000,"6,419.12",INV-10180,"3,119.55",
PMT-31486,Receipt,02/19/2026,C-0107,Green Valley Co-op,CHECK,2474,USD,"25,820.98",1.0000,"25,820.98",INV-10093,"25,820.98",0.00
PMT-31487,Receipt,02/19/2026,C-0389,Umpqua Valley Foods,ACH,870941252967454,USD,"26,136.60",1.0000,"26,136.60",INV-10081,"26,136.60",0.00
PMT-31488,Receipt,02/20/2026,C-0033,Treasure Valley Market,CHECK,2613,USD,"24,848.73",1.0000,"24,848.73",INV-10119,"24,848.73",0.00
PMT-31489,Receipt,02/20/2026,C-0064,Juniper Hill Foods,ACH,927323545385870,USD,"16,007.25",1.0000,"16,007.25",INV-10058,"16,007.25",0.00
PMT-31490,Receipt,02/20/2026,C-0200,Ember Lane Grocers,CHECK,9228,USD,"28,593.39",1.0000,"28,593.39",INV-10035,"28,593.39",0.00
PMT-31491,Receipt,02/20/2026,C-0348,Foxglove Market,ACH,491507502370157,USD,"16,546.44",1.0000,"16,546.44",INV-10041,"16,546.44",0.00
PMT-31492,Receipt,02/20/2026,C-0415,Kestrel Market Hall,ACH,638464448229718,USD,"22,462.20",1.0000,"22,462.20",INV-10064,"22,462.20",0.00
PMT-31493,Receipt,02/23/2026,C-0036,Alpine Eatery,ACH,854592504807514,USD,"1,707.08",1.0000,"1,707.08",INV-10182,"1,707.08",0.00
PMT-31494,Receipt,02/23/2026,C-0074,Estuary Smokehouse,CHECK,3681,USD,"1,451.87",1.0000,"1,451.87",INV-10210,"1,451.87",0.00
PMT-31495,Receipt,02/23/2026,C-0102,Indigo Deli,CHECK,5680,USD,"2,929.56",1.0000,"2,929.56",INV-10152,"2,929.56",0.00
PMT-31496,Receipt,02/23/2026,C-0136,Redtail Brasserie,CHECK,7653,USD,"2,912.70",1.0000,"2,912.70",INV-10160,"2,912.70",0.00
PMT-31497,Receipt,02/23/2026,C-0143,Gorge Valley Co-op,ACH,722062256886782,USD,"11,675.59",1.0000,"11,675.59",INV-10095,"11,675.59",0.00
PMT-31498,Receipt,02/23/2026,C-0155,Lodestar Cafe,CHECK,2987,USD,"3,419.34",1.0000,"3,419.34",INV-10200,"3,419.34",0.00
PMT-31499,Receipt,02/23/2026,C-0156,Hollow Noodle House,ACH,197392321271265,USD,"3,816.24",1.0000,"3,816.24",INV-10213,"3,816.24",0.00
PMT-31500,Receipt,02/23/2026,C-0163,Elk Rock Provisions,ACH,292736505528876,USD,"22,671.84",1.0000,"22,671.84",INV-10052,"22,671.84",0.00
PMT-31501,Receipt,02/23/2026,C-0183,Madrona Food Co-op,ACH,149590361352905,USD,"16,429.39",1.0000,"16,429.39",INV-10105,"16,429.39",0.00
PMT-31502,Receipt,02/23/2026,C-0297,Canopy Deli,CHECK,35,USD,"1,617.39",1.0000,"1,617.39",INV-10191,"1,617.39",0.00
PMT-31503,Receipt,02/24/2026,C-0414,Belmont Natural Foods,ACH,753987533338016,USD,"12,909.07",1.0000,"12,909.07",INV-10104,"12,909.07",0.00
PMT-31504,Receipt,02/25/2026,C-0093,Heron Cafe,ACH,933639342412619,USD,"2,168.56",1.0000,"2,168.56",INV-10171,"2,168.56",0.00
PMT-31505,Receipt,02/25/2026,C-0133,Sawtooth Natural Foods,ACH,333321714211586,USD,"20,378.49",1.0000,"20,378.49",INV-10114,"20,378.49",0.00
PMT-31506,Receipt,02/25/2026,C-0357,Mountain Grocers LLC,ACH,108609015335017,USD,"23,014.49",1.0000,"23,014.49",INV-10083,"23,014.49",0.00
PMT-31507,Receipt,02/25/2026,C-0402,Verbena Supper Club,CHECK,6838,USD,"2,133.20",1.0000,"2,133.20",INV-10215,"2,133.20",0.00
PMT-31508,Receipt,02/25/2026,C-0420,Nehalem Bay Grocers,CHECK,9970,USD,"20,716.65",1.0000,"20,716.65",INV-10091,"20,716.65",0.00
PMT-31509,Receipt,02/26/2026,C-0064,Juniper Hill Foods,ACH,115472955249975,USD,"21,526.81",1.0000,"21,526.81",INV-10153,"21,526.81",0.00
PMT-31510,Receipt,02/26/2026,C-0142,Sextant Bakery,ACH,695817494695638,USD,"1,250.19",1.0000,"1,250.19",INV-10174,"1,250.19",0.00
PMT-31511,Receipt,02/26/2026,C-0200,Ember Lane Grocers,CHECK,5345,USD,"11,590.08",1.0000,"11,590.08",INV-10096,"11,590.08",0.00
PMT-31512,Receipt,02/26/2026,C-0306,Tillamook Road Grocery,CHECK,250,USD,"22,934.97",1.0000,"22,934.97",INV-10079,"22,934.97",0.00
PMT-31513,Receipt,02/27/2026,C-0090,Zigzag Mountain Grocery,CHECK,6827,USD,"24,375.08",1.0000,"24,375.08",INV-10100,"24,375.08",0.00
PMT-31514,Receipt,02/27/2026,C-0198,GREEN VALLEY COOP #2,CHECK,523,USD,"13,070.19",1.0000,"13,070.19",INV-10124,"13,070.19",0.00
PMT-31515,Receipt,02/27/2026,C-0328,Drumlin Bakery,CHECK,100,USD,"2,338.71",1.0000,"2,338.71",INV-10203,"2,338.71",0.00
PMT-31516,Receipt,02/27/2026,C-0379,Filbert & Oak Market,ACH,121168560994255,USD,"24,112.32",1.0000,"24,112.32",INV-10090,"24,112.32",0.00
PMT-31517,Receipt,02/27/2026,C-0396,Driftwood Pantry,ACH,720629304159821,USD,"28,943.77",1.0000,"28,943.77",INV-10087,"28,943.77",0.00
PMT-31518,Receipt,03/02/2026,C-0096,Pioneer Square Provisions,ACH,769130076518548,USD,"21,307.66",1.0000,"21,307.66",INV-10078,"21,307.66",0.00
PMT-31519,Receipt,03/02/2026,C-0100,Copperleaf Brasserie,ACH,711559463250500,USD,"2,233.93",1.0000,"2,233.93",INV-10181,"2,233.93",0.00
PMT-31520,Receipt,03/02/2026,C-0105,Whidbey Harvest Co-op,ACH,582660912433978,USD,"22,021.92",1.0000,"22,021.92",INV-10140,"22,021.92",0.00
PMT-31521,Receipt,03/02/2026,C-0146,Jetty Tavern,ACH,598210503496098,USD,"2,234.55",1.0000,"2,234.55",INV-10207,"2,234.55",0.00
PMT-31522,Receipt,03/02/2026,C-0147,Vashon Island Market,ACH,095893969439733,USD,"23,589.85",1.0000,"23,589.85",INV-10085,"23,589.85",0.00
PMT-31523,Receipt,03/02/2026,C-0163,Elk Rock Provisions,ACH,542260041382611,USD,"15,077.19",1.0000,"15,077.19",INV-10106,"15,077.19",0.00
PMT-31524,Receipt,03/02/2026,C-0171,Dune Cantina,ACH,303178982183599,USD,"2,286.68",1.0000,"2,286.68",INV-10209,"2,286.68",0.00
PMT-31525,Receipt,03/02/2026,C-0186,Hawthorne Fresh Market,ACH,365708596560761,USD,"22,832.55",1.0000,"22,832.55",INV-10117,"22,832.55",0.00
PMT-31526,Receipt,03/02/2026,C-0278,Sorrel Cantina,CHECK,919,USD,"1,237.45",1.0000,"1,237.45",INV-10222,"1,237.45",0.00
PMT-31527,Receipt,03/02/2026,C-0331,Ironwood Grocery,ACH,488941608237844,USD,"11,769.07",1.0000,"11,769.07",INV-10101,"11,769.07",0.00
PMT-31528,Receipt,03/02/2026,C-0335,Mountain Grocers Inc.,CHECK,4804,USD,"20,927.01",1.0000,"20,927.01",INV-10129,"20,927.01",0.00
PMT-31529,Receipt,03/02/2026,C-0348,Foxglove Market,ACH,385430521510162,USD,"20,363.41",1.0000,"20,363.41",INV-10161,"20,363.41",0.00
PMT-31530,Receipt,03/02/2026,C-0371,Marrow Brasserie,ACH,232157512314192,USD,"2,421.00",1.0000,"2,421.00",INV-10228,"2,421.00",0.00
PMT-31531,Receipt,03/02/2026,C-0427,Deschutes Food Hall,ACH,421596804278534,USD,"28,242.76",1.0000,"28,242.76",INV-10132,"28,242.76",0.00
PMT-31532,Receipt,03/03/2026,C-0046,Yakima Orchard Market,ACH,049710278373602,USD,"14,521.32",1.0000,"14,521.32",INV-10179,"14,521.32",0.00
PMT-31533,Receipt,03/03/2026,C-0115,Gull Eatery,ACH,543344446253756,USD,990.78,1.0000,990.78,INV-10206,990.78,0.00
PMT-31534,Receipt,03/03/2026,C-0122,Owyhee Mercantile,ACH,812840273622285,USD,"25,699.62",1.0000,"25,699.62",INV-10141,"25,699.62",0.00
PMT-31535,Receipt,03/03/2026,C-0330,Alder Street Market,ACH,485544535947981,USD,"16,639.26",1.0000,"16,639.26",INV-10147,"16,639.26",0.00
PMT-31536,Receipt,03/03/2026,C-0349,Dovetail Taproom,ACH,111269037173607,USD,"2,911.95",1.0000,"2,911.95",INV-10240,"2,911.95",0.00
PMT-31537,Receipt,03/03/2026,C-0380,Quill Grill,ACH,458468049010028,USD,"1,186.49",1.0000,"1,186.49",INV-10241,"1,186.49",0.00
PMT-31538,Receipt,03/03/2026,C-0400,Salmonberry Market,CHECK,9717,USD,"17,065.87",1.0000,"17,065.87",INV-10097,"17,065.87",0.00
PMT-31539,Receipt,03/03/2026,C-0425,Thistle Pizzeria,CHECK,5888,USD,"1,633.06",1.0000,"1,633.06",INV-10192,"1,633.06",0.00
PMT-31540,Receipt,03/04/2026,C-0112,Loam Bakery,CHECK,8346,USD,"3,927.04",1.0000,"3,927.04",INV-10229,"3,927.04",0.00
PMT-31541,Receipt,03/04/2026,C-0158,Umber Grill,CHECK,9661,USD,"2,369.46",1.0000,"2,369.46",INV-10196,"2,369.46",0.00
PMT-31542,Receipt,03/04/2026,C-0264,Vale Brasserie,ACH,723119929626931,USD,871.18,1.0000,871.18,INV-10244,871.18,0.00
PMT-31543,Receipt,03/04/2026,C-0298,Nimbus Cafe,ACH,365540853519235,USD,"1,397.16",1.0000,"1,397.16",INV-10230,"1,397.16",0.00
PMT-31544,Receipt,03/04/2026,C-0365,Quarry Bistro,CHECK,7680,USD,"3,058.38",1.0000,"3,058.38",INV-10250,"3,058.38",0.00
PMT-31545,Receipt,03/05/2026,C-0012,Olallie Market,CHECK,9873,USD,"23,546.12",1.0000,"23,546.12",INV-10133,"23,546.12",0.00
PMT-31546,Receipt,03/05/2026,C-0197,Elderberry Deli,CHECK,6326,USD,"3,868.65",1.0000,"3,868.65",INV-10214,"3,868.65",0.00
PMT-31547,Receipt,03/06/2026,C-0069,Riverbend Natural Grocers,ACH,314265080035003,USD,"14,278.74",1.0000,"14,278.74",INV-10149,"14,278.74",0.00
PMT-31548,Receipt,03/06/2026,C-0107,Green Valley Co-op,CHECK,2492,USD,"12,977.16",1.0000,"12,977.16",INV-10164,"12,977.16",0.00
PMT-31549,Receipt,03/06/2026,C-0233,Rose City Market Hall,ACH,033320991075351,USD,"14,044.15",1.0000,"14,044.15",INV-10183,"14,044.15",0.00
PMT-31550,Receipt,03/06/2026,C-0273,Coldwater Creek Market,CHECK,1892,USD,"11,212.05",1.0000,"11,212.05",INV-10115,"11,212.05",0.00
PMT-31551,Receipt,03/06/2026,C-0357,Mountain Grocers LLC,ACH,754138194571576,USD,"13,584.66",1.0000,"13,584.66",INV-10173,"13,584.66",0.00
PMT-31552,Receipt,03/06/2026,C-0389,Umpqua Valley Foods,ACH,577855547918552,USD,"12,274.09",1.0000,"12,274.09",INV-10116,"12,274.09",0.00
PMT-31553,Receipt,03/09/2026,C-0012,Olallie Market,CHECK,3742,USD,"22,174.58",1.0000,"22,174.58",INV-10185,"22,174.58",0.00
PMT-31554,Receipt,03/09/2026,C-0027,Cascade Harvest Grocers,CHECK,5191,USD,"17,584.48",1.0000,"17,584.48",INV-10158,"17,584.48",0.00
PMT-31555,Receipt,03/09/2026,C-0033,Treasure Valley Market,CHECK,6067,USD,"12,292.81",1.0000,"12,292.81",INV-10198,"12,292.81",0.00
PMT-31556,Receipt,03/09/2026,C-0037,Bellwether Tavern,ACH,826326466900416,USD,"1,495.38",1.0000,"1,495.38",INV-10243,"1,495.38",0.00
PMT-31557,Receipt,03/09/2026,C-0055,Lumen Kitchen,ACH,650346259926203,USD,"2,468.89",1.0000,"2,468.89",INV-10260,"2,468.89",0.00
PMT-31558,Receipt,03/09/2026,C-0088,Palouse Provisions,CHECK,5445,USD,"17,217.68",1.0000,"17,217.68",INV-10148,"17,217.68",0.00
PMT-31559,Receipt,03/09/2026,C-0108,Millrace Pizzeria,CHECK,9880,USD,"3,649.53",1.0000,"3,649.53",INV-10211,"3,649.53",0.00
PMT-31560,Receipt,03/09/2026,C-0247,Wren Noodle House,ACH,717509664451264,USD,"2,443.47",1.0000,"2,443.47",INV-10249,"2,443.47",0.00
PMT-31561,Receipt,03/09/2026,C-0264,Vale Brasserie,ACH,880707330602119,USD,"3,100.36",1.0000,"3,100.36",INV-10201,"3,100.36",0.00
PMT-31562,Receipt,03/09/2026,C-0303,Trillium Bistro,CHECK,6388,USD,"2,865.72",1.0000,"2,865.72",INV-10280,"2,865.72",0.00
PMT-31563,Receipt,03/09/2026,C-0306,Tillamook Road Grocery,CHECK,8701,USD,"11,928.82",1.0000,"11,928.82",INV-10157,"11,928.82",0.00
PMT-31564,Receipt,03/09/2026,C-0334,Isle Smokehouse,ACH,696321771516654,USD,"4,121.26",1.0000,"4,121.26",INV-10278,"4,121.26",0.00
PMT-31565,Receipt,03/09/2026,C-0335,Mountain Grocers Inc.,CHECK,827,USD,"14,197.43",1.0000,"14,197.43",INV-10197,"14,197.43",0.00
PMT-31566,Receipt,03/09/2026,C-0414,Belmont Natural Foods,ACH,954465111870247,USD,"17,925.31",1.0000,"17,925.31",INV-10137,"17,925.31",0.00
PMT-31567,Receipt,03/09/2026,C-0415,Kestrel Market Hall,ACH,894893554332665,USD,"23,169.81",1.0000,"23,169.81",INV-10155,"23,169.81",0.00
PMT-31568,Receipt,03/09/2026,C-0420,Nehalem Bay Grocers,CHECK,4935,USD,"14,837.18",1.0000,"14,837.18",INV-10175,"14,837.18",0.00
PMT-31569,Receipt,03/09/2026,C-0427,Deschutes Food Hall,ACH,666888227913654,USD,"16,594.07",1.0000,"16,594.07",INV-10187,"16,594.07",0.00
PMT-31570,Receipt,03/10/2026,C-0323,Waxwing Eatery,CHECK,8070,USD,702.71,1.0000,702.71,INV-10277,702.71,0.00
PMT-31571,Receipt,03/10/2026,C-0396,Driftwood Pantry,ACH,555548196000764,USD,"24,524.90",1.0000,"24,524.90",INV-10165,"24,524.90",0.00
PMT-31572,Receipt,03/10/2026,C-0411,Iris Taproom,ACH,914515524508551,USD,"2,695.21",1.0000,"2,695.21",INV-10231,"2,695.21",0.00
PMT-31573,Receipt,03/11/2026,C-0096,Pioneer Square Provisions,ACH,010724954537063,USD,"22,449.62",1.0000,"22,449.62",INV-10156,"22,449.62",0.00
PMT-31574,Receipt,03/11/2026,C-0171,Dune Cantina,ACH,832463223239157,USD,"1,783.70",1.0000,"1,783.70",INV-10276,"1,783.70",0.00
PMT-31575,Receipt,03/11/2026,C-0209,Kelp Grill,CHECK,9179,USD,"1,486.46",1.0000,"1,486.46",INV-10221,"1,486.46",0.00
PMT-31576,Receipt,03/11/2026,C-0282,Yarrow Deli,CHECK,6071,USD,"1,089.54",1.0000,"1,089.54",INV-10225,"1,089.54",0.00
PMT-31577,Receipt,03/12/2026,C-0045,Bridgetown Pantry,CHECK,6602,USD,"21,764.01",1.0000,"21,764.01",INV-10167,"21,764.01",0.00
PMT-31578,Receipt,03/12/2026,C-0069,Riverbend Natural Grocers,ACH,337021477700262,USD,"21,887.96",1.0000,"21,887.96",INV-10224,"21,887.96",0.00
PMT-31579,Receipt,03/12/2026,C-0147,Vashon Island Market,ACH,121955514485551,USD,"18,676.67",1.0000,"18,676.67",INV-10168,"18,676.67",0.00
PMT-31580,Receipt,03/12/2026,C-0186,Hawthorne Fresh Market,ACH,737780477775183,USD,"20,295.03",1.0000,"20,295.03",INV-10172,"20,295.03",0.00
PMT-31581,Receipt,03/12/2026,C-0200,Ember Lane Grocers,CHECK,437,USD,"11,572.69",1.0000,"11,572.69",INV-10178,"11,572.69",0.00
PMT-31582,Receipt,03/12/2026,C-0299,Orchard Bakery,CHECK,8626,USD,"2,005.61",1.0000,"2,005.61",INV-10238,"2,005.61",0.00
PMT-31583,Receipt,03/13/2026,C-0145,Hearth Cantina,CHECK,1901,USD,717.41,1.0000,717.41,INV-10261,717.41,0.00
PMT-31584,Receipt,03/13/2026,C-0379,Filbert & Oak Market,ACH,504846953572083,USD,"21,569.17",1.0000,"21,569.17",INV-10154,"21,569.17",0.00
PMT-31585,Receipt,03/13/2026,C-0399,Larch Mountain Mercantile,CHECK,9646,USD,"26,187.70",1.0000,"26,187.70",INV-10169,"26,187.70",0.00
PMT-31586,Receipt,03/16/2026,C-0027,Cascade Harvest Grocers,CHECK,7895,USD,"27,885.46",1.0000,"27,885.46",INV-10204,"27,885.46",0.00
PMT-31587,Receipt,03/16/2026,C-0045,Bridgetown Pantry,CHECK,5193,USD,"19,778.95",1.0000,"19,778.95",INV-10242,"19,778.95",0.00
PMT-31588,Receipt,03/16/2026,C-0105,Whidbey Harvest Co-op,ACH,965179950753605,USD,"16,043.97",1.0000,"16,043.97",INV-10199,"16,043.97",0.00
PMT-31589,Receipt,03/16/2026,C-0107,Green Valley Co-op,CHECK,3115,USD,"15,005.21",1.0000,"15,005.21",INV-10226,"15,005.21",0.00
PMT-31590,Receipt,03/16/2026,C-0143,Gorge Valley Co-op,ACH,880187007799489,USD,"22,039.54",1.0000,"22,039.54",INV-10176,"22,039.54",0.00
PMT-31591,Receipt,03/16/2026,C-0145,Hearth Cantina,CHECK,565,USD,"1,186.08",1.0000,"1,186.08",INV-10274,"1,186.08",0.00
PMT-31592,Receipt,03/16/2026,C-0155,Lodestar Cafe,CHECK,8409,USD,"1,098.61",1.0000,"1,098.61",INV-10275,"1,098.61",0.00
PMT-31593,Receipt,03/16/2026,C-0163,Elk Rock Provisions,ACH,561597896971138,USD,"16,222.47",1.0000,"16,222.47",INV-10208,"16,222.47",0.00
PMT-31594,Receipt,03/16/2026,C-0183,Madrona Food Co-op,ACH,335200074358276,USD,"15,703.92",1.0000,"15,703.92",INV-10177,"15,703.92",0.00
PMT-31595,Receipt,03/16/2026,C-0193,Quinault Country Store,CHECK,5531,USD,"24,072.68",1.0000,"24,072.68",INV-10170,"24,072.68",0.00
PMT-31596,Receipt,03/16/2026,C-0206,Otter Brasserie,CHECK,7298,USD,"1,395.83",1.0000,"1,395.83",INV-10262,"1,395.83",0.00
PMT-31597,Receipt,03/16/2026,C-0216,Arbor Kitchen,CHECK,3420,USD,"2,275.20",1.0000,"2,275.20",INV-10297,"2,275.20",0.00
PMT-31598,Receipt,03/16/2026,C-0272,Ramble Deli,CHECK,2873,USD,"2,350.35",1.0000,"2,350.35",INV-10286,"2,350.35",0.00
PMT-31599,Receipt,03/16/2026,C-0331,Ironwood Grocery,ACH,128874528819840,USD,"13,736.93",1.0000,"13,736.93",INV-10188,"13,736.93",0.00
PMT-31600,Receipt,03/16/2026,C-0348,Foxglove Market,ACH,300602782366078,USD,"19,463.67",1.0000,"19,463.67",INV-10184,"19,463.67",0.00
PMT-31601,Receipt,03/16/2026,C-0379,Filbert & Oak Market,ACH,299694655055191,USD,"17,686.71",1.0000,"17,686.71",INV-10205,"17,686.71",0.00
PMT-31602,Receipt,03/17/2026,C-0090,Zigzag Mountain Grocery,CHECK,4337,USD,"20,576.03",1.0000,"20,576.03",INV-10195,"20,576.03",0.00
PMT-31603,Receipt,03/17/2026,C-0133,Sawtooth Natural Foods,ACH,977136608819712,USD,"12,231.32",1.0000,"12,231.32",INV-10212,"12,231.32",0.00
PMT-31604,Receipt,03/17/2026,C-0273,Coldwater Creek Market,CHECK,5774,USD,"24,949.92",1.0000,"24,949.92",INV-10202,"24,949.92",0.00
PMT-31605,Receipt,03/17/2026,C-0399,Larch Mountain Mercantile,CHECK,6658,USD,"22,777.06",1.0000,"22,777.06",INV-10234,"22,777.06",0.00
PMT-31606,Receipt,03/18/2026,C-0198,GREEN VALLEY COOP #2,CHECK,8025,USD,"28,363.46",1.0000,"28,363.46",INV-10186,"28,363.46",0.00
PMT-31607,Receipt,03/18/2026,C-0282,Yarrow Deli,CHECK,9542,USD,"3,189.04",1.0000,"3,189.04",INV-10340,"3,189.04",0.00
PMT-31608,Receipt,03/18/2026,C-0403,Basalt Grill,ACH,961145259309854,USD,"1,484.18",1.0000,"1,484.18",INV-10304,"1,484.18",0.00
PMT-31609,Receipt,03/19/2026,C-0325,Cobalt Cafe,CHECK,7460,USD,"4,657.46",1.0000,"4,657.46",INV-10239,"1,846.52",0.00
PMT-31609,Receipt,03/19/2026,C-0325,Cobalt Cafe,CHECK,7460,USD,"4,657.46",1.0000,"4,657.46",INV-10315,"2,810.94",
PMT-31610,Receipt,03/19/2026,C-0369,Eddy Pizzeria,CHECK,3020,USD,"1,154.06",1.0000,"1,154.06",INV-10341,"1,154.06",0.00
PMT-31611,Receipt,03/20/2026,C-0047,Gable Brasserie,ACH,938579068880200,USD,"1,879.42",1.0000,"1,879.42",INV-10324,"1,879.42",0.00
PMT-31612,Receipt,03/20/2026,C-0193,Quinault Country Store,CHECK,8243,USD,"23,422.07",1.0000,"23,422.07",INV-10251,"23,422.07",0.00
PMT-31613,Receipt,03/20/2026,C-0415,Kestrel Market Hall,ACH,200161245239746,USD,"16,006.83",1.0000,"16,006.83",INV-10223,"16,006.83",0.00
PMT-31614,Receipt,03/23/2026,C-0046,Yakima Orchard Market,ACH,055899147279177,USD,"19,843.22",1.0000,"19,843.22",INV-10218,"19,843.22",0.00
PMT-31615,Receipt,03/23/2026,C-0050,Aster Kitchen,ACH,868766290488597,USD,717.71,1.0000,717.71,INV-10298,717.71,0.00
PMT-31616,Receipt,03/23/2026,C-0064,Juniper Hill Foods,ACH,244889584773529,USD,"19,804.13",1.0000,"19,804.13",INV-10193,"19,804.13",0.00
PMT-31617,Receipt,03/23/2026,C-0088,Palouse Provisions,CHECK,4231,USD,"16,261.42",1.0000,"16,261.42",INV-10219,"16,261.42",0.00
PMT-31618,Receipt,03/23/2026,C-0122,Owyhee Mercantile,ACH,447430189057863,USD,"16,402.50",1.0000,"16,402.50",INV-10217,"16,402.50",0.00
PMT-31619,Receipt,03/23/2026,C-0143,Gorge Valley Co-op,ACH,803632344861470,USD,"25,616.78",1.0000,"25,616.78",INV-10264,"25,616.78",0.00
PMT-31620,Receipt,03/23/2026,C-0158,Umber Grill,CHECK,8893,USD,"2,854.93",1.0000,"2,854.93",INV-10287,"2,854.93",0.00
PMT-31621,Receipt,03/23/2026,C-0161,Bramble Noodle House,CHECK,2715,USD,"3,525.42",1.0000,"3,525.42",INV-10282,"3,525.42",0.00
PMT-31622,Receipt,03/23/2026,C-0197,Elderberry Deli,CHECK,5395,USD,"1,063.39",1.0000,"1,063.39",INV-10288,"1,063.39",0.00
PMT-31623,Receipt,03/23/2026,C-0209,Kelp Grill,CHECK,5625,USD,"2,476.56",1.0000,"2,476.56",INV-10285,"2,476.56",0.00
PMT-31624,Receipt,03/23/2026,C-0217,Paddle Eatery,CHECK,991,USD,961.81,1.0000,961.81,INV-10302,961.81,0.00
PMT-31625,Receipt,03/23/2026,C-0306,Tillamook Road Grocery,CHECK,2321,USD,"11,413.96",1.0000,"11,413.96",INV-10256,"11,413.96",0.00
PMT-31626,Receipt,03/23/2026,C-0329,Oxbow Smokehouse,ACH,041795750881785,USD,"1,645.92",1.0000,"1,645.92",INV-10316,"1,645.92",0.00
PMT-31627,Receipt,03/23/2026,C-0330,Alder Street Market,ACH,135931406371943,USD,"25,297.50",1.0000,"25,297.50",INV-10233,"25,297.50",0.00
PMT-31628,Receipt,03/23/2026,C-0357,Mountain Grocers LLC,ACH,476355165930418,USD,"28,409.10",1.0000,"28,409.10",INV-10246,"28,409.10",0.00
PMT-31629,Receipt,03/23/2026,C-0389,Umpqua Valley Foods,ACH,133507771686425,USD,"19,512.87",1.0000,"19,512.87",INV-10194,"19,512.87",0.00
PMT-31630,Receipt,03/23/2026,C-0397,Fable Kitchen,ACH,004400457937977,USD,"1,883.22",1.0000,"1,883.22",INV-10357,"1,883.22",0.00
PMT-31631,Receipt,03/23/2026,C-0400,Salmonberry Market,CHECK,9604,USD,"22,885.38",1.0000,"22,885.38",INV-10216,"22,885.38",0.00
PMT-31632,Receipt,03/23/2026,C-0403,Basalt Grill,ACH,793361682990481,USD,"1,562.20",1.0000,"1,562.20",INV-10281,"1,562.20",0.00
PMT-31633,Receipt,03/23/2026,C-0420,Nehalem Bay Grocers,CHECK,4707,USD,"22,548.10",1.0000,"22,548.10",INV-10220,"22,548.10",0.00
PMT-31634,Receipt,03/24/2026,C-0035,Velvet Taproom,ACH,196721454045506,USD,"3,930.89",1.0000,"3,930.89",INV-10344,"3,930.89",0.00
PMT-31635,Receipt,03/24/2026,C-0120,Saltbox Kitchen,CHECK,4380,USD,"1,250.00",1.0000,"1,250.00",INV-10317,"1,250.00",0.00
PMT-31636,Receipt,03/24/2026,C-0120,Saltbox Kitchen,CHECK,9216,USD,"1,250.00",1.0000,"1,250.00",INV-10355,"1,250.00",0.00
PMT-31637,Receipt,03/24/2026,C-0130,Cinder Kitchen,ACH,915711400971501,USD,"1,019.53",1.0000,"1,019.53",INV-10358,"1,019.53",0.00
PMT-31638,Receipt,03/24/2026,C-0183,Madrona Food Co-op,ACH,775249722806460,USD,"16,883.54",1.0000,"16,883.54",INV-10279,"16,883.54",0.00
PMT-31639,Receipt,03/24/2026,C-0348,Foxglove Market,ACH,345004201876065,USD,"16,366.94",1.0000,"16,366.94",INV-10271,"16,366.94",0.00
PMT-31640,Receipt,03/24/2026,C-0406,Wharf Cantina,CHECK,9112,USD,"5,282.06",1.0000,"5,282.06",INV-10319,"3,614.39",0.00
PMT-31640,Receipt,03/24/2026,C-0406,Wharf Cantina,CHECK,9112,USD,"5,282.06",1.0000,"5,282.06",INV-10335,"1,667.67",
PMT-31641,Receipt,03/25/2026,C-0001,Meadowlark Bistro,CHECK,2519,USD,"2,415.82",1.0000,"2,415.82",INV-10370,"2,415.82",0.00
PMT-31642,Receipt,03/25/2026,C-0163,Elk Rock Provisions,ACH,888512259953194,USD,"11,837.06",1.0000,"11,837.06",INV-10258,"11,837.06",0.00
PMT-31643,Receipt,03/25/2026,C-0396,Driftwood Pantry,ACH,742222967705964,USD,"14,235.35",1.0000,"14,235.35",INV-10232,"14,235.35",0.00
PMT-31644,Receipt,03/25/2026,C-0427,Deschutes Food Hall,ACH,971040929293195,USD,"14,897.69",1.0000,"14,897.69",INV-10267,"14,897.69",0.00
PMT-31645,Receipt,03/26/2026,C-0064,Juniper Hill Foods,ACH,747720011678663,USD,"21,451.13",1.0000,"21,451.13",INV-10263,"21,451.13",0.00
PMT-31646,Receipt,03/26/2026,C-0083,Acorn Supper Club,CHECK,8699,USD,"3,529.24",1.0000,"3,529.24",INV-10325,"3,529.24",0.00
PMT-31647,Receipt,03/26/2026,C-0233,Rose City Market Hall,ACH,837253232945920,USD,"20,619.60",1.0000,"20,619.60",INV-10227,"20,619.60",0.00
PMT-31648,Receipt,03/26/2026,C-0414,Belmont Natural Foods,ACH,033135721794571,USD,"13,382.71",1.0000,"13,382.71",INV-10235,"13,382.71",0.00
PMT-31649,Receipt,03/27/2026,C-0096,Pioneer Square Provisions,ACH,136811011751614,USD,"20,727.83",1.0000,"20,727.83",INV-10245,"20,727.83",0.00
PMT-31650,Receipt,03/27/2026,C-0133,Sawtooth Natural Foods,ACH,235548818280067,USD,"16,960.88",1.0000,"16,960.88",INV-10273,"16,960.88",0.00
PMT-31651,Receipt,03/27/2026,C-0147,Vashon Island Market,ACH,818032834402884,USD,"14,542.81",1.0000,"14,542.81",INV-10236,"14,542.81",0.00
PMT-31652,Receipt,03/27/2026,C-0186,Hawthorne Fresh Market,ACH,893315121961177,USD,"12,682.86",1.0000,"12,682.86",INV-10237,"12,682.86",0.00
PMT-31653,Receipt,03/27/2026,C-0200,Ember Lane Grocers,CHECK,8007,USD,"28,140.68",1.0000,"28,140.68",INV-10291,"28,140.68",0.00
PMT-31654,Receipt,03/27/2026,C-0206,Otter Brasserie,CHECK,5235,USD,"3,232.54",1.0000,"3,232.54",INV-10307,"3,232.54",0.00
PMT-31655,Receipt,03/27/2026,C-0237,Plover Supper Club,CHECK,1658,USD,"1,925.18",1.0000,"1,925.18",INV-10308,"1,925.18",0.00
PMT-31656,Receipt,03/27/2026,C-0273,Coldwater Creek Market,CHECK,5304,USD,"27,605.07",1.0000,"27,605.07",INV-10247,"27,605.07",0.00
PMT-31657,Receipt,03/27/2026,C-0282,Yarrow Deli,CHECK,6811,USD,"3,567.24",1.0000,"3,567.24",INV-10309,"3,567.24",0.00
PMT-31658,Receipt,03/30/2026,C-0035,Velvet Taproom,ACH,836902496021135,USD,"2,428.04",1.0000,"2,428.04",INV-10327,"2,428.04",0.00
PMT-31659,Receipt,03/30/2026,C-0047,Gable Brasserie,ACH,835457860538983,USD,"2,373.51",1.0000,"2,373.51",INV-10348,"2,373.51",0.00
PMT-31660,Receipt,03/30/2026,C-0082,Chanterelle Supper Club,CHECK,5782,USD,"2,413.24",1.0000,"2,413.24",INV-10390,"2,413.24",0.00
PMT-31661,Receipt,03/30/2026,C-0105,Whidbey Harvest Co-op,ACH,642389613606454,USD,"27,441.36",1.0000,"27,441.36",INV-10248,"27,441.36",0.00
PMT-31662,Receipt,03/30/2026,C-0122,Owyhee Mercantile,ACH,538424706928149,USD,"27,833.34",1.0000,"27,833.34",INV-10255,"27,833.34",0.00
PMT-31663,Receipt,03/30/2026,C-0177,Quarterdeck Tavern,CHECK,4048,USD,"1,525.67",1.0000,"1,525.67",INV-10320,"1,525.67",0.00
PMT-31664,Receipt,03/30/2026,C-0186,Hawthorne Fresh Market,ACH,508975710084460,USD,"11,080.87",1.0000,"11,080.87",INV-10296,"11,080.87",0.00
PMT-31665,Receipt,03/30/2026,C-0214,Nectar Noodle House,CHECK,8828,USD,"3,286.86",1.0000,"3,286.86",INV-10377,"3,286.86",0.00
PMT-31666,Receipt,03/30/2026,C-0215,Nook Eatery,ACH,409794167612231,USD,"3,218.26",1.0000,"3,218.26",INV-10356,"3,218.26",0.00
PMT-31667,Receipt,03/30/2026,C-0239,Larkspur Noodle House,CHECK,3327,USD,"2,152.65",1.0000,"2,152.65",INV-10397,"2,152.65",0.00
PMT-31668,Receipt,03/30/2026,C-0335,Mountain Grocers Inc.,CHECK,6838,USD,"19,806.28",1.0000,"19,806.28",INV-10265,"19,806.28",0.00
PMT-31669,Receipt,03/30/2026,C-0378,Yellowjacket Taproom,CHECK,4203,USD,"1,590.40",1.0000,"1,590.40",INV-10318,"1,590.40",0.00
PMT-31670,Receipt,03/30/2026,C-0389,Umpqua Valley Foods,ACH,658789296956382,USD,"25,286.64",1.0000,"25,286.64",INV-10289,"25,286.64",0.00
PMT-31671,Receipt,03/30/2026,C-0401,Pinewood Kitchen,CHECK,1193,USD,"5,270.05",1.0000,"5,270.05",INV-10326,"3,376.55",0.00
PMT-31671,Receipt,03/30/2026,C-0401,Pinewood Kitchen,CHECK,1193,USD,"5,270.05",1.0000,"5,270.05",INV-10365,"1,893.50",
PMT-31672,Receipt,03/31/2026,C-0069,Riverbend Natural Grocers,ACH,449810274658886,USD,"26,627.75",1.0000,"26,627.75",INV-10257,"26,627.75",0.00
PMT-31673,Receipt,03/31/2026,C-0090,Zigzag Mountain Grocery,CHECK,5008,USD,"12,860.13",1.0000,"12,860.13",INV-10272,"12,860.13",0.00
PMT-31674,Receipt,03/31/2026,C-0219,Huckleberry Grill,ACH,379525818247718,USD,"1,977.37",1.0000,"1,977.37",INV-10392,"1,977.37",0.00
PMT-31675,Receipt,03/31/2026,C-0357,Mountain Grocers LLC,ACH,662378146128491,USD,"13,596.59",1.0000,"13,596.59",INV-10306,"13,596.59",0.00
PMT-31676,Receipt,03/31/2026,C-0397,Fable Kitchen,ACH,462591859814761,USD,928.60,1.0000,928.60,INV-10333,928.60,0.00
PMT-31677,Receipt,03/31/2026,C-0415,Kestrel Market Hall,ACH,127865979297251,USD,"11,704.08",1.0000,"11,704.08",INV-10310,"11,704.08",0.00
PMT-31678,Receipt,03/31/2026,C-0420,Nehalem Bay Grocers,CHECK,7801,USD,"23,206.93",1.0000,"23,206.93",INV-10290,"23,206.93",0.00
PMT-31679,Receipt,04/01/2026,C-0121,Upland Kitchen,ACH,848602893303882,USD,"3,488.07",1.0000,"3,488.07",INV-10345,"3,488.07",0.00
PMT-31680,Receipt,04/01/2026,C-0147,Vashon Island Market,ACH,343491696378952,USD,"23,144.60",1.0000,"23,144.60",INV-10294,"23,144.60",0.00
PMT-31681,Receipt,04/01/2026,C-0283,Yardarm Smokehouse,CHECK,1613,USD,"2,336.22",1.0000,"2,336.22",INV-10334,"2,336.22",0.00
PMT-31682,Receipt,04/01/2026,C-0298,Nimbus Cafe,ACH,703459412754128,USD,"1,971.39",1.0000,"1,971.39",INV-10371,"1,971.39",0.00
PMT-31683,Receipt,04/01/2026,C-0396,Driftwood Pantry,ACH,155268317124533,USD,"17,397.59",1.0000,"17,397.59",INV-10328,"17,397.59",0.00
PMT-31684,Receipt,04/02/2026,C-0056,Granary Pizzeria,CHECK,6910,USD,"3,314.59",1.0000,"3,314.59",INV-10382,"3,314.59",0.00
PMT-31685,Receipt,04/02/2026,C-0130,Cinder Kitchen,ACH,216451683564783,USD,"3,486.15",1.0000,"3,486.15",INV-10350,"3,486.15",0.00
PMT-31686,Receipt,04/02/2026,C-0132,Jubilee Cantina,ACH,737499624931722,USD,"4,008.65",1.0000,"4,008.65",INV-10372,"4,008.65",0.00
PMT-31687,Receipt,04/02/2026,C-0198,GREEN VALLEY COOP #2,CHECK,790,USD,"16,422.82",1.0000,"16,422.82",INV-10252,"16,422.82",0.00
PMT-31688,Receipt,04/02/2026,C-0204,Foundry Bakery,CHECK,2580,USD,"4,257.80",1.0000,"4,257.80",INV-10396,"1,291.59",0.00
PMT-31688,Receipt,04/02/2026,C-0204,Foundry Bakery,CHECK,2580,USD,"4,257.80",1.0000,"4,257.80",INV-10407,"2,966.21",
PMT-31689,Receipt,04/02/2026,C-0206,Otter Brasserie,CHECK,1511,USD,"1,934.23",1.0000,"1,934.23",INV-10404,"1,934.23",0.00
PMT-31690,Receipt,04/02/2026,C-0272,Ramble Deli,CHECK,805,USD,"3,719.65",1.0000,"3,719.65",INV-10346,"3,719.65",0.00
PMT-31691,Receipt,04/02/2026,C-0305,Bittern Bistro,CHECK,6752,USD,"4,160.19",1.0000,"4,160.19",INV-10414,"4,160.19",0.00
PMT-31692,Receipt,04/02/2026,C-0324,Obsidian Grill,ACH,268032670560163,USD,"2,978.85",1.0000,"2,978.85",INV-10405,"2,978.85",0.00
PMT-31693,Receipt,04/02/2026,C-0400,Salmonberry Market,CHECK,7807,USD,"19,331.23",1.0000,"19,331.23",INV-10266,"19,331.23",0.00
PMT-31694,Receipt,04/03/2026,C-0012,Olallie Market,CHECK,8849,USD,"18,089.65",1.0000,"18,089.65",INV-10253,"18,089.65",0.00
PMT-31695,Receipt,04/03/2026,C-0033,Treasure Valley Market,CHECK,641,USD,"25,655.12",1.0000,"25,655.12",INV-10254,"25,655.12",0.00
PMT-31696,Receipt,04/03/2026,C-0046,Yakima Orchard Market,ACH,488321595255765,USD,"15,968.08",1.0000,"15,968.08",INV-10305,"15,968.08",0.00
PMT-31697,Receipt,04/03/2026,C-0075,Vesper Pizzeria,CHECK,672,USD,766.37,1.0000,766.37,INV-10389,766.37,0.00
PMT-31698,Receipt,04/03/2026,C-0193,Quinault Country Store,CHECK,243,USD,"18,869.53",1.0000,"18,869.53",INV-10339,"18,869.53",0.00
PMT-31699,Receipt,04/03/2026,C-0399,Larch Mountain Mercantile,CHECK,6883,USD,"22,944.72",1.0000,"22,944.72",INV-10295,"22,944.72",0.00
PMT-31700,Receipt,04/03/2026,C-0425,Thistle Pizzeria,CHECK,4662,USD,"2,578.31",1.0000,"2,578.31",INV-10388,"2,578.31",0.00
PMT-31701,Receipt,04/06/2026,C-0027,Cascade Harvest Grocers,CHECK,3108,USD,"11,533.86",1.0000,"11,533.86",INV-10268,"11,533.86",0.00
PMT-31702,Receipt,04/06/2026,C-0027,Cascade Harvest Grocers,CHECK,6684,USD,"12,981.31",1.0000,"12,981.31",INV-10331,"12,981.31",0.00
PMT-31703,Receipt,04/06/2026,C-0045,Bridgetown Pantry,CHECK,8829,USD,"27,093.40",1.0000,"27,093.40",INV-10299,"27,093.40",0.00
PMT-31704,Receipt,04/06/2026,C-0064,Juniper Hill Foods,ACH,550792772588602,USD,"15,014.13",1.0000,"15,014.13",INV-10312,"15,014.13",0.00
PMT-31705,Receipt,04/06/2026,C-0106,Fiddlehead Taproom,ACH,784031118891666,USD,"1,469.49",1.0000,"1,469.49",INV-10364,"1,469.49",0.00
PMT-31706,Receipt,04/06/2026,C-0182,Jasper Bakery,CHECK,1896,USD,"3,417.54",1.0000,"3,417.54",INV-10403,"3,417.54",0.00
PMT-31707,Receipt,04/06/2026,C-0272,Ramble Deli,CHECK,561,USD,745.02,1.0000,745.02,INV-10425,745.02,0.00
PMT-31708,Receipt,04/06/2026,C-0278,Sorrel Cantina,CHECK,646,USD,"2,522.58",1.0000,"2,522.58",INV-10419,"2,522.58",0.00
PMT-31709,Receipt,04/06/2026,C-0297,Canopy Deli,CHECK,166,USD,"1,971.79",1.0000,"1,971.79",INV-10393,"1,971.79",0.00
PMT-31710,Receipt,04/06/2026,C-0308,Northstar Deli,ACH,108424784491374,USD,"3,133.78",1.0000,"3,133.78",INV-10378,"3,133.78",0.00
PMT-31711,Receipt,04/06/2026,C-0329,Oxbow Smokehouse,ACH,303662607566718,USD,"2,970.99",1.0000,"2,970.99",INV-10352,"2,970.99",0.00
PMT-31712,Receipt,04/06/2026,C-0331,Ironwood Grocery,ACH,504939946475653,USD,"23,985.37",1.0000,"23,985.37",INV-10269,"23,985.37",0.00
PMT-31713,Receipt,04/06/2026,C-0400,Salmonberry Market,CHECK,5026,USD,"11,628.61",1.0000,"11,628.61",INV-10354,"11,628.61",0.00
PMT-31714,Receipt,04/07/2026,C-0108,Millrace Pizzeria,CHECK,3238,USD,"1,330.60",1.0000,"1,330.60",INV-10433,"1,330.60",0.00
PMT-31715,Receipt,04/07/2026,C-0197,Elderberry Deli,CHECK,3695,USD,"3,401.87",1.0000,"3,401.87",INV-10442,"3,401.87",0.00
PMT-31716,Receipt,04/07/2026,C-0233,Rose City Market Hall,ACH,700516054139190,USD,"14,801.76",1.0000,"14,801.76",INV-10292,"14,801.76",0.00
PMT-31717,Receipt,04/07/2026,C-0296,Bluebird Smokehouse,CHECK,3975,USD,"1,182.12",1.0000,"1,182.12",INV-10398,"1,182.12",0.00
PMT-31718,Receipt,04/07/2026,C-0414,Belmont Natural Foods,ACH,359342013450216,USD,"18,191.63",1.0000,"18,191.63",INV-10284,"18,191.63",0.00
PMT-31719,Receipt,04/08/2026,C-0087,Inkwell Supper Club,CHECK,6282,USD,"3,932.48",1.0000,"3,932.48",INV-10376,"3,932.48",0.00
PMT-31720,Receipt,04/08/2026,C-0122,Owyhee Mercantile,ACH,510990039369049,USD,"21,953.97",1.0000,"21,953.97",INV-10342,"21,953.97",0.00
PMT-31721,Receipt,04/08/2026,C-0250,Nettle Cantina,ACH,604356127958736,USD,"2,178.98",1.0000,"2,178.98",INV-10383,"2,178.98",0.00
PMT-31722,Receipt,04/08/2026,C-0359,Yew Grill,ACH,205826743667805,USD,"3,806.99",1.0000,"3,806.99",INV-10387,"3,806.99",0.00
PMT-31723,Receipt,04/08/2026,C-0402,Verbena Supper Club,CHECK,4545,USD,"2,979.47",1.0000,"2,979.47",INV-10421,"2,979.47",0.00
PMT-31724,Receipt,04/09/2026,C-0088,Palouse Provisions,CHECK,2519,USD,"20,233.38",1.0000,"20,233.38",INV-10311,"20,233.38",0.00
PMT-31725,Receipt,04/09/2026,C-0107,Green Valley Co-op,CHECK,4022,USD,"23,991.49",1.0000,"23,991.49",INV-10300,"23,991.49",0.00
PMT-31726,Receipt,04/09/2026,C-0221,Kiln Deli,CHECK,5705,USD,"3,403.84",1.0000,"3,403.84",INV-10429,"3,403.84",0.00
PMT-31727,Receipt,04/09/2026,C-0242,Pumice Cantina,CHECK,1351,USD,"1,740.21",1.0000,"1,740.21",INV-10432,"1,740.21",0.00
PMT-31728,Receipt,04/09/2026,C-0348,Foxglove Market,ACH,618181617709070,USD,"25,441.84",1.0000,"25,441.84",INV-10330,"25,441.84",0.00
PMT-31729,Receipt,04/09/2026,C-0427,Deschutes Food Hall,ACH,007880306062815,USD,"24,323.71",1.0000,"24,323.71",INV-10359,"24,323.71",0.00
PMT-31730,Receipt,04/10/2026,C-0096,Pioneer Square Provisions,ACH,470268170663511,USD,"16,252.74",1.0000,"16,252.74",INV-10293,"16,252.74",0.00
PMT-31731,Receipt,04/10/2026,C-0105,Whidbey Harvest Co-op,ACH,928539833199923,USD,"22,560.52",1.0000,"22,560.52",INV-10313,"22,560.52",0.00
PMT-31732,Receipt,04/10/2026,C-0106,Fiddlehead Taproom,ACH,142698868366326,USD,"3,937.47",1.0000,"3,937.47",INV-10434,"3,937.47",0.00
PMT-31733,Receipt,04/10/2026,C-0155,Lodestar Cafe,CHECK,7482,USD,"2,418.84",1.0000,"2,418.84",INV-10441,"2,418.84",0.00
PMT-31734,Receipt,04/10/2026,C-0198,GREEN VALLEY COOP #2,CHECK,3762,USD,"15,438.62",1.0000,"15,438.62",INV-10337,"15,438.62",0.00
PMT-31735,Receipt,04/10/2026,C-0306,Tillamook Road Grocery,CHECK,500,USD,"21,529.67",1.0000,"21,529.67",INV-10314,"21,529.67",0.00
PMT-31736,Receipt,04/10/2026,C-0379,Filbert & Oak Market,ACH,660645761855141,USD,"24,872.86",1.0000,"24,872.86",INV-10283,"24,872.86",0.00
PMT-31737,Receipt,04/13/2026,C-0033,Treasure Valley Market,CHECK,8651,USD,"25,409.31",1.0000,"25,409.31",INV-10329,"25,409.31",0.00
PMT-31738,Receipt,04/13/2026,C-0069,Riverbend Natural Grocers,ACH,355023937812035,USD,"21,920.63",1.0000,"21,920.63",INV-10369,"21,920.63",0.00
PMT-31739,Receipt,04/13/2026,C-0090,Zigzag Mountain Grocery,CHECK,9018,USD,"23,930.58",1.0000,"23,930.58",INV-10332,"23,930.58",0.00
PMT-31740,Receipt,04/13/2026,C-0093,Heron Cafe,ACH,787496716036815,USD,"1,602.39",1.0000,"1,602.39",INV-10406,"1,602.39",0.00
PMT-31741,Receipt,04/13/2026,C-0121,Upland Kitchen,ACH,100875236760040,USD,"3,826.92",1.0000,"3,826.92",INV-10384,"3,826.92",0.00
PMT-31742,Receipt,04/13/2026,C-0132,Jubilee Cantina,ACH,861241809100978,USD,"1,998.32",1.0000,"1,998.32",INV-10436,"1,998.32",0.00
PMT-31743,Receipt,04/13/2026,C-0143,Gorge Valley Co-op,ACH,686661950043736,USD,"15,743.40",1.0000,"15,743.40",INV-10321,"15,743.40",0.00
PMT-31744,Receipt,04/13/2026,C-0163,Elk Rock Provisions,ACH,115885572718753,USD,"17,058.13",1.0000,"17,058.13",INV-10322,"17,058.13",0.00
PMT-31745,Receipt,04/13/2026,C-0183,Madrona Food Co-op,ACH,251478433625539,USD,"13,269.11",1.0000,"13,269.11",INV-10338,"13,269.11",0.00
PMT-31746,Receipt,04/13/2026,C-0273,Coldwater Creek Market,CHECK,8562,USD,"25,055.15",1.0000,"25,055.15",INV-10351,"25,055.15",0.00
PMT-31747,Receipt,04/13/2026,C-0301,Alpenkost GmbH,WIRE,FT1004308078,EUR,"10,376.62",1.0816,"11,223.35",INV-9896,"10,376.62",0.00
PMT-31748,Receipt,04/13/2026,C-0330,Alder Street Market,ACH,117817727268991,USD,"21,946.30",1.0000,"21,946.30",INV-10303,"21,946.30",0.00
PMT-31749,Receipt,04/13/2026,C-0335,Mountain Grocers Inc.,CHECK,525,USD,"23,092.42",1.0000,"23,092.42",INV-10353,"23,092.42",0.00
PMT-31750,Receipt,04/13/2026,C-0359,Yew Grill,ACH,295331223304928,USD,748.95,1.0000,748.95,INV-10462,748.95,0.00
PMT-31751,Receipt,04/13/2026,C-0379,Filbert & Oak Market,ACH,801537321936149,USD,"15,169.61",1.0000,"15,169.61",INV-10367,"15,169.61",0.00
PMT-31752,Receipt,04/13/2026,C-0399,Larch Mountain Mercantile,CHECK,1535,USD,"26,807.25",1.0000,"26,807.25",INV-10349,"26,807.25",0.00
PMT-31753,Receipt,04/14/2026,C-0012,Olallie Market,CHECK,8874,USD,"17,135.71",1.0000,"17,135.71",INV-10323,"17,135.71",0.00
PMT-31754,Receipt,04/14/2026,C-0147,Vashon Island Market,ACH,286871644314812,USD,"25,275.22",1.0000,"25,275.22",INV-10375,"25,275.22",0.00
PMT-31755,Receipt,04/14/2026,C-0357,Mountain Grocers LLC,ACH,406160302177682,USD,"24,488.05",1.0000,"24,488.05",INV-10408,"24,488.05",0.00
PMT-31756,Receipt,04/14/2026,C-0396,Driftwood Pantry,ACH,216251808421876,USD,"15,865.90",1.0000,"15,865.90",INV-10385,"15,865.90",0.00
PMT-31757,Receipt,04/15/2026,C-0133,Sawtooth Natural Foods,ACH,311822733845251,USD,"13,466.98",1.0000,"13,466.98",INV-10336,"13,466.98",0.00
PMT-31758,Receipt,04/15/2026,C-0414,Belmont Natural Foods,ACH,451456925898553,USD,"16,942.27",1.0000,"16,942.27",INV-10374,"16,942.27",0.00
PMT-31759,Receipt,04/16/2026,C-0045,Bridgetown Pantry,CHECK,3258,USD,"21,684.60",1.0000,"21,684.60",INV-10360,"21,684.60",0.00
PMT-31760,Receipt,04/16/2026,C-0088,Palouse Provisions,CHECK,4896,USD,"14,701.41",1.0000,"14,701.41",INV-10373,"14,701.41",0.00
PMT-31761,Receipt,04/16/2026,C-0380,Quill Grill,ACH,534716266872451,USD,"1,932.96",1.0000,"1,932.96",INV-10477,"1,932.96",0.00
PMT-31762,Receipt,04/17/2026,C-0001,Meadowlark Bistro,CHECK,15,USD,"2,577.47",1.0000,"2,577.47",INV-10458,"2,577.47",0.00
PMT-31763,Receipt,04/17/2026,C-0237,Plover Supper Club,CHECK,8674,USD,"1,308.42",1.0000,"1,308.42",INV-10431,"1,308.42",0.00
PMT-31764,Receipt,04/17/2026,C-0308,Northstar Deli,ACH,797617902929998,USD,"2,180.16",1.0000,"2,180.16",INV-10473,"2,180.16",0.00
PMT-31765,Receipt,04/17/2026,C-0389,Umpqua Valley Foods,ACH,692603223379517,USD,"14,088.31",1.0000,"14,088.31",INV-10366,"14,088.31",0.00
PMT-31766,Receipt,04/20/2026,C-0031,Oyster Taproom,CHECK,9167,USD,"2,135.45",1.0000,"2,135.45",INV-10449,"2,135.45",0.00
PMT-31767,Receipt,04/20/2026,C-0033,Treasure Valley Market,CHECK,8741,USD,"26,197.30",1.0000,"26,197.30",INV-10386,"26,197.30",0.00
PMT-31768,Receipt,04/20/2026,C-0037,Bellwether Tavern,ACH,223487791272191,USD,"3,903.22",1.0000,"3,903.22",INV-10486,"3,903.22",0.00
PMT-31769,Receipt,04/20/2026,C-0055,Lumen Kitchen,ACH,248813402226918,USD,"2,864.35",1.0000,"2,864.35",INV-10491,"2,864.35",0.00
PMT-31770,Receipt,04/20/2026,C-0089,Kinfolk Pizzeria,ACH,781064699208447,USD,"1,369.77",1.0000,"1,369.77",INV-10459,"1,369.77",0.00
PMT-31771,Receipt,04/20/2026,C-0089,Kinfolk Pizzeria,ACH,765021894649879,USD,"3,323.82",1.0000,"3,323.82",INV-10503,"3,323.82",0.00
PMT-31772,Receipt,04/20/2026,C-0105,Whidbey Harvest Co-op,ACH,282251866112907,USD,"11,717.66",1.0000,"11,717.66",INV-10416,"11,717.66",0.00
PMT-31773,Receipt,04/20/2026,C-0115,Gull Eatery,ACH,455380143579032,USD,"4,033.34",1.0000,"4,033.34",INV-10460,"4,033.34",0.00
PMT-31774,Receipt,04/20/2026,C-0129,Anchor Pizzeria,CHECK,354,USD,"3,791.77",1.0000,"3,791.77",INV-10444,"3,791.77",0.00
PMT-31775,Receipt,04/20/2026,C-0143,Gorge Valley Co-op,ACH,805264724794496,USD,"18,860.46",1.0000,"18,860.46",INV-10400,"18,860.46",0.00
PMT-31776,Receipt,04/20/2026,C-0186,Hawthorne Fresh Market,ACH,356673431002398,USD,"27,013.20",1.0000,"27,013.20",INV-10361,"27,013.20",0.00
PMT-31777,Receipt,04/20/2026,C-0193,Quinault Country Store,CHECK,7036,USD,"23,641.48",1.0000,"23,641.48",INV-10379,"23,641.48",0.00
PMT-31778,Receipt,04/20/2026,C-0198,GREEN VALLEY COOP #2,CHECK,1962,USD,"21,009.71",1.0000,"21,009.71",INV-10401,"21,009.71",0.00
PMT-31779,Receipt,04/20/2026,C-0200,Ember Lane Grocers,CHECK,6308,USD,"16,980.43",1.0000,"16,980.43",INV-10343,"16,980.43",0.00
PMT-31780,Receipt,04/20/2026,C-0206,Otter Brasserie,CHECK,139,USD,"1,106.18",1.0000,"1,106.18",INV-10488,"1,106.18",0.00
PMT-31781,Receipt,04/20/2026,C-0233,Rose City Market Hall,ACH,943658726858475,USD,"27,098.29",1.0000,"27,098.29",INV-10380,"27,098.29",0.00
PMT-31782,Receipt,04/20/2026,C-0281,Tidewater Deli,CHECK,1281,USD,"1,276.54",1.0000,"1,276.54",INV-10426,"1,276.54",0.00
PMT-31783,Receipt,04/20/2026,C-0329,Oxbow Smokehouse,ACH,093022106318462,USD,"2,400.00",1.0000,"2,400.00",INV-10430,"2,400.00",0.00
PMT-31784,Receipt,04/20/2026,C-0331,Ironwood Grocery,ACH,705993986191253,USD,"18,621.98",1.0000,"18,621.98",INV-10347,"18,621.98",0.00
PMT-31785,Receipt,04/20/2026,C-0400,Salmonberry Market,CHECK,8655,USD,"25,282.19",1.0000,"25,282.19",INV-10420,"25,282.19",0.00
PMT-31786,Receipt,04/20/2026,C-0406,Wharf Cantina,CHECK,4515,USD,"2,723.76",1.0000,"2,723.76",INV-10495,"2,723.76",0.00
PMT-31787,Receipt,04/20/2026,C-0415,Kestrel Market Hall,ACH,945359654320279,USD,"25,563.69",1.0000,"25,563.69",INV-10363,"25,563.69",0.00
PMT-31788,Receipt,04/21/2026,C-0096,Pioneer Square Provisions,ACH,631459382447356,USD,"16,764.84",1.0000,"16,764.84",INV-10362,"16,764.84",0.00
PMT-31789,Receipt,04/21/2026,C-0107,Green Valley Co-op,CHECK,3543,USD,"18,545.31",1.0000,"18,545.31",INV-10391,"18,545.31",0.00
PMT-31790,Receipt,04/21/2026,C-0335,Mountain Grocers Inc.,CHECK,7558,USD,"25,376.90",1.0000,"25,376.90",INV-10402,"25,376.90",0.00
PMT-31791,Receipt,04/21/2026,C-0351,Yeoman Brasserie,CHECK,4427,USD,"2,589.78",1.0000,"2,589.78",INV-10455,"2,589.78",0.00
PMT-31792,Receipt,04/22/2026,C-0012,Olallie Market,CHECK,5813,USD,"26,628.77",1.0000,"26,628.77",INV-10418,"26,628.77",0.00
PMT-31793,Receipt,04/22/2026,C-0183,Madrona Food Co-op,ACH,964497777451863,USD,"14,771.31",1.0000,"14,771.31",INV-10422,"14,771.31",0.00
PMT-31794,Receipt,04/22/2026,C-0301,Alpenkost GmbH,WIRE,FT3163466838,EUR,"9,695.94",1.0913,"10,581.18",INV-9890,"9,695.94",0.00
PMT-31795,Receipt,04/22/2026,C-0428,Birchwood Bistro,CHECK,6904,USD,"3,549.64",1.0000,"3,549.64",INV-10517,"3,549.64",0.00
PMT-31796,Receipt,04/23/2026,C-0208,Ursa Noodle House,ACH,605419537919109,USD,"1,721.60",1.0000,"1,721.60",INV-10504,"1,721.60",0.00
PMT-31797,Receipt,04/23/2026,C-0219,Huckleberry Grill,ACH,243391388824359,USD,"2,485.52",1.0000,"2,485.52",INV-10464,"2,485.52",0.00
PMT-31798,Receipt,04/23/2026,C-0420,Nehalem Bay Grocers,CHECK,4859,USD,"25,340.41",1.0000,"25,340.41",INV-10368,"25,340.41",0.00
PMT-31799,Receipt,04/24/2026,C-0037,Bellwether Tavern,ACH,499157733125636,USD,"1,118.39",1.0000,"1,118.39",INV-10510,"1,118.39",0.00
PMT-31800,Receipt,04/24/2026,C-0130,Cinder Kitchen,ACH,746615850520285,USD,"2,804.75",1.0000,"2,804.75",INV-10461,"2,804.75",0.00
PMT-31801,Receipt,04/24/2026,C-0330,Alder Street Market,ACH,692016912003419,USD,"19,210.48",1.0000,"19,210.48",INV-10399,"19,210.48",0.00
PMT-31802,Receipt,04/24/2026,C-0390,Dogwood Bistro,ACH,539271507134135,USD,"3,223.65",1.0000,"3,223.65",INV-10505,"3,223.65",0.00
PMT-31803,Receipt,04/24/2026,C-0427,Deschutes Food Hall,ACH,590498740257601,USD,"11,368.92",1.0000,"11,368.92",INV-10443,"11,368.92",0.00
PMT-31804,Receipt,04/27/2026,C-0027,Cascade Harvest Grocers,CHECK,5677,USD,"19,736.94",1.0000,"19,736.94",INV-10394,"19,736.94",0.00
PMT-31805,Receipt,04/27/2026,C-0046,Yakima Orchard Market,ACH,237924036181201,USD,"20,391.96",1.0000,"20,391.96",INV-10381,"20,391.96",0.00
PMT-31806,Receipt,04/27/2026,C-0047,Gable Brasserie,ACH,219734210991164,USD,"3,288.07",1.0000,"3,288.07",INV-10512,"3,288.07",0.00
PMT-31807,Receipt,04/27/2026,C-0050,Aster Kitchen,ACH,273685741848539,USD,"4,000.61",1.0000,"4,000.61",INV-10463,"4,000.61",0.00
PMT-31808,Receipt,04/27/2026,C-0064,Juniper Hill Foods,ACH,214480454187386,USD,"22,461.23",1.0000,"22,461.23",INV-10415,"22,461.23",0.00
PMT-31809,Receipt,04/27/2026,C-0090,Zigzag Mountain Grocery,CHECK,7953,USD,"22,322.79",1.0000,"22,322.79",INV-10411,"22,322.79",0.00
PMT-31810,Receipt,04/27/2026,C-0093,Heron Cafe,ACH,376042835144569,USD,"3,574.86",1.0000,"3,574.86",INV-10492,"3,574.86",0.00
PMT-31811,Receipt,04/27/2026,C-0112,Loam Bakery,CHECK,3131,USD,"3,055.24",1.0000,"3,055.24",INV-10474,"3,055.24",0.00
PMT-31812,Receipt,04/27/2026,C-0133,Sawtooth Natural Foods,ACH,655685102703105,USD,"12,070.27",1.0000,"12,070.27",INV-10428,"12,070.27",0.00
PMT-31813,Receipt,04/27/2026,C-0136,Redtail Brasserie,CHECK,5248,USD,"1,859.03",1.0000,"1,859.03",INV-10511,"1,859.03",0.00
PMT-31814,Receipt,04/27/2026,C-0147,Vashon Island Market,ACH,141571218931365,USD,"23,238.19",1.0000,"23,238.19",INV-10437,"23,238.19",0.00
PMT-31815,Receipt,04/27/2026,C-0237,Plover Supper Club,CHECK,2735,USD,"3,261.65",1.0000,"3,261.65",INV-10499,"3,261.65",0.00
PMT-31816,Receipt,04/27/2026,C-0261,Harbor Tavern,ACH,751463435579291,USD,"1,984.46",1.0000,"1,984.46",INV-10500,"1,984.46",0.00
PMT-31817,Receipt,04/27/2026,C-0297,Canopy Deli,CHECK,5098,USD,788.25,1.0000,788.25,INV-10515,788.25,0.00
PMT-31818,Receipt,04/27/2026,C-0331,Ironwood Grocery,ACH,712941022729713,USD,"26,479.75",1.0000,"26,479.75",INV-10454,"26,479.75",0.00
PMT-31819,Receipt,04/27/2026,C-0348,Foxglove Market,ACH,057897043079280,USD,"27,246.68",1.0000,"27,246.68",INV-10409,"27,246.68",0.00
PMT-31820,Receipt,04/28/2026,C-0186,Hawthorne Fresh Market,ACH,757979350609831,USD,"25,722.89",1.0000,"25,722.89",INV-10438,"25,722.89",0.00
PMT-31821,Receipt,04/28/2026,C-0204,Foundry Bakery,CHECK,3608,USD,"2,450.20",1.0000,"2,450.20",INV-10514,"2,450.20",0.00
PMT-31822,Receipt,04/28/2026,C-0218,Undertow Bakery,ACH,954967162258878,USD,"4,192.04",1.0000,"4,192.04",INV-10545,"4,192.04",0.00
PMT-31823,Receipt,04/28/2026,C-0396,Driftwood Pantry,ACH,424432025335597,USD,"25,267.05",1.0000,"25,267.05",INV-10427,"25,267.05",0.00
PMT-31824,Receipt,04/29/2026,C-0163,Elk Rock Provisions,ACH,181557337309288,USD,"21,299.02",1.0000,"21,299.02",INV-10412,"21,299.02",0.00
PMT-31825,Receipt,04/29/2026,C-0218,Undertow Bakery,ACH,913934888455026,USD,"2,354.75",1.0000,"2,354.75",INV-10489,"2,354.75",0.00
PMT-31826,Receipt,04/29/2026,C-0306,Tillamook Road Grocery,CHECK,8999,USD,"22,428.39",1.0000,"22,428.39",INV-10395,"22,428.39",0.00
PMT-31827,Receipt,04/29/2026,C-0399,Larch Mountain Mercantile,CHECK,4287,USD,"21,063.10",1.0000,"21,063.10",INV-10450,"21,063.10",0.00
PMT-31828,Receipt,04/30/2026,C-0069,Riverbend Natural Grocers,ACH,625425005507011,USD,"15,900.92",1.0000,"15,900.92",INV-10410,"15,900.92",0.00
PMT-31829,Receipt,04/30/2026,C-0088,Palouse Provisions,CHECK,5566,USD,"11,978.31",1.0000,"11,978.31",INV-10465,"11,978.31",0.00
PMT-31830,Receipt,04/30/2026,C-0115,Gull Eatery,ACH,270465212051640,USD,"3,297.06",1.0000,"3,297.06",INV-10478,"3,297.06",0.00
PMT-31831,Receipt,04/30/2026,C-0273,Coldwater Creek Market,CHECK,3239,USD,"21,169.35",1.0000,"21,169.35",INV-10417,"21,169.35",0.00
PMT-31832,Receipt,04/30/2026,C-0275,Tamarack Smokehouse,CHECK,5246,USD,"1,534.22",1.0000,"1,534.22",INV-10483,"1,534.22",0.00
PMT-31833,Receipt,05/01/2026,C-0050,Aster Kitchen,ACH,537887587468975,USD,"3,288.58",1.0000,"3,288.58",INV-10487,"3,288.58",0.00
PMT-31834,Receipt,05/01/2026,C-0200,Ember Lane Grocers,CHECK,2914,USD,"28,128.51",1.0000,"28,128.51",INV-10413,"28,128.51",0.00
PMT-31835,Receipt,05/01/2026,C-0301,Alpenkost GmbH,WIRE,FT3201902148,EUR,"5,212.36",1.0990,"5,728.38",INV-9934,"5,212.36",0.00
PMT-31836,Receipt,05/01/2026,C-0357,Mountain Grocers LLC,ACH,003679900748673,USD,"15,705.30",1.0000,"15,705.30",INV-10423,"15,705.30",0.00
PMT-31837,Receipt,05/01/2026,C-0369,Eddy Pizzeria,CHECK,4605,USD,"2,229.04",1.0000,"2,229.04",INV-10501,"2,229.04",0.00
PMT-31838,Receipt,05/01/2026,C-0379,Filbert & Oak Market,ACH,515024187219242,USD,"26,928.94",1.0000,"26,928.94",INV-10424,"26,928.94",0.00
PMT-31839,Receipt,05/01/2026,C-0420,Nehalem Bay Grocers,CHECK,975,USD,"12,393.77",1.0000,"12,393.77",INV-10452,"12,393.77",0.00
PMT-31840,Receipt,05/04/2026,C-0105,Whidbey Harvest Co-op,ACH,875775624286335,USD,"17,108.04",1.0000,"17,108.04",INV-10498,"17,108.04",0.00
PMT-31841,Receipt,05/04/2026,C-0122,Owyhee Mercantile,ACH,596169751578772,USD,"27,657.31",1.0000,"27,657.31",INV-10435,"27,657.31",0.00
PMT-31842,Receipt,05/04/2026,C-0183,Madrona Food Co-op,ACH,899789022334287,USD,"19,026.90",1.0000,"19,026.90",INV-10466,"19,026.90",0.00
PMT-31843,Receipt,05/04/2026,C-0273,Coldwater Creek Market,CHECK,5114,USD,"18,748.89",1.0000,"18,748.89",INV-10493,"18,748.89",0.00
PMT-31844,Receipt,05/04/2026,C-0281,Tidewater Deli,CHECK,5094,USD,"1,476.37",1.0000,"1,476.37",INV-10531,"1,476.37",0.00
PMT-31845,Receipt,05/04/2026,C-0297,Canopy Deli,CHECK,2121,USD,"3,837.93",1.0000,"3,837.93",INV-10494,"3,837.93",0.00
PMT-31846,Receipt,05/04/2026,C-0306,Tillamook Road Grocery,CHECK,2848,USD,"25,671.58",1.0000,"25,671.58",INV-10470,"25,671.58",0.00
PMT-31847,Receipt,05/04/2026,C-0335,Mountain Grocers Inc.,CHECK,3431,USD,"13,145.62",1.0000,"13,145.62",INV-10475,"13,145.62",0.00
PMT-31848,Receipt,05/04/2026,C-0348,Foxglove Market,ACH,264103876127142,USD,"22,064.11",1.0000,"22,064.11",INV-10484,"22,064.11",0.00
PMT-31849,Receipt,05/04/2026,C-0381,Rookery Cafe,ACH,174415868188379,USD,"3,444.09",1.0000,"3,444.09",INV-10490,"3,444.09",0.00
PMT-31850,Receipt,05/04/2026,C-0414,Belmont Natural Foods,ACH,076381800743894,USD,"18,163.25",1.0000,"18,163.25",INV-10447,"18,163.25",0.00
PMT-31851,Receipt,05/04/2026,C-0415,Kestrel Market Hall,ACH,848884723253649,USD,"17,701.52",1.0000,"17,701.52",INV-10446,"17,701.52",0.00
PMT-31852,Receipt,05/05/2026,C-0163,Elk Rock Provisions,ACH,034925095413153,USD,"22,694.03",1.0000,"22,694.03",INV-10481,"22,694.03",0.00
PMT-31853,Receipt,05/05/2026,C-0177,Quarterdeck Tavern,CHECK,8567,USD,"1,272.36",1.0000,"1,272.36",INV-10529,"1,272.36",0.00
PMT-31854,Receipt,05/05/2026,C-0264,Vale Brasserie,ACH,285918590954017,USD,"2,212.10",1.0000,"2,212.10",INV-10558,"2,212.10",0.00
PMT-31855,Receipt,05/05/2026,C-0295,Zephyr Bakery,ACH,226121222239080,USD,"2,121.90",1.0000,"2,121.90",INV-10571,"2,121.90",0.00
PMT-31856,Receipt,05/05/2026,C-0349,Dovetail Taproom,ACH,161414518351888,USD,"2,884.82",1.0000,"2,884.82",INV-10550,"2,884.82",0.00
PMT-31857,Receipt,05/06/2026,C-0096,Pioneer Square Provisions,ACH,588262063662577,USD,"20,156.87",1.0000,"20,156.87",INV-10457,"20,156.87",0.00
PMT-31858,Receipt,05/06/2026,C-0121,Upland Kitchen,ACH,736952043746234,USD,"3,430.57",1.0000,"3,430.57",INV-10513,"3,430.57",0.00
PMT-31859,Receipt,05/06/2026,C-0133,Sawtooth Natural Foods,ACH,176799838880010,USD,"23,596.99",1.0000,"23,596.99",INV-10480,"23,596.99",0.00
PMT-31860,Receipt,05/06/2026,C-0298,Nimbus Cafe,ACH,433266153253417,USD,"2,645.37",1.0000,"2,645.37",INV-10532,"2,645.37",0.00
PMT-31861,Receipt,05/06/2026,C-0337,Saffron Taproom,CHECK,9680,USD,"3,035.48",1.0000,"3,035.48",INV-10572,"3,035.48",0.00
PMT-31862,Receipt,05/07/2026,C-0014,Rivet Supper Club,CHECK,1206,USD,"1,844.79",1.0000,"1,844.79",INV-10521,"1,844.79",0.00
PMT-31863,Receipt,05/07/2026,C-0046,Yakima Orchard Market,ACH,636228099043571,USD,"20,933.03",1.0000,"20,933.03",INV-10456,"20,933.03",0.00
PMT-31864,Receipt,05/07/2026,C-0056,Granary Pizzeria,CHECK,2711,USD,"1,467.26",1.0000,"1,467.26",INV-10587,"1,467.26",0.00
PMT-31865,Receipt,05/07/2026,C-0069,Riverbend Natural Grocers,ACH,952061055319841,USD,"15,402.42",1.0000,"15,402.42",INV-10497,"15,402.42",0.00
PMT-31866,Receipt,05/07/2026,C-0081,Fernwood Grill,CHECK,5877,USD,"1,456.65",1.0000,"1,456.65",INV-10557,"1,456.65",0.00
PMT-31867,Receipt,05/07/2026,C-0146,Jetty Tavern,ACH,210303842217782,USD,"2,562.11",1.0000,"2,562.11",INV-10528,"2,562.11",0.00
PMT-31868,Receipt,05/07/2026,C-0389,Umpqua Valley Foods,ACH,295187061129556,USD,"23,285.19",1.0000,"23,285.19",INV-10445,"23,285.19",0.00
PMT-31869,Receipt,05/07/2026,C-0411,Iris Taproom,ACH,999879687747232,USD,"3,631.28",1.0000,"3,631.28",INV-10537,"3,631.28",0.00
PMT-31870,Receipt,05/07/2026,C-0427,Deschutes Food Hall,ACH,305741130612645,USD,"15,784.59",1.0000,"15,784.59",INV-10485,"15,784.59",0.00
PMT-31871,Receipt,05/08/2026,C-0045,Bridgetown Pantry,CHECK,8824,USD,"26,629.68",1.0000,"26,629.68",INV-10453,"26,629.68",0.00
PMT-31872,Receipt,05/08/2026,C-0154,Green Valley Cooperative Market,CHECK,3996,USD,"26,513.61",1.0000,"26,513.61",INV-10472,"26,513.61",0.00
PMT-31873,Receipt,05/08/2026,C-0143,Gorge Valley Co-op,ACH,629802703757395,USD,"15,912.39",1.0000,"15,912.39",INV-10467,"15,912.39",0.00
PMT-31874,Receipt,05/08/2026,C-0193,Quinault Country Store,CHECK,1079,USD,"25,221.60",1.0000,"25,221.60",INV-10439,"25,221.60",0.00
PMT-31875,Receipt,05/08/2026,C-0198,GREEN VALLEY COOP #2,CHECK,7386,USD,"28,504.16",1.0000,"28,504.16",INV-10482,"28,504.16",0.00
PMT-31876,Receipt,05/08/2026,C-0365,Quarry Bistro,CHECK,9779,USD,"1,331.67",1.0000,"1,331.67",INV-10522,"1,331.67",0.00
PMT-31877,Receipt,05/09/2026,C-0412,Cedar & Salt Bistro,CHECK,4789,USD,"2,980.00",1.0000,"2,980.00",INV-10301,"2,980.00",0.00
PMT-31878,Receipt,05/11/2026,C-0090,Zigzag Mountain Grocery,CHECK,5152,USD,"22,500.87",1.0000,"22,500.87",INV-10479,"22,500.87",0.00
PMT-31879,Receipt,05/11/2026,C-0154,Green Valley Cooperative Market,CHECK,3994,USD,"13,130.59",1.0000,"13,130.59",INV-10508,"13,130.59",0.00
PMT-31880,Receipt,05/11/2026,C-0132,Jubilee Cantina,ACH,636669022528171,USD,"2,884.94",1.0000,"2,884.94",INV-10562,"2,884.94",0.00
PMT-31881,Receipt,05/11/2026,C-0145,Hearth Cantina,CHECK,5991,USD,719.22,1.0000,719.22,INV-10538,719.22,0.00
PMT-31882,Receipt,05/11/2026,C-0189,Ironclad Brasserie,ACH,779994245554873,USD,"3,541.41",1.0000,"3,541.41",INV-10530,"3,541.41",0.00
PMT-31883,Receipt,05/11/2026,C-0233,Rose City Market Hall,ACH,317105612182488,USD,"18,766.80",1.0000,"18,766.80",INV-10451,"18,766.80",0.00
PMT-31884,Receipt,05/11/2026,C-0330,Alder Street Market,ACH,544596688119104,USD,"16,278.68",1.0000,"16,278.68",INV-10468,"16,278.68",0.00
PMT-31885,Receipt,05/11/2026,C-0340,Eastside Cafe,CHECK,3473,USD,"2,796.30",1.0000,"2,796.30",INV-10565,"2,796.30",0.00
PMT-31886,Receipt,05/11/2026,C-0353,Uproot Cafe,ACH,010334022169006,USD,"2,382.20",1.0000,"2,382.20",INV-10603,"2,382.20",0.00
PMT-31887,Receipt,05/11/2026,C-0369,Eddy Pizzeria,CHECK,4783,USD,"2,054.05",1.0000,"2,054.05",INV-10597,"2,054.05",0.00
PMT-31888,Receipt,05/11/2026,C-0389,Umpqua Valley Foods,ACH,552519628400356,USD,"11,104.94",1.0000,"11,104.94",INV-10546,"11,104.94",0.00
PMT-31889,Receipt,05/11/2026,C-0400,Salmonberry Market,CHECK,3450,USD,"14,718.34",1.0000,"14,718.34",INV-10506,"14,718.34",0.00
PMT-31890,Receipt,05/11/2026,C-0404,Cairn Cafe,CHECK,6311,USD,"3,785.15",1.0000,"3,785.15",INV-10573,"3,785.15",0.00
PMT-31891,Receipt,05/12/2026,C-0121,Upland Kitchen,ACH,914007481273459,USD,858.65,1.0000,858.65,INV-10570,858.65,0.00
PMT-31892,Receipt,05/12/2026,C-0122,Owyhee Mercantile,ACH,556262848786229,USD,"21,869.83",1.0000,"21,869.83",INV-10527,"21,869.83",0.00
PMT-31893,Receipt,05/12/2026,C-0200,Ember Lane Grocers,CHECK,726,USD,"17,070.41",1.0000,"17,070.41",INV-10507,"17,070.41",0.00
PMT-31894,Receipt,05/12/2026,C-0291,Lantern Supper Club,ACH,023117776332908,USD,"1,777.82",1.0000,"1,777.82",INV-10602,"1,777.82",0.00
PMT-31895,Receipt,05/12/2026,C-0301,Alpenkost GmbH,WIRE,FT5057839140,EUR,"10,651.30",1.1098,"11,820.81",INV-10088,"10,651.30",0.00
PMT-31896,Receipt,05/12/2026,C-0367,Juniper Eatery,CHECK,5540,USD,"4,318.45",1.0000,"4,318.45",INV-10583,"2,395.92",0.00
PMT-31896,Receipt,05/12/2026,C-0367,Juniper Eatery,CHECK,5540,USD,"4,318.45",1.0000,"4,318.45",INV-10596,"1,922.53",
PMT-31897,Receipt,05/13/2026,C-0064,Juniper Hill Foods,ACH,339408024800388,USD,"17,562.79",1.0000,"17,562.79",INV-10496,"17,562.79",0.00
PMT-31898,Receipt,05/13/2026,C-0291,Lantern Supper Club,ACH,950011654027653,USD,"1,039.88",1.0000,"1,039.88",INV-10559,"1,039.88",0.00
PMT-31899,Receipt,05/14/2026,C-0116,Ember Eatery,CHECK,5221,USD,"1,134.03",1.0000,"1,134.03",INV-10609,"1,134.03",0.00
PMT-31900,Receipt,05/14/2026,C-0135,Vine Bistro,CHECK,2203,USD,"4,075.63",1.0000,"4,075.63",INV-10593,"4,075.63",0.00
PMT-31901,Receipt,05/14/2026,C-0161,Bramble Noodle House,CHECK,6577,USD,"3,856.11",1.0000,"3,856.11",INV-10580,"3,856.11",0.00
PMT-31902,Receipt,05/14/2026,C-0190,Magpie Tavern,CHECK,1736,USD,"1,639.67",1.0000,"1,639.67",INV-10563,"1,639.67",0.00
PMT-31903,Receipt,05/14/2026,C-0305,Bittern Bistro,CHECK,4882,USD,"3,200.15",1.0000,"3,200.15",INV-10594,"3,200.15",0.00
PMT-31904,Receipt,05/14/2026,C-0324,Obsidian Grill,ACH,944707826878271,USD,"2,071.73",1.0000,"2,071.73",INV-10589,"2,071.73",0.00
PMT-31905,Receipt,05/14/2026,C-0357,Mountain Grocers LLC,ACH,733053618022646,USD,"21,933.71",1.0000,"21,933.71",INV-10523,"21,933.71",0.00
PMT-31906,Receipt,05/15/2026,C-0027,Cascade Harvest Grocers,CHECK,5612,USD,"21,094.10",1.0000,"21,094.10",INV-10471,"21,094.10",0.00
PMT-31907,Receipt,05/15/2026,C-0033,Treasure Valley Market,CHECK,6418,USD,"20,503.00",1.0000,"20,503.00",INV-10476,"20,503.00",0.00
PMT-31908,Receipt,05/15/2026,C-0396,Driftwood Pantry,ACH,638182410365696,USD,"25,736.54",1.0000,"25,736.54",INV-10516,"25,736.54",0.00
PMT-31909,Receipt,05/18/2026,C-0012,Olallie Market,CHECK,5375,USD,"12,851.26",1.0000,"12,851.26",INV-10469,"12,851.26",0.00
PMT-31910,Receipt,05/18/2026,C-0012,Olallie Market,CHECK,1421,USD,"19,943.44",1.0000,"19,943.44",INV-10556,"19,943.44",0.00
PMT-31911,Receipt,05/18/2026,C-0088,Palouse Provisions,CHECK,8766,USD,"11,234.33",1.0000,"11,234.33",INV-10547,"11,234.33",0.00
PMT-31912,Receipt,05/18/2026,C-0096,Pioneer Square Provisions,ACH,189793391757043,USD,"17,506.13",1.0000,"17,506.13",INV-10569,"17,506.13",0.00
PMT-31913,Receipt,05/18/2026,C-0112,Loam Bakery,CHECK,2352,USD,"1,657.67",1.0000,"1,657.67",INV-10582,"1,657.67",0.00
PMT-31914,Receipt,05/18/2026,C-0207,Wildwood Tavern,CHECK,8426,USD,"3,237.59",1.0000,"3,237.59",INV-10564,"3,237.59",0.00
PMT-31915,Receipt,05/18/2026,C-0216,Arbor Kitchen,CHECK,5379,USD,"1,057.26",1.0000,"1,057.26",INV-10578,"1,057.26",0.00
PMT-31916,Receipt,05/18/2026,C-0218,Undertow Bakery,ACH,617254279622466,USD,923.62,1.0000,923.62,INV-10631,923.62,0.00
PMT-31917,Receipt,05/18/2026,C-0306,Tillamook Road Grocery,CHECK,4844,USD,"22,696.96",1.0000,"22,696.96",INV-10551,"22,696.96",0.00
PMT-31918,Receipt,05/18/2026,C-0308,Northstar Deli,ACH,934167234424410,USD,"1,720.91",1.0000,"1,720.91",INV-10576,"1,720.91",0.00
PMT-31919,Receipt,05/18/2026,C-0323,Waxwing Eatery,CHECK,8394,USD,"2,742.38",1.0000,"2,742.38",INV-10588,"2,742.38",0.00
PMT-31920,Receipt,05/18/2026,C-0330,Alder Street Market,ACH,026246066749194,USD,"21,678.85",1.0000,"21,678.85",INV-10526,"21,678.85",0.00
PMT-31921,Receipt,05/18/2026,C-0348,Foxglove Market,ACH,775155808058236,USD,"25,326.00",1.0000,"25,326.00",INV-10553,"25,326.00",0.00
PMT-31922,Receipt,05/18/2026,C-0400,Salmonberry Market,CHECK,2337,USD,"19,982.18",1.0000,"19,982.18",INV-10581,"19,982.18",0.00
PMT-31923,Receipt,05/18/2026,C-0406,Wharf Cantina,CHECK,480,USD,"2,306.03",1.0000,"2,306.03",INV-10598,"2,306.03",0.00
PMT-31924,Receipt,05/18/2026,C-0415,Kestrel Market Hall,ACH,605930566558902,USD,"24,760.75",1.0000,"24,760.75",INV-10549,"24,760.75",0.00
PMT-31925,Receipt,05/19/2026,C-0198,GREEN VALLEY COOP #2,CHECK,128,USD,"18,863.48",1.0000,"18,863.48",INV-10525,"18,863.48",0.00
PMT-31926,Receipt,05/19/2026,C-0272,Ramble Deli,CHECK,4654,USD,"2,393.66",1.0000,"2,393.66",INV-10627,"2,393.66",0.00
PMT-31927,Receipt,05/19/2026,C-0414,Belmont Natural Foods,ACH,667507367208533,USD,"23,124.59",1.0000,"23,124.59",INV-10519,"23,124.59",0.00
PMT-31928,Receipt,05/19/2026,C-0420,Nehalem Bay Grocers,CHECK,5668,USD,"16,365.04",1.0000,"16,365.04",INV-10555,"16,365.04",0.00
PMT-31929,Receipt,05/20/2026,C-0045,Bridgetown Pantry,CHECK,8922,USD,"27,823.40",1.0000,"27,823.40",INV-10502,"27,823.40",0.00
PMT-31930,Receipt,05/20/2026,C-0090,Zigzag Mountain Grocery,CHECK,3116,USD,"11,085.11",1.0000,"11,085.11",INV-10535,"11,085.11",0.00
PMT-31931,Receipt,05/20/2026,C-0120,Saltbox Kitchen,CHECK,3145,USD,"1,647.94",1.0000,"1,647.94",INV-10646,"1,647.94",0.00
PMT-31932,Receipt,05/20/2026,C-0163,Elk Rock Provisions,ACH,703363159495188,USD,"23,060.37",1.0000,"23,060.37",INV-10536,"23,060.37",0.00
PMT-31933,Receipt,05/20/2026,C-0193,Quinault Country Store,CHECK,8046,USD,"12,232.81",1.0000,"12,232.81",INV-10533,"12,232.81",0.00
PMT-31934,Receipt,05/20/2026,C-0331,Ironwood Grocery,ACH,386290327937424,USD,"20,370.14",1.0000,"20,370.14",INV-10520,"20,370.14",0.00
PMT-31935,Receipt,05/20/2026,C-0379,Filbert & Oak Market,ACH,983827173410058,USD,"13,443.71",1.0000,"13,443.71",INV-10518,"13,443.71",0.00
PMT-31936,Receipt,05/20/2026,C-0399,Larch Mountain Mercantile,CHECK,6162,USD,"15,429.41",1.0000,"15,429.41",INV-10540,"15,429.41",0.00
PMT-31937,Receipt,05/21/2026,C-0046,Yakima Orchard Market,ACH,103988259290839,USD,"18,462.25",1.0000,"18,462.25",INV-10568,"18,462.25",0.00
PMT-31938,Receipt,05/21/2026,C-0133,Sawtooth Natural Foods,ACH,562583159803739,USD,"21,418.70",1.0000,"21,418.70",INV-10543,"21,418.70",0.00
PMT-31939,Receipt,05/21/2026,C-0186,Hawthorne Fresh Market,ACH,712421410346950,USD,"19,367.27",1.0000,"19,367.27",INV-10524,"19,367.27",0.00
PMT-31940,Receipt,05/22/2026,C-0027,Cascade Harvest Grocers,CHECK,8438,USD,"28,190.20",1.0000,"28,190.20",INV-10586,"28,190.20",0.00
PMT-31941,Receipt,05/22/2026,C-0033,Treasure Valley Market,CHECK,656,USD,"27,765.59",1.0000,"27,765.59",INV-10541,"27,765.59",0.00
PMT-31942,Receipt,05/25/2026,C-0102,Indigo Deli,CHECK,4119,USD,"1,801.38",1.0000,"1,801.38",INV-10653,"1,801.38",0.00
PMT-31943,Receipt,05/25/2026,C-0105,Whidbey Harvest Co-op,ACH,966821233886718,USD,"27,397.71",1.0000,"27,397.71",INV-10566,"27,397.71",0.00
PMT-31944,Receipt,05/25/2026,C-0147,Vashon Island Market,ACH,572350841759697,USD,"13,833.21",1.0000,"13,833.21",INV-10539,"13,833.21",0.00
PMT-31945,Receipt,05/25/2026,C-0204,Foundry Bakery,CHECK,1105,USD,"2,686.43",1.0000,"2,686.43",INV-10632,"2,686.43",0.00
PMT-31946,Receipt,05/25/2026,C-0208,Ursa Noodle House,ACH,629080270756975,USD,"4,156.53",1.0000,"4,156.53",INV-10643,"4,156.53",0.00
PMT-31947,Receipt,05/25/2026,C-0233,Rose City Market Hall,ACH,759211856338074,USD,"20,075.79",1.0000,"20,075.79",INV-10534,"20,075.79",0.00
PMT-31948,Receipt,05/25/2026,C-0233,Rose City Market Hall,ACH,315278679813598,USD,"11,347.62",1.0000,"11,347.62",INV-10608,"11,347.62",0.00
PMT-31949,Receipt,05/25/2026,C-0301,Alpenkost GmbH,WIRE,FT7426361733,EUR,"7,327.85",1.1123,"8,150.77",INV-10138,"7,327.85",0.00
PMT-31950,Receipt,05/25/2026,C-0305,Bittern Bistro,CHECK,4017,USD,"3,721.38",1.0000,"3,721.38",INV-10621,"3,721.38",0.00
PMT-31951,Receipt,05/25/2026,C-0308,Northstar Deli,ACH,678164508864149,USD,"2,763.10",1.0000,"2,763.10",INV-10657,"2,763.10",0.00
PMT-31952,Receipt,05/26/2026,C-0045,Bridgetown Pantry,CHECK,9729,USD,"16,817.71",1.0000,"16,817.71",INV-10575,"16,817.71",0.00
PMT-31953,Receipt,05/26/2026,C-0088,Palouse Provisions,CHECK,8747,USD,"17,392.47",1.0000,"17,392.47",INV-10604,"17,392.47",0.00
PMT-31954,Receipt,05/26/2026,C-0136,Redtail Brasserie,CHECK,4950,USD,"1,382.00",1.0000,"1,382.00",INV-10661,"1,382.00",0.00
PMT-31955,Receipt,05/26/2026,C-0183,Madrona Food Co-op,ACH,472436832794037,USD,"19,930.89",1.0000,"19,930.89",INV-10552,"19,930.89",0.00
PMT-31956,Receipt,05/26/2026,C-0349,Dovetail Taproom,ACH,715740434758940,USD,"2,773.82",1.0000,"2,773.82",INV-10638,"2,773.82",0.00
PMT-31957,Receipt,05/26/2026,C-0427,Deschutes Food Hall,ACH,926830647693818,USD,"27,663.47",1.0000,"27,663.47",INV-10574,"27,663.47",0.00
PMT-31958,Receipt,05/27/2026,C-0143,Gorge Valley Co-op,ACH,883697504107861,USD,"16,168.35",1.0000,"16,168.35",INV-10544,"16,168.35",0.00
PMT-31959,Receipt,05/27/2026,C-0273,Coldwater Creek Market,CHECK,9857,USD,"11,531.93",1.0000,"11,531.93",INV-10554,"11,531.93",0.00
PMT-31960,Receipt,05/27/2026,C-0307,Sparrow Tavern,CHECK,567,USD,"4,153.48",1.0000,"4,153.48",INV-10676,"4,153.48",0.00
PMT-31961,Receipt,05/28/2026,C-0191,Riverstone Smokehouse,CHECK,5218,USD,"1,590.75",1.0000,"1,590.75",INV-10675,"1,590.75",0.00
PMT-31962,Receipt,05/28/2026,C-0362,Quince Noodle House,CHECK,604,USD,"4,108.83",1.0000,"4,108.83",INV-10644,"4,108.83",0.00
PMT-31963,Receipt,05/28/2026,C-0404,Cairn Cafe,CHECK,849,USD,"1,242.54",1.0000,"1,242.54",INV-10658,"1,242.54",0.00
PMT-31964,Receipt,05/29/2026,C-0064,Juniper Hill Foods,ACH,291192666959616,USD,"19,283.56",1.0000,"19,283.56",INV-10560,"19,283.56",0.00
PMT-31965,Receipt,05/29/2026,C-0200,Ember Lane Grocers,CHECK,3831,USD,"18,941.65",1.0000,"18,941.65",INV-10561,"18,941.65",0.00
PMT-31966,Receipt,05/29/2026,C-0261,Harbor Tavern,ACH,958320820857503,USD,"3,543.02",1.0000,"3,543.02",INV-10663,"3,543.02",0.00
PMT-31967,Receipt,05/29/2026,C-0331,Ironwood Grocery,ACH,354698451815157,USD,"22,890.38",1.0000,"22,890.38",INV-10591,"22,890.38",0.00
PMT-31968,Receipt,05/29/2026,C-0335,Mountain Grocers Inc.,CHECK,3408,USD,"15,171.11",1.0000,"15,171.11",INV-10548,"15,171.11",0.00
PMT-31969,Receipt,05/29/2026,C-0402,Verbena Supper Club,CHECK,3184,USD,"3,122.04",1.0000,"3,122.04",INV-10628,"3,122.04",0.00
PMT-31970,Receipt,06/01/2026,C-0046,Yakima Orchard Market,ACH,418972114517563,USD,"18,576.68",1.0000,"18,576.68",INV-10612,"18,576.68",0.00
PMT-31971,Receipt,06/01/2026,C-0064,Juniper Hill Foods,ACH,985097553190069,USD,"23,151.10",1.0000,"23,151.10",INV-10618,"23,151.10",0.00
PMT-31972,Receipt,06/01/2026,C-0069,Riverbend Natural Grocers,ACH,795014779159430,USD,"17,160.80",1.0000,"17,160.80",INV-10577,"17,160.80",0.00
PMT-31973,Receipt,06/01/2026,C-0100,Copperleaf Brasserie,ACH,648575505912756,USD,"2,419.30",1.0000,"2,419.30",INV-10711,"2,419.30",0.00
PMT-31974,Receipt,06/01/2026,C-0146,Jetty Tavern,ACH,102091101637788,USD,"3,912.16",1.0000,"3,912.16",INV-10647,"3,912.16",0.00
PMT-31975,Receipt,06/01/2026,C-0161,Bramble Noodle House,CHECK,9883,USD,"3,656.75",1.0000,"3,656.75",INV-10688,"3,656.75",0.00
PMT-31976,Receipt,06/01/2026,C-0163,Elk Rock Provisions,ACH,069468162774709,USD,"15,561.80",1.0000,"15,561.80",INV-10616,"15,561.80",0.00
PMT-31977,Receipt,06/01/2026,C-0185,Gristmill Supper Club,CHECK,1464,USD,"2,857.85",1.0000,"2,857.85",INV-10674,"2,857.85",0.00
PMT-31978,Receipt,06/01/2026,C-0190,Magpie Tavern,CHECK,7160,USD,"1,257.86",1.0000,"1,257.86",INV-10645,"1,257.86",0.00
PMT-31979,Receipt,06/01/2026,C-0191,Riverstone Smokehouse,CHECK,3247,USD,"1,061.20",1.0000,"1,061.20",INV-10662,"1,061.20",0.00
PMT-31980,Receipt,06/01/2026,C-0198,GREEN VALLEY COOP #2,CHECK,2567,USD,"11,669.94",1.0000,"11,669.94",INV-10626,"11,669.94",0.00
PMT-31981,Receipt,06/01/2026,C-0276,Mossy Rock Taproom,ACH,936561580634704,USD,"3,303.68",1.0000,"3,303.68",INV-10656,"3,303.68",0.00
PMT-31982,Receipt,06/01/2026,C-0296,Bluebird Smokehouse,CHECK,8095,USD,886.82,1.0000,886.82,INV-10664,886.82,0.00
PMT-31983,Receipt,06/01/2026,C-0306,Tillamook Road Grocery,CHECK,3219,USD,"23,763.98",1.0000,"23,763.98",INV-10622,"23,763.98",0.00
PMT-31984,Receipt,06/02/2026,C-0033,Treasure Valley Market,CHECK,5499,USD,"18,129.90",1.0000,"18,129.90",INV-10610,"18,129.90",0.00
PMT-31985,Receipt,06/02/2026,C-0122,Owyhee Mercantile,ACH,893532723511260,USD,"11,841.17",1.0000,"11,841.17",INV-10601,"11,841.17",0.00
PMT-31986,Receipt,06/02/2026,C-0155,Lodestar Cafe,CHECK,9983,USD,"1,380.29",1.0000,"1,380.29",INV-10694,"1,380.29",0.00
PMT-31987,Receipt,06/02/2026,C-0193,Quinault Country Store,CHECK,8936,USD,"27,288.71",1.0000,"27,288.71",INV-10624,"27,288.71",0.00
PMT-31988,Receipt,06/02/2026,C-0355,Jackdaw Kitchen,ACH,886295266914985,USD,"1,845.46",1.0000,"1,845.46",INV-10717,"1,845.46",0.00
PMT-31989,Receipt,06/02/2026,C-0397,Fable Kitchen,ACH,479492796979917,USD,"1,097.79",1.0000,"1,097.79",INV-10639,"1,097.79",0.00
PMT-31990,Receipt,06/02/2026,C-0427,Deschutes Food Hall,ACH,275186016123617,USD,"20,961.68",1.0000,"20,961.68",INV-10606,"20,961.68",0.00
PMT-31991,Receipt,06/03/2026,C-0012,Olallie Market,CHECK,7129,USD,"22,530.25",1.0000,"22,530.25",INV-10625,"22,530.25",0.00
PMT-31992,Receipt,06/03/2026,C-0106,Fiddlehead Taproom,ACH,843356286576823,USD,"1,054.79",1.0000,"1,054.79",INV-10673,"1,054.79",0.00
PMT-31993,Receipt,06/03/2026,C-0113,Willet Cafe,CHECK,5961,USD,"4,358.78",1.0000,"4,358.78",INV-10655,"3,574.61",0.00
PMT-31993,Receipt,06/03/2026,C-0113,Willet Cafe,CHECK,5961,USD,"4,358.78",1.0000,"4,358.78",INV-10693,784.17,
PMT-31994,Receipt,06/03/2026,C-0357,Mountain Grocers LLC,ACH,986627336012850,USD,"20,934.01",1.0000,"20,934.01",INV-10595,"20,934.01",0.00
PMT-31995,Receipt,06/03/2026,C-0414,Belmont Natural Foods,ACH,319170172645913,USD,"24,333.93",1.0000,"24,333.93",INV-10614,"24,333.93",0.00
PMT-31996,Receipt,06/03/2026,C-0420,Nehalem Bay Grocers,CHECK,8739,USD,"27,416.86",1.0000,"27,416.86",INV-10605,"27,416.86",0.00
PMT-31997,Receipt,06/04/2026,C-0096,Pioneer Square Provisions,ACH,222394788100580,USD,"12,457.16",1.0000,"12,457.16",INV-10619,"12,457.16",0.00
PMT-31998,Receipt,06/04/2026,C-0107,Green Valley Co-op,CHECK,5846,USD,"21,254.91",1.0000,"21,254.91",INV-10567,"21,254.91",0.00
PMT-31999,Receipt,06/04/2026,C-0143,Gorge Valley Co-op,ACH,958316420574349,USD,"28,781.20",1.0000,"28,781.20",INV-10636,"28,781.20",0.00
PMT-32000,Receipt,06/04/2026,C-0186,Hawthorne Fresh Market,ACH,502925534188432,USD,"16,630.88",1.0000,"16,630.88",INV-10579,"16,630.88",0.00
PMT-32001,Receipt,06/05/2026,C-0142,Sextant Bakery,ACH,599386902722139,USD,"2,679.89",1.0000,"2,679.89",INV-10699,"2,679.89",0.00
PMT-32002,Receipt,06/05/2026,C-0147,Vashon Island Market,ACH,150179851967037,USD,"25,624.04",1.0000,"25,624.04",INV-10590,"25,624.04",0.00
PMT-32003,Receipt,06/05/2026,C-0239,Larkspur Noodle House,CHECK,5402,USD,"3,734.50",1.0000,"3,734.50",INV-10708,"3,734.50",0.00
PMT-32004,Receipt,06/08/2026,C-0008,Alder Cantina,CHECK,1563,USD,"1,543.66",1.0000,"1,543.66",INV-10719,"1,543.66",0.00
PMT-32005,Receipt,06/08/2026,C-0027,Cascade Harvest Grocers,CHECK,5672,USD,"16,976.57",1.0000,"16,976.57",INV-10642,"16,976.57",0.00
PMT-32006,Receipt,06/08/2026,C-0090,Zigzag Mountain Grocery,CHECK,7252,USD,"20,321.06",1.0000,"20,321.06",INV-10623,"20,321.06",0.00
PMT-32007,Receipt,06/08/2026,C-0100,Copperleaf Brasserie,ACH,079400333238850,USD,"1,313.11",1.0000,"1,313.11",INV-10652,"1,313.11",0.00
PMT-32008,Receipt,06/08/2026,C-0107,Green Valley Co-op,CHECK,6203,USD,"12,709.79",1.0000,"12,709.79",INV-10654,"12,709.79",0.00
PMT-32009,Receipt,06/08/2026,C-0133,Sawtooth Natural Foods,ACH,596568511171236,USD,"27,667.04",1.0000,"27,667.04",INV-10613,"27,667.04",0.00
PMT-32010,Receipt,06/08/2026,C-0172,Driftless Tavern,ACH,535562052369899,USD,"1,605.23",1.0000,"1,605.23",INV-10686,"1,605.23",0.00
PMT-32011,Receipt,06/08/2026,C-0273,Coldwater Creek Market,CHECK,5268,USD,"16,103.12",1.0000,"16,103.12",INV-10634,"16,103.12",0.00
PMT-32012,Receipt,06/08/2026,C-0301,Alpenkost GmbH,WIRE,FT4360661155,EUR,"11,797.50",1.1124,"13,123.54",INV-10059,"11,797.50",0.00
PMT-32013,Receipt,06/08/2026,C-0323,Waxwing Eatery,CHECK,8983,USD,"1,959.05",1.0000,"1,959.05",INV-10742,"1,959.05",0.00
PMT-32014,Receipt,06/08/2026,C-0331,Ironwood Grocery,ACH,897084224542717,USD,"27,862.97",1.0000,"27,862.97",INV-10648,"27,862.97",0.00
PMT-32015,Receipt,06/08/2026,C-0335,Mountain Grocers Inc.,CHECK,1079,USD,"28,699.93",1.0000,"28,699.93",INV-10607,"28,699.93",0.00
PMT-32016,Receipt,06/08/2026,C-0389,Umpqua Valley Foods,ACH,608086000267861,USD,"23,618.51",1.0000,"23,618.51",INV-10584,"23,618.51",0.00
PMT-32017,Receipt,06/08/2026,C-0389,Umpqua Valley Foods,ACH,695709345388236,USD,"21,442.19",1.0000,"21,442.19",INV-10665,"21,442.19",0.00
PMT-32018,Receipt,06/08/2026,C-0396,Driftwood Pantry,ACH,806429631392395,USD,"24,075.51",1.0000,"24,075.51",INV-10592,"24,075.51",0.00
PMT-32019,Receipt,06/08/2026,C-0399,Larch Mountain Mercantile,CHECK,7641,USD,"28,289.15",1.0000,"28,289.15",INV-10585,"28,289.15",0.00
PMT-32020,Receipt,06/08/2026,C-0415,Kestrel Market Hall,ACH,500586165043573,USD,"16,885.78",1.0000,"16,885.78",INV-10599,"16,885.78",0.00
PMT-32021,Receipt,06/09/2026,C-0045,Bridgetown Pantry,CHECK,9871,USD,"26,118.37",1.0000,"26,118.37",INV-10660,"26,118.37",0.00
PMT-32022,Receipt,06/09/2026,C-0069,Riverbend Natural Grocers,ACH,471798352467333,USD,"21,244.66",1.0000,"21,244.66",INV-10640,"21,244.66",0.00
PMT-32023,Receipt,06/09/2026,C-0087,Inkwell Supper Club,CHECK,3123,USD,"2,465.06",1.0000,"2,465.06",INV-10692,"2,465.06",0.00
PMT-32024,Receipt,06/09/2026,C-0183,Madrona Food Co-op,ACH,314671345784324,USD,"23,497.02",1.0000,"23,497.02",INV-10637,"23,497.02",0.00
PMT-32025,Receipt,06/09/2026,C-0200,Ember Lane Grocers,CHECK,3261,USD,"18,329.69",1.0000,"18,329.69",INV-10669,"18,329.69",0.00
PMT-32026,Receipt,06/09/2026,C-0328,Drumlin Bakery,CHECK,7950,USD,"2,897.47",1.0000,"2,897.47",INV-10690,"2,897.47",0.00
PMT-32027,Receipt,06/09/2026,C-0379,Filbert & Oak Market,ACH,873114898949991,USD,"15,064.82",1.0000,"15,064.82",INV-10615,"15,064.82",0.00
PMT-32028,Receipt,06/10/2026,C-0301,Alpenkost GmbH,WIRE,FT9724694457,USD,"12,454.40",1.0000,"12,454.40",INV-10689,"11,200.00","1,254.40"
PMT-32029,Receipt,06/11/2026,C-0191,Riverstone Smokehouse,CHECK,9129,USD,"1,904.20",1.0000,"1,904.20",INV-10736,"1,904.20",0.00
PMT-32030,Receipt,06/11/2026,C-0348,Foxglove Market,ACH,978061774077151,USD,"15,132.48",1.0000,"15,132.48",INV-10600,"15,132.48",0.00
PMT-32031,Receipt,06/11/2026,C-0366,Kettle Bistro,ACH,893327893928772,USD,"2,256.57",1.0000,"2,256.57",INV-10724,"2,256.57",0.00
PMT-32032,Receipt,06/12/2026,C-0105,Whidbey Harvest Co-op,ACH,719385220664290,USD,"20,659.14",1.0000,"20,659.14",INV-10629,"20,659.14",0.00
PMT-32033,Receipt,06/12/2026,C-0217,Paddle Eatery,CHECK,5371,USD,"3,350.58",1.0000,"3,350.58",INV-10728,"3,350.58",0.00
PMT-32034,Receipt,06/12/2026,C-0233,Rose City Market Hall,ACH,632884063354200,USD,"13,435.52",1.0000,"13,435.52",INV-10666,"13,435.52",0.00
PMT-32035,Receipt,06/12/2026,C-0282,Yarrow Deli,CHECK,2486,USD,"2,839.66",1.0000,"2,839.66",INV-10713,"2,839.66",0.00
PMT-32036,Receipt,06/12/2026,C-0396,Driftwood Pantry,ACH,961880979789823,USD,"17,186.20",1.0000,"17,186.20",INV-10641,"17,186.20",0.00
PMT-32037,Receipt,06/15/2026,C-0046,Yakima Orchard Market,ACH,601936035631394,USD,"26,561.22",1.0000,"26,561.22",INV-10697,"26,561.22",0.00
PMT-32038,Receipt,06/15/2026,C-0122,Owyhee Mercantile,ACH,486642916322718,USD,"12,643.50",1.0000,"12,643.50",INV-10659,"12,643.50",0.00
PMT-32039,Receipt,06/15/2026,C-0143,Gorge Valley Co-op,ACH,669714658787526,USD,"18,162.80",1.0000,"18,162.80",INV-10682,"18,162.80",0.00
PMT-32040,Receipt,06/15/2026,C-0163,Elk Rock Provisions,ACH,991028034199431,USD,"22,610.78",1.0000,"22,610.78",INV-10700,"22,610.78",0.00
PMT-32041,Receipt,06/15/2026,C-0193,Quinault Country Store,CHECK,2384,USD,"20,558.54",1.0000,"20,558.54",INV-10685,"20,558.54",0.00
PMT-32042,Receipt,06/15/2026,C-0325,Cobalt Cafe,CHECK,8044,USD,"1,250.06",1.0000,"1,250.06",INV-10764,"1,250.06",0.00
PMT-32043,Receipt,06/15/2026,C-0330,Alder Street Market,ACH,666170980001820,USD,"24,653.89",1.0000,"24,653.89",INV-10617,"24,653.89",0.00
PMT-32044,Receipt,06/15/2026,C-0369,Eddy Pizzeria,CHECK,9632,USD,"1,980.94",1.0000,"1,980.94",INV-10751,"1,980.94",0.00
PMT-32045,Receipt,06/15/2026,C-0371,Marrow Brasserie,ACH,875432325040984,USD,"3,740.30",1.0000,"3,740.30",INV-10755,"3,740.30",0.00
PMT-32046,Receipt,06/15/2026,C-0399,Larch Mountain Mercantile,CHECK,7222,USD,"20,252.27",1.0000,"20,252.27",INV-10683,"20,252.27",0.00
PMT-32047,Receipt,06/15/2026,C-0400,Salmonberry Market,CHECK,2687,USD,"28,174.62",1.0000,"28,174.62",INV-10633,"28,174.62",0.00
PMT-32048,Receipt,06/15/2026,C-0420,Nehalem Bay Grocers,CHECK,1719,USD,"22,305.54",1.0000,"22,305.54",INV-10684,"22,305.54",0.00
PMT-32049,Receipt,06/15/2026,C-0427,Deschutes Food Hall,ACH,912401143339670,USD,"21,125.60",1.0000,"21,125.60",INV-10668,"21,125.60",0.00
PMT-32050,Receipt,06/16/2026,C-0012,Olallie Market,CHECK,6314,USD,"19,959.39",1.0000,"19,959.39",INV-10679,"19,959.39",0.00
PMT-32051,Receipt,06/16/2026,C-0082,Chanterelle Supper Club,CHECK,8462,USD,"1,210.27",1.0000,"1,210.27",INV-10762,"1,210.27",0.00
PMT-32052,Receipt,06/16/2026,C-0340,Eastside Cafe,CHECK,2353,USD,"4,058.81",1.0000,"4,058.81",INV-10734,"4,058.81",0.00
PMT-32053,Receipt,06/16/2026,C-0353,Uproot Cafe,ACH,050937674348507,USD,"1,252.80",1.0000,"1,252.80",INV-10735,"1,252.80",0.00
PMT-32054,Receipt,06/17/2026,C-0083,Acorn Supper Club,CHECK,4630,USD,"1,531.54",1.0000,"1,531.54",INV-10777,"1,531.54",0.00
PMT-32055,Receipt,06/17/2026,C-0147,Vashon Island Market,ACH,403708393381563,USD,"11,293.13",1.0000,"11,293.13",INV-10630,"11,293.13",0.00
PMT-32056,Receipt,06/17/2026,C-0158,Umber Grill,CHECK,3403,USD,"2,123.77",1.0000,"2,123.77",INV-10715,"2,123.77",0.00
PMT-32057,Receipt,06/17/2026,C-0379,Filbert & Oak Market,ACH,527760294931148,USD,"28,835.76",1.0000,"28,835.76",INV-10650,"28,835.76",0.00
PMT-32058,Receipt,06/18/2026,C-0081,Fernwood Grill,CHECK,5062,USD,"1,493.36",1.0000,"1,493.36",INV-10720,"1,493.36",0.00
PMT-32059,Receipt,06/18/2026,C-0088,Palouse Provisions,CHECK,5086,USD,"19,811.31",1.0000,"19,811.31",INV-10672,"19,811.31",0.00
PMT-32060,Receipt,06/18/2026,C-0183,Madrona Food Co-op,ACH,433580481800399,USD,"14,671.41",1.0000,"14,671.41",INV-10707,"14,671.41",0.00
PMT-32061,Receipt,06/18/2026,C-0185,Gristmill Supper Club,CHECK,7238,USD,"2,919.02",1.0000,"2,919.02",INV-10750,"2,919.02",0.00
PMT-32062,Receipt,06/18/2026,C-0247,Wren Noodle House,ACH,058750593555291,USD,"2,313.25",1.0000,"2,313.25",INV-10721,"2,313.25",0.00
PMT-32063,Receipt,06/18/2026,C-0337,Saffron Taproom,CHECK,5122,USD,"2,297.20",1.0000,"2,297.20",INV-10723,"2,297.20",0.00
PMT-32064,Receipt,06/19/2026,C-0002,Flint Noodle House,ACH,100630370530751,USD,"1,224.29",1.0000,"1,224.29",INV-10778,"1,224.29",0.00
PMT-32065,Receipt,06/19/2026,C-0031,Oyster Taproom,CHECK,9661,USD,"2,691.10",1.0000,"2,691.10",INV-10732,"2,691.10",0.00
PMT-32066,Receipt,06/19/2026,C-0096,Pioneer Square Provisions,ACH,896055449522905,USD,"19,562.32",1.0000,"19,562.32",INV-10698,"19,562.32",0.00
PMT-32067,Receipt,06/19/2026,C-0171,Dune Cantina,ACH,250222721915085,USD,"1,300.26",1.0000,"1,300.26",INV-10746,"1,300.26",0.00
PMT-32068,Receipt,06/19/2026,C-0186,Hawthorne Fresh Market,ACH,604105328992396,USD,"15,803.46",1.0000,"15,803.46",INV-10649,"15,803.46",0.00
PMT-32069,Receipt,06/19/2026,C-0306,Tillamook Road Grocery,CHECK,632,USD,"27,723.37",1.0000,"27,723.37",INV-10678,"27,723.37",0.00
PMT-32070,Receipt,06/22/2026,C-0033,Treasure Valley Market,CHECK,6164,USD,"28,529.53",1.0000,"28,529.53",INV-10667,"28,529.53",0.00
PMT-32071,Receipt,06/22/2026,C-0075,Vesper Pizzeria,CHECK,9001,USD,"3,860.48",1.0000,"3,860.48",INV-10733,"3,860.48",0.00
PMT-32072,Receipt,06/22/2026,C-0090,Zigzag Mountain Grocery,CHECK,6282,USD,"23,793.90",1.0000,"23,793.90",INV-10670,"23,793.90",0.00
PMT-32073,Receipt,06/22/2026,C-0130,Cinder Kitchen,ACH,718730896990057,USD,"1,090.92",1.0000,"1,090.92",INV-10727,"1,090.92",0.00
PMT-32074,Receipt,06/22/2026,C-0133,Sawtooth Natural Foods,ACH,878147709841159,USD,"22,563.75",1.0000,"22,563.75",INV-10681,"22,563.75",0.00
PMT-32075,Receipt,06/22/2026,C-0335,Mountain Grocers Inc.,CHECK,3148,USD,"21,350.24",1.0000,"21,350.24",INV-10695,"21,350.24",0.00
PMT-32076,Receipt,06/22/2026,C-0357,Mountain Grocers LLC,ACH,539681074281854,USD,"27,683.39",1.0000,"27,683.39",INV-10651,"27,683.39",0.00
PMT-32077,Receipt,06/22/2026,C-0359,Yew Grill,ACH,567410393671823,USD,"2,330.34",1.0000,"2,330.34",INV-10758,"2,330.34",0.00
PMT-32078,Receipt,06/22/2026,C-0400,Salmonberry Market,CHECK,1603,USD,"13,143.63",1.0000,"13,143.63",INV-10701,"13,143.63",0.00
PMT-32079,Receipt,06/22/2026,C-0404,Cairn Cafe,CHECK,5947,USD,"1,278.68",1.0000,"1,278.68",INV-10776,"1,278.68",0.00
PMT-32080,Receipt,06/22/2026,C-0414,Belmont Natural Foods,ACH,242358204567424,USD,"28,696.12",1.0000,"28,696.12",INV-10677,"28,696.12",0.00
PMT-32081,Receipt,06/22/2026,C-0415,Kestrel Market Hall,ACH,019172958483576,USD,"28,887.05",1.0000,"28,887.05",INV-10691,"28,887.05",0.00
PMT-32082,Receipt,06/23/2026,C-0064,Juniper Hill Foods,ACH,455190532729958,USD,"24,456.30",1.0000,"24,456.30",INV-10687,"24,456.30",0.00
PMT-32083,Receipt,06/23/2026,C-0351,Yeoman Brasserie,CHECK,4619,USD,"1,598.76",1.0000,"1,598.76",INV-10801,"1,598.76",0.00
PMT-32084,Receipt,06/24/2026,C-0122,Owyhee Mercantile,ACH,544128531132642,USD,"27,039.23",1.0000,"27,039.23",INV-10714,"27,039.23",0.00
PMT-32085,Receipt,06/24/2026,C-0330,Alder Street Market,ACH,525234405384061,USD,"14,637.74",1.0000,"14,637.74",INV-10671,"14,637.74",0.00
PMT-32086,Receipt,06/24/2026,C-0423,Salt Marsh Kitchen,ACH,378193260700682,USD,"1,512.55",1.0000,"1,512.55",INV-10799,"1,512.55",0.00
PMT-32087,Receipt,06/25/2026,C-0027,Cascade Harvest Grocers,CHECK,2788,USD,"15,227.16",1.0000,"15,227.16",INV-10712,"15,227.16",0.00
PMT-32088,Receipt,06/25/2026,C-0045,Bridgetown Pantry,CHECK,5641,USD,"27,227.05",1.0000,"27,227.05",INV-10702,"27,227.05",0.00
PMT-32089,Receipt,06/25/2026,C-0105,Whidbey Harvest Co-op,ACH,776498984581525,USD,"22,439.91",1.0000,"22,439.91",INV-10705,"22,439.91",0.00
PMT-32090,Receipt,06/25/2026,C-0233,Rose City Market Hall,ACH,175003628882318,USD,"15,399.28",1.0000,"15,399.28",INV-10709,"15,399.28",0.00
PMT-32091,Receipt,06/25/2026,C-0348,Foxglove Market,ACH,369340995782601,USD,"28,704.76",1.0000,"28,704.76",INV-10680,"28,704.76",0.00
PMT-32092,Receipt,06/25/2026,C-0357,Mountain Grocers LLC,ACH,567558586965571,USD,"25,980.47",1.0000,"25,980.47",INV-10696,"25,980.47",0.00
PMT-32093,Receipt,06/26/2026,C-0198,GREEN VALLEY COOP #2,CHECK,3686,USD,"12,547.03",1.0000,"12,547.03",INV-10716,"12,547.03",0.00
PMT-32094,Receipt,06/26/2026,C-0307,Sparrow Tavern,CHECK,2201,USD,"4,030.30",1.0000,"4,030.30",INV-10774,"4,030.30",0.00
PMT-32095,Receipt,06/26/2026,C-0414,Belmont Natural Foods,ACH,470858946343811,USD,"18,105.29",1.0000,"18,105.29",INV-10749,"18,105.29",0.00
PMT-32096,Receipt,06/29/2026,C-0064,Juniper Hill Foods,ACH,108473749791519,USD,"19,953.50",1.0000,"19,953.50",INV-10766,"19,953.50",0.00
PMT-32097,Receipt,06/29/2026,C-0156,Hollow Noodle House,ACH,666717711944180,USD,"1,475.01",1.0000,"1,475.01",INV-10789,"1,475.01",0.00
PMT-32098,Receipt,06/29/2026,C-0214,Nectar Noodle House,CHECK,3095,USD,"1,762.61",1.0000,"1,762.61",INV-10809,"1,762.61",0.00
PMT-32099,Receipt,06/29/2026,C-0242,Pumice Cantina,CHECK,7987,USD,"3,056.31",1.0000,"3,056.31",INV-10835,"3,056.31",0.00
PMT-32100,Receipt,06/29/2026,C-0330,Alder Street Market,ACH,536235114130439,USD,"11,492.58",1.0000,"11,492.58",INV-10753,"11,492.58",0.00
PMT-32101,Receipt,06/29/2026,C-0362,Quince Noodle House,CHECK,1209,USD,"5,962.91",1.0000,"5,962.91",INV-10783,"3,291.57",0.00
PMT-32101,Receipt,06/29/2026,C-0362,Quince Noodle House,CHECK,1209,USD,"5,962.91",1.0000,"5,962.91",INV-10820,"2,671.34",
PMT-32102,Receipt,06/29/2026,C-0371,Marrow Brasserie,ACH,593319462237624,USD,"1,219.42",1.0000,"1,219.42",INV-10765,"1,219.42",0.00
PMT-32103,Receipt,06/29/2026,C-0389,Umpqua Valley Foods,ACH,443419453750701,USD,"17,973.25",1.0000,"17,973.25",INV-10737,"17,973.25",0.00
PMT-32104,Receipt,06/29/2026,C-0397,Fable Kitchen,ACH,933410396694081,USD,"2,025.31",1.0000,"2,025.31",INV-10771,"2,025.31",0.00
PMT-32105,Receipt,06/29/2026,C-0415,Kestrel Market Hall,ACH,862132714706488,USD,"14,104.29",1.0000,"14,104.29",INV-10769,"14,104.29",0.00
PMT-32106,Receipt,06/29/2026,C-0428,Birchwood Bistro,CHECK,8359,USD,"4,016.14",1.0000,"4,016.14",INV-10770,"4,016.14",0.00
PMT-32107,Receipt,06/30/2026,C-0012,Olallie Market,CHECK,2709,USD,"4,120.00",1.0000,"4,120.00",INV-10757,"4,120.00",0.00
