Invoice No,Customer ID,Customer Name,Invoice Date,Due Date,Terms,Currency,Subtotal,Tax,Total,Exchange Rate,Total (USD),Balance Due,Status
INV-10000,C-0353,Uproot Cafe,12/29/2025,01/13/2026,Net 15,USD,"1,539.17",0.00,"1,539.17",1.0000,"1,539.17",0.00,Paid
INV-10001,C-0027,Cascade Harvest Grocers,01/02/2026,02/01/2026,Net 30,USD,"28,132.32",0.00,"28,132.32",1.0000,"28,132.32",0.00,Paid
INV-10002,C-0074,Estuary Smokehouse,12/29/2025,01/13/2026,Net 15,USD,"3,010.78",0.00,"3,010.78",1.0000,"3,010.78",0.00,Paid
INV-10003,C-0081,Fernwood Grill,12/29/2025,01/13/2026,Net 15,USD,"2,529.64",0.00,"2,529.64",1.0000,"2,529.64",0.00,Paid
INV-10004,C-0112,Loam Bakery,12/29/2025,01/13/2026,Net 15,USD,"1,518.35",0.00,"1,518.35",1.0000,"1,518.35",0.00,Paid
INV-10005,C-0156,Hollow Noodle House,12/29/2025,01/13/2026,Net 15,USD,"1,922.99",0.00,"1,922.99",1.0000,"1,922.99",0.00,Paid
INV-10006,C-0219,Huckleberry Grill,12/29/2025,01/13/2026,Net 15,USD,"1,870.53",0.00,"1,870.53",1.0000,"1,870.53",0.00,Paid
INV-10007,C-0389,Umpqua Valley Foods,01/02/2026,02/01/2026,Net 30,USD,"26,008.67",0.00,"26,008.67",1.0000,"26,008.67",0.00,Paid
INV-10008,C-0033,Treasure Valley Market,01/06/2026,02/05/2026,Net 30,USD,"27,972.04",0.00,"27,972.04",1.0000,"27,972.04",0.00,Paid
INV-10009,C-0014,Rivet Supper Club,01/01/2026,01/16/2026,Net 15,USD,"1,583.62",0.00,"1,583.62",1.0000,"1,583.62",0.00,Paid
INV-10010,C-0323,Waxwing Eatery,01/01/2026,01/16/2026,Net 15,USD,"1,981.70",0.00,"1,981.70",1.0000,"1,981.70",0.00,Paid
INV-10011,C-0088,Palouse Provisions,01/05/2026,02/04/2026,Net 30,USD,"24,171.28",0.00,"24,171.28",1.0000,"24,171.28",0.00,Paid
INV-10012,C-0414,Belmont Natural Foods,01/05/2026,02/04/2026,Net 30,USD,"28,638.45",0.00,"28,638.45",1.0000,"28,638.45",0.00,Paid
INV-10013,C-0221,Kiln Deli,01/01/2026,01/16/2026,Net 15,USD,"2,711.03",0.00,"2,711.03",1.0000,"2,711.03",0.00,Paid
INV-10014,C-0064,Juniper Hill Foods,01/02/2026,02/01/2026,Net 30,USD,"11,061.71",0.00,"11,061.71",1.0000,"11,061.71",0.00,Paid
INV-10015,C-0076,Thimbleberry Eatery,01/02/2026,01/17/2026,Net 15,USD,"3,600.10",0.00,"3,600.10",1.0000,"3,600.10",0.00,Paid
INV-10016,C-0045,Bridgetown Pantry,01/05/2026,02/04/2026,Net 30,USD,"20,237.07",0.00,"20,237.07",1.0000,"20,237.07",0.00,Paid
INV-10017,C-0273,Coldwater Creek Market,01/09/2026,02/08/2026,Net 30,USD,"11,041.55",0.00,"11,041.55",1.0000,"11,041.55",0.00,Paid
INV-10018,C-0415,Kestrel Market Hall,01/02/2026,02/01/2026,Net 30,USD,"25,029.58",0.00,"25,029.58",1.0000,"25,029.58",0.00,Paid
INV-10019,C-0399,Larch Mountain Mercantile,01/05/2026,02/04/2026,Net 30,USD,"20,914.11",0.00,"20,914.11",1.0000,"20,914.11",0.00,Paid
INV-10020,C-0186,Hawthorne Fresh Market,01/07/2026,02/06/2026,Net 30,USD,"20,626.27",0.00,"20,626.27",1.0000,"20,626.27",0.00,Paid
INV-10021,C-0096,Pioneer Square Provisions,01/08/2026,02/07/2026,Net 30,USD,"14,666.78",0.00,"14,666.78",1.0000,"14,666.78",0.00,Paid
INV-10022,C-0046,Yakima Orchard Market,01/05/2026,02/04/2026,Net 30,USD,"17,495.31",0.00,"17,495.31",1.0000,"17,495.31",0.00,Paid
INV-10023,C-0040,Parsnip Pizzeria,01/05/2026,01/20/2026,Net 15,USD,"1,168.41",0.00,"1,168.41",1.0000,"1,168.41",0.00,Paid
INV-10024,C-0075,Vesper Pizzeria,01/05/2026,01/20/2026,Net 15,USD,"2,035.41",0.00,"2,035.41",1.0000,"2,035.41",0.00,Paid
INV-10025,C-0233,Rose City Market Hall,01/05/2026,02/04/2026,Net 30,USD,"11,722.27",0.00,"11,722.27",1.0000,"11,722.27",0.00,Paid
INV-10026,C-0357,Mountain Grocers LLC,01/05/2026,02/04/2026,Net 30,USD,"11,321.11",0.00,"11,321.11",1.0000,"11,321.11",0.00,Paid
INV-10027,C-0122,Owyhee Mercantile,01/12/2026,02/11/2026,Net 30,USD,"26,244.54",0.00,"26,244.54",1.0000,"26,244.54",0.00,Paid
INV-10028,C-0083,Acorn Supper Club,01/05/2026,01/20/2026,Net 15,USD,"2,342.22",0.00,"2,342.22",1.0000,"2,342.22",0.00,Paid
INV-10029,C-0050,Aster Kitchen,01/06/2026,01/21/2026,Net 15,USD,"3,906.86",0.00,"3,906.86",1.0000,"3,906.86",0.00,Paid
INV-10030,C-0082,Chanterelle Supper Club,01/06/2026,01/21/2026,Net 15,USD,910.83,0.00,910.83,1.0000,910.83,0.00,Paid
INV-10031,C-0193,Quinault Country Store,01/07/2026,02/06/2026,Net 30,USD,"23,128.67",0.00,"23,128.67",1.0000,"23,128.67",0.00,Paid
INV-10032,C-0420,Nehalem Bay Grocers,01/07/2026,02/06/2026,Net 30,USD,"22,415.61",0.00,"22,415.61",1.0000,"22,415.61",0.00,Paid
INV-10033,C-0069,Riverbend Natural Grocers,01/12/2026,02/11/2026,Net 30,USD,"26,284.34",0.00,"26,284.34",1.0000,"26,284.34",0.00,Paid
INV-10034,C-0200,Ember Lane Grocers,01/12/2026,02/11/2026,Net 30,USD,"28,593.39",0.00,"28,593.39",1.0000,"28,593.39",0.00,Paid
INV-10035,C-0331,Ironwood Grocery,01/12/2026,02/11/2026,Net 30,USD,"21,355.33",0.00,"21,355.33",1.0000,"21,355.33",0.00,Paid
INV-10036,C-0074,Estuary Smokehouse,01/05/2026,01/20/2026,Net 15,USD,"3,987.49",0.00,"3,987.49",1.0000,"3,987.49",0.00,Paid
INV-10037,C-0107,Green Valley Co-op,01/06/2026,02/05/2026,Net 30,USD,"15,796.67",0.00,"15,796.67",1.0000,"15,796.67",0.00,Paid
INV-10038,C-0379,Filbert & Oak Market,01/06/2026,02/05/2026,Net 30,USD,"16,651.24",0.00,"16,651.24",1.0000,"16,651.24",0.00,Paid
INV-10039,C-0396,Driftwood Pantry,01/07/2026,02/06/2026,Net 30,USD,"20,472.56",0.00,"20,472.56",1.0000,"20,472.56",0.00,Paid
INV-10040,C-0348,Foxglove Market,01/13/2026,02/12/2026,Net 30,USD,"16,546.44",0.00,"16,546.44",1.0000,"16,546.44",0.00,Paid
INV-10041,C-0337,Saffron Taproom,01/08/2026,01/23/2026,Net 15,USD,"2,321.36",0.00,"2,321.36",1.0000,"2,321.36",0.00,Paid
INV-10042,C-0105,Whidbey Harvest Co-op,01/12/2026,02/11/2026,Net 30,USD,"22,320.36",0.00,"22,320.36",1.0000,"22,320.36",0.00,Paid
INV-10043,C-0143,Gorge Valley Co-op,01/12/2026,02/11/2026,Net 30,USD,"20,662.61",0.00,"20,662.61",1.0000,"20,662.61",0.00,Paid
INV-10044,C-0306,Tillamook Road Grocery,01/07/2026,02/06/2026,Net 30,USD,"20,533.19",0.00,"20,533.19",1.0000,"20,533.19",0.00,Paid
INV-10045,C-0133,Sawtooth Natural Foods,01/09/2026,02/08/2026,Net 30,USD,"23,804.64",0.00,"23,804.64",1.0000,"23,804.64",0.00,Paid
INV-10046,C-0427,Deschutes Food Hall,01/09/2026,02/08/2026,Net 30,USD,"26,717.74",0.00,"26,717.74",1.0000,"26,717.74",0.00,Paid
INV-10047,C-0400,Salmonberry Market,01/12/2026,02/11/2026,Net 30,USD,"22,349.98",0.00,"22,349.98",1.0000,"22,349.98",0.00,Paid
INV-10048,C-0147,Vashon Island Market,01/09/2026,02/08/2026,Net 30,USD,"11,566.90",0.00,"11,566.90",1.0000,"11,566.90",0.00,Paid
INV-10049,C-0381,Rookery Cafe,01/09/2026,01/24/2026,Net 15,USD,"4,063.79",0.00,"4,063.79",1.0000,"4,063.79",0.00,Paid
INV-10050,C-0163,Elk Rock Provisions,01/13/2026,02/12/2026,Net 30,USD,"22,671.84",0.00,"22,671.84",1.0000,"22,671.84",0.00,Paid
INV-10051,C-0207,Wildwood Tavern,01/09/2026,01/24/2026,Net 15,USD,"3,222.66",0.00,"3,222.66",1.0000,"3,222.66",0.00,Paid
INV-10052,C-0090,Zigzag Mountain Grocery,01/12/2026,02/11/2026,Net 30,USD,"21,808.73",0.00,"21,808.73",1.0000,"21,808.73",0.00,Paid
INV-10053,C-0198,GREEN VALLEY COOP #2,01/12/2026,02/11/2026,Net 30,USD,"13,016.48",0.00,"13,016.48",1.0000,"13,016.48",0.00,Paid
INV-10054,C-0390,Dogwood Bistro,01/12/2026,01/27/2026,Net 15,USD,"2,745.65",0.00,"2,745.65",1.0000,"2,745.65",0.00,Paid
INV-10055,C-0425,Thistle Pizzeria,01/12/2026,01/27/2026,Net 15,USD,"2,336.48",0.00,"2,336.48",1.0000,"2,336.48",0.00,Paid
INV-10056,C-0064,Juniper Hill Foods,01/16/2026,02/15/2026,Net 30,USD,"16,007.25",0.00,"16,007.25",1.0000,"16,007.25",0.00,Paid
INV-10057,C-0301,Alpenkost GmbH,03/02/2026,05/31/2026,Net 90,EUR,"11,797.50",0.00,"11,797.50",1.0832,"12,779.05",0.00,Paid
INV-10058,C-0172,Driftless Tavern,01/12/2026,01/27/2026,Net 15,USD,"3,301.33",0.00,"3,301.33",1.0000,"3,301.33",0.00,Paid
INV-10059,C-0411,Iris Taproom,01/12/2026,01/27/2026,Net 15,USD,"1,593.98",0.00,"1,593.98",1.0000,"1,593.98",0.00,Paid
INV-10060,C-0120,Saltbox Kitchen,01/13/2026,01/28/2026,Net 15,USD,"2,201.87",0.00,"2,201.87",1.0000,"2,201.87",0.00,Paid
INV-10061,C-0027,Cascade Harvest Grocers,01/14/2026,02/13/2026,Net 30,USD,"24,402.98",0.00,"24,402.98",1.0000,"24,402.98",0.00,Paid
INV-10062,C-0415,Kestrel Market Hall,01/19/2026,02/18/2026,Net 30,USD,"22,462.20",0.00,"22,462.20",1.0000,"22,462.20",0.00,Paid
INV-10063,C-0139,Greenhouse Bistro,01/12/2026,01/27/2026,Net 15,USD,"1,456.28",0.00,"1,456.28",1.0000,"1,456.28",0.00,Paid
INV-10064,C-0145,Hearth Cantina,01/12/2026,01/27/2026,Net 15,USD,766.13,0.00,766.13,1.0000,766.13,0.00,Paid
INV-10065,C-0299,Orchard Bakery,01/12/2026,01/27/2026,Net 15,USD,"3,466.37",0.00,"3,466.37",1.0000,"3,466.37",0.00,Paid
INV-10066,C-0335,Mountain Grocers Inc.,01/12/2026,02/11/2026,Net 30,USD,"16,790.93",0.00,"16,790.93",1.0000,"16,790.93",0.00,Paid
INV-10067,C-0402,Verbena Supper Club,01/12/2026,01/27/2026,Net 15,USD,"3,285.65",0.00,"3,285.65",1.0000,"3,285.65",0.00,Paid
INV-10068,C-0012,Olallie Market,01/13/2026,02/12/2026,Net 30,USD,"13,382.94",0.00,"13,382.94",1.0000,"13,382.94",0.00,Paid
INV-10069,C-0135,Vine Bistro,01/13/2026,01/28/2026,Net 15,USD,"4,001.12",0.00,"4,001.12",1.0000,"4,001.12",0.00,Paid
INV-10070,C-0183,Madrona Food Co-op,01/13/2026,02/12/2026,Net 30,USD,"22,616.89",0.00,"22,616.89",1.0000,"22,616.89",0.00,Paid
INV-10071,C-0190,Magpie Tavern,01/14/2026,01/29/2026,Net 15,USD,"2,245.15",0.00,"2,245.15",1.0000,"2,245.15",0.00,Paid
INV-10072,C-0191,Riverstone Smokehouse,01/14/2026,01/29/2026,Net 15,USD,"1,842.58",0.00,"1,842.58",1.0000,"1,842.58",0.00,Paid
INV-10073,C-0303,Trillium Bistro,01/13/2026,01/28/2026,Net 15,USD,"2,680.20",0.00,"2,680.20",1.0000,"2,680.20",0.00,Paid
INV-10074,C-0242,Pumice Cantina,01/14/2026,01/29/2026,Net 15,USD,"2,579.46",0.00,"2,579.46",1.0000,"2,579.46",0.00,Paid
INV-10075,C-0088,Palouse Provisions,01/20/2026,02/19/2026,Net 30,USD,"23,029.88",0.00,"23,029.88",1.0000,"23,029.88",0.00,Paid
INV-10076,C-0096,Pioneer Square Provisions,01/22/2026,02/21/2026,Net 30,USD,"21,307.66",0.00,"21,307.66",1.0000,"21,307.66",0.00,Paid
INV-10077,C-0306,Tillamook Road Grocery,01/22/2026,02/21/2026,Net 30,USD,"22,934.97",0.00,"22,934.97",1.0000,"22,934.97",0.00,Paid
INV-10078,C-0116,Ember Eatery,01/14/2026,01/29/2026,Net 15,USD,"3,322.48",0.00,"3,322.48",1.0000,"3,322.48",0.00,Paid
INV-10079,C-0389,Umpqua Valley Foods,01/14/2026,02/13/2026,Net 30,USD,"26,136.60",0.00,"26,136.60",1.0000,"26,136.60",0.00,Paid
INV-10080,C-0330,Alder Street Market,01/16/2026,02/15/2026,Net 30,USD,"27,617.55",0.00,"27,617.55",1.0000,"27,617.55",0.00,Paid
INV-10081,C-0357,Mountain Grocers LLC,01/19/2026,02/18/2026,Net 30,USD,"23,014.49",0.00,"23,014.49",1.0000,"23,014.49",0.00,Paid
INV-10082,C-0399,Larch Mountain Mercantile,01/19/2026,02/18/2026,Net 30,USD,"19,165.49",0.00,"19,165.49",1.0000,"19,165.49",0.00,Paid
INV-10083,C-0147,Vashon Island Market,01/21/2026,02/20/2026,Net 30,USD,"23,589.85",0.00,"23,589.85",1.0000,"23,589.85",0.00,Paid
INV-10084,C-0045,Bridgetown Pantry,01/21/2026,02/20/2026,Net 30,USD,"20,213.39",0.00,"20,213.39",1.0000,"20,213.39",0.00,Paid
INV-10085,C-0396,Driftwood Pantry,01/23/2026,02/22/2026,Net 30,USD,"28,943.77",0.00,"28,943.77",1.0000,"28,943.77",0.00,Paid
INV-10086,C-0301,Alpenkost GmbH,02/09/2026,05/10/2026,Net 90,EUR,"10,651.30",0.00,"10,651.30",1.0791,"11,493.82",0.00,Paid
INV-10087,C-0046,Yakima Orchard Market,01/19/2026,02/18/2026,Net 30,USD,"19,535.38",0.00,"19,535.38",1.0000,"19,535.38",0.00,Paid
INV-10088,C-0379,Filbert & Oak Market,01/19/2026,02/18/2026,Net 30,USD,"24,112.32",0.00,"24,112.32",1.0000,"24,112.32",0.00,Paid
INV-10089,C-0420,Nehalem Bay Grocers,01/21/2026,02/20/2026,Net 30,USD,"20,716.65",0.00,"20,716.65",1.0000,"20,716.65",0.00,Paid
INV-10090,C-0076,Thimbleberry Eatery,01/19/2026,02/03/2026,Net 15,USD,"1,458.71",0.00,"1,458.71",1.0000,"1,458.71",0.00,Paid
INV-10091,C-0107,Green Valley Co-op,01/19/2026,02/18/2026,Net 30,USD,"25,820.98",0.00,"25,820.98",1.0000,"25,820.98",0.00,Paid
INV-10092,C-0365,Quarry Bistro,01/19/2026,02/03/2026,Net 15,USD,"3,121.16",0.00,"3,121.16",1.0000,"3,121.16",0.00,Paid
INV-10093,C-0143,Gorge Valley Co-op,01/26/2026,02/25/2026,Net 30,USD,"11,675.59",0.00,"11,675.59",1.0000,"11,675.59",0.00,Paid
INV-10094,C-0200,Ember Lane Grocers,01/26/2026,02/25/2026,Net 30,USD,"11,590.08",0.00,"11,590.08",1.0000,"11,590.08",0.00,Paid
INV-10095,C-0400,Salmonberry Market,01/26/2026,02/25/2026,Net 30,USD,"17,065.87",0.00,"17,065.87",1.0000,"17,065.87",0.00,Paid
INV-10096,C-0087,Inkwell Supper Club,01/19/2026,02/03/2026,Net 15,USD,"2,738.98",0.00,"2,738.98",1.0000,"2,738.98",0.00,Paid
INV-10097,C-0171,Dune Cantina,01/19/2026,02/03/2026,Net 15,USD,"2,621.28",0.00,"2,621.28",1.0000,"2,621.28",0.00,Paid
INV-10098,C-0090,Zigzag Mountain Grocery,01/26/2026,02/25/2026,Net 30,USD,"24,375.08",0.00,"24,375.08",1.0000,"24,375.08",0.00,Paid
INV-10099,C-0331,Ironwood Grocery,01/26/2026,02/25/2026,Net 30,USD,"11,769.07",0.00,"11,769.07",1.0000,"11,769.07",0.00,Paid
INV-10100,C-0233,Rose City Market Hall,01/19/2026,02/18/2026,Net 30,USD,"11,612.23",0.00,"11,612.23",1.0000,"11,612.23",0.00,Paid
INV-10101,C-0337,Saffron Taproom,01/19/2026,02/03/2026,Net 15,USD,"1,226.70",0.00,"1,226.70",1.0000,"1,226.70",0.00,Paid
INV-10102,C-0414,Belmont Natural Foods,01/19/2026,02/18/2026,Net 30,USD,"12,909.07",0.00,"12,909.07",1.0000,"12,909.07",0.00,Paid
INV-10103,C-0183,Madrona Food Co-op,01/27/2026,02/26/2026,Net 30,USD,"16,429.39",0.00,"16,429.39",1.0000,"16,429.39",0.00,Paid
INV-10104,C-0163,Elk Rock Provisions,01/28/2026,02/27/2026,Net 30,USD,"15,077.19",0.00,"15,077.19",1.0000,"15,077.19",0.00,Paid
INV-10105,C-0081,Fernwood Grill,01/20/2026,02/04/2026,Net 15,USD,"3,588.14",0.00,"3,588.14",1.0000,"3,588.14",0.00,Paid
INV-10106,C-0185,Gristmill Supper Club,01/20/2026,02/04/2026,Net 15,USD,"3,956.19",0.00,"3,956.19",1.0000,"3,956.19",0.00,Paid
INV-10107,C-0087,Inkwell Supper Club,01/21/2026,02/05/2026,Net 15,USD,"1,809.42",0.00,"1,809.42",1.0000,"1,809.42",0.00,Paid
INV-10108,C-0136,Redtail Brasserie,01/21/2026,02/05/2026,Net 15,USD,915.46,0.00,915.46,1.0000,915.46,0.00,Paid
INV-10109,C-0146,Jetty Tavern,01/21/2026,02/05/2026,Net 15,USD,"2,694.65",0.00,"2,694.65",1.0000,"2,694.65",0.00,Paid
INV-10110,C-0219,Huckleberry Grill,01/21/2026,02/05/2026,Net 15,USD,"3,908.37",0.00,"3,908.37",1.0000,"3,908.37",0.00,Paid
INV-10111,C-0093,Heron Cafe,01/22/2026,02/06/2026,Net 15,USD,"3,165.40",0.00,"3,165.40",1.0000,"3,165.40",0.00,Paid
INV-10112,C-0133,Sawtooth Natural Foods,01/23/2026,02/22/2026,Net 30,USD,"20,378.49",0.00,"20,378.49",1.0000,"20,378.49",0.00,Paid
INV-10113,C-0273,Coldwater Creek Market,01/26/2026,02/25/2026,Net 30,USD,"11,212.05",0.00,"11,212.05",1.0000,"11,212.05",0.00,Paid
INV-10114,C-0389,Umpqua Valley Foods,01/28/2026,02/27/2026,Net 30,USD,"12,274.09",0.00,"12,274.09",1.0000,"12,274.09",0.00,Paid
INV-10115,C-0186,Hawthorne Fresh Market,01/21/2026,02/20/2026,Net 30,USD,"22,832.55",0.00,"22,832.55",1.0000,"22,832.55",0.00,Paid
INV-10116,C-0193,Quinault Country Store,01/21/2026,02/20/2026,Net 30,USD,"25,719.27",0.00,"25,719.27",1.0000,"25,719.27",0.00,Paid
INV-10117,C-0033,Treasure Valley Market,01/22/2026,02/21/2026,Net 30,USD,"24,848.73",0.00,"24,848.73",1.0000,"24,848.73",0.00,Paid
INV-10118,C-0217,Paddle Eatery,01/22/2026,02/06/2026,Net 15,USD,841.09,0.00,841.09,1.0000,841.09,0.00,Paid
INV-10119,C-0340,Eastside Cafe,01/22/2026,02/06/2026,Net 15,USD,"2,480.66",0.00,"2,480.66",1.0000,"2,480.66",0.00,Paid
INV-10120,C-0423,Salt Marsh Kitchen,01/23/2026,02/07/2026,Net 15,USD,"1,855.36",0.00,"1,855.36",1.0000,"1,855.36",0.00,Paid
INV-10121,C-0198,GREEN VALLEY COOP #2,01/26/2026,02/25/2026,Net 30,USD,"13,070.19",0.00,"13,070.19",1.0000,"13,070.19",0.00,Paid
INV-10122,C-0334,Isle Smokehouse,01/22/2026,02/06/2026,Net 15,USD,"2,282.07",0.00,"2,282.07",1.0000,"2,282.07",0.00,Paid
INV-10123,C-0116,Ember Eatery,01/23/2026,02/07/2026,Net 15,USD,"2,608.97",0.00,"2,608.97",1.0000,"2,608.97",0.00,Paid
INV-10124,C-0275,Tamarack Smokehouse,01/23/2026,02/07/2026,Net 15,USD,"2,865.84",0.00,"2,865.84",1.0000,"2,865.84",0.00,Paid
INV-10125,C-0349,Dovetail Taproom,01/23/2026,02/07/2026,Net 15,USD,"2,703.42",0.00,"2,703.42",1.0000,"2,703.42",0.00,Paid
INV-10126,C-0335,Mountain Grocers Inc.,01/26/2026,02/25/2026,Net 30,USD,"20,927.01",0.00,"20,927.01",1.0000,"20,927.01",0.00,Paid
INV-10127,C-0381,Rookery Cafe,01/23/2026,02/07/2026,Net 15,USD,"1,812.51",0.00,"1,812.51",1.0000,"1,812.51",0.00,Paid
INV-10128,C-0403,Basalt Grill,01/26/2026,02/10/2026,Net 15,USD,867.36,0.00,867.36,1.0000,867.36,0.00,Paid
INV-10129,C-0427,Deschutes Food Hall,01/26/2026,02/25/2026,Net 30,USD,"28,242.76",0.00,"28,242.76",1.0000,"28,242.76",0.00,Paid
INV-10130,C-0012,Olallie Market,01/27/2026,02/26/2026,Net 30,USD,"23,546.12",0.00,"23,546.12",1.0000,"23,546.12",0.00,Paid
INV-10131,C-0008,Alder Cantina,01/26/2026,02/10/2026,Net 15,USD,"1,176.23",0.00,"1,176.23",1.0000,"1,176.23",0.00,Paid
INV-10132,C-0207,Wildwood Tavern,01/27/2026,02/11/2026,Net 15,USD,"2,944.57",0.00,"2,944.57",1.0000,"2,944.57",0.00,Paid
INV-10133,C-0355,Jackdaw Kitchen,01/27/2026,02/11/2026,Net 15,USD,"2,104.32",0.00,"2,104.32",1.0000,"2,104.32",0.00,Paid
INV-10134,C-0414,Belmont Natural Foods,02/02/2026,03/04/2026,Net 30,USD,"17,925.31",0.00,"17,925.31",1.0000,"17,925.31",0.00,Paid
INV-10135,C-0301,Alpenkost GmbH,02/19/2026,05/20/2026,Net 90,EUR,"7,327.85",0.00,"7,327.85",1.0826,"7,933.13",0.00,Paid
INV-10136,C-0047,Gable Brasserie,01/26/2026,02/10/2026,Net 15,USD,"2,048.80",0.00,"2,048.80",1.0000,"2,048.80",0.00,Paid
INV-10137,C-0105,Whidbey Harvest Co-op,01/26/2026,02/25/2026,Net 30,USD,"22,021.92",0.00,"22,021.92",1.0000,"22,021.92",0.00,Paid
INV-10138,C-0122,Owyhee Mercantile,01/26/2026,02/25/2026,Net 30,USD,"25,699.62",0.00,"25,699.62",1.0000,"25,699.62",0.00,Paid
INV-10139,C-0264,Vale Brasserie,01/26/2026,02/10/2026,Net 15,USD,"2,444.12",0.00,"2,444.12",1.0000,"2,444.12",0.00,Paid
INV-10140,C-0325,Cobalt Cafe,01/26/2026,02/10/2026,Net 15,USD,"2,410.22",0.00,"2,410.22",1.0000,"2,410.22",0.00,Paid
INV-10141,C-0425,Thistle Pizzeria,01/26/2026,02/10/2026,Net 15,USD,"1,726.37",0.00,"1,726.37",1.0000,"1,726.37",0.00,Paid
INV-10142,C-0295,Zephyr Bakery,01/27/2026,02/11/2026,Net 15,USD,"3,334.78",0.00,"3,334.78",1.0000,"3,334.78",0.00,Paid
INV-10143,C-0040,Parsnip Pizzeria,01/28/2026,02/12/2026,Net 15,USD,"4,034.80",0.00,"4,034.80",1.0000,"4,034.80",0.00,Paid
INV-10144,C-0330,Alder Street Market,01/30/2026,03/01/2026,Net 30,USD,"16,639.26",0.00,"16,639.26",1.0000,"16,639.26",0.00,Paid
INV-10145,C-0088,Palouse Provisions,02/02/2026,03/04/2026,Net 30,USD,"17,217.68",0.00,"17,217.68",1.0000,"17,217.68",0.00,Paid
INV-10146,C-0069,Riverbend Natural Grocers,01/28/2026,02/27/2026,Net 30,USD,"14,278.74",0.00,"14,278.74",1.0000,"14,278.74",0.00,Paid
INV-10147,C-0129,Anchor Pizzeria,01/28/2026,02/12/2026,Net 15,USD,"1,667.20",0.00,"1,667.20",1.0000,"1,667.20",0.00,Paid
INV-10148,C-0334,Isle Smokehouse,01/28/2026,02/12/2026,Net 15,USD,"2,353.10",0.00,"2,353.10",1.0000,"2,353.10",0.00,Paid
INV-10149,C-0102,Indigo Deli,01/29/2026,02/13/2026,Net 15,USD,"2,929.56",0.00,"2,929.56",1.0000,"2,929.56",0.00,Paid
INV-10150,C-0064,Juniper Hill Foods,01/30/2026,03/01/2026,Net 30,USD,"21,526.81",0.00,"21,526.81",1.0000,"21,526.81",0.00,Paid
INV-10151,C-0379,Filbert & Oak Market,02/02/2026,03/04/2026,Net 30,USD,"21,569.17",0.00,"21,569.17",1.0000,"21,569.17",0.00,Paid
INV-10152,C-0415,Kestrel Market Hall,02/02/2026,03/04/2026,Net 30,USD,"23,169.81",0.00,"23,169.81",1.0000,"23,169.81",0.00,Paid
INV-10153,C-0096,Pioneer Square Provisions,02/03/2026,03/05/2026,Net 30,USD,"22,449.62",0.00,"22,449.62",1.0000,"22,449.62",0.00,Paid
INV-10154,C-0306,Tillamook Road Grocery,02/04/2026,03/06/2026,Net 30,USD,"11,928.82",0.00,"11,928.82",1.0000,"11,928.82",0.00,Paid
INV-10155,C-0027,Cascade Harvest Grocers,01/28/2026,02/27/2026,Net 30,USD,"17,584.48",0.00,"17,584.48",1.0000,"17,584.48",0.00,Paid
INV-10156,C-0076,Thimbleberry Eatery,01/28/2026,02/12/2026,Net 15,USD,"3,299.57",0.00,"3,299.57",1.0000,"3,299.57",0.00,Paid
INV-10157,C-0136,Redtail Brasserie,01/28/2026,02/12/2026,Net 15,USD,"2,912.70",0.00,"2,912.70",1.0000,"2,912.70",0.00,Paid
INV-10158,C-0348,Foxglove Market,01/28/2026,02/27/2026,Net 30,USD,"20,363.41",0.00,"20,363.41",1.0000,"20,363.41",0.00,Paid
INV-10159,C-0276,Mossy Rock Taproom,01/29/2026,02/13/2026,Net 15,USD,"2,756.06",0.00,"2,756.06",1.0000,"2,756.06",0.00,Paid
INV-10160,C-0031,Oyster Taproom,01/30/2026,02/14/2026,Net 15,USD,"3,386.36",0.00,"3,386.36",1.0000,"3,386.36",0.00,Paid
INV-10161,C-0107,Green Valley Co-op,02/02/2026,03/04/2026,Net 30,USD,"12,977.16",0.00,"12,977.16",1.0000,"12,977.16",0.00,Paid
INV-10162,C-0396,Driftwood Pantry,02/05/2026,03/07/2026,Net 30,USD,"24,524.90",0.00,"24,524.90",1.0000,"24,524.90",0.00,Paid
INV-10163,C-0156,Hollow Noodle House,01/30/2026,02/14/2026,Net 15,USD,834.21,0.00,834.21,1.0000,834.21,0.00,Paid
INV-10164,C-0045,Bridgetown Pantry,02/02/2026,03/04/2026,Net 30,USD,"21,764.01",0.00,"21,764.01",1.0000,"21,764.01",0.00,Paid
INV-10165,C-0147,Vashon Island Market,02/02/2026,03/04/2026,Net 30,USD,"18,676.67",0.00,"18,676.67",1.0000,"18,676.67",0.00,Paid
INV-10166,C-0399,Larch Mountain Mercantile,02/02/2026,03/04/2026,Net 30,USD,"26,187.70",0.00,"26,187.70",1.0000,"26,187.70",0.00,Paid
INV-10167,C-0193,Quinault Country Store,02/05/2026,03/07/2026,Net 30,USD,"24,072.68",0.00,"24,072.68",1.0000,"24,072.68",0.00,Paid
INV-10168,C-0093,Heron Cafe,02/02/2026,02/17/2026,Net 15,USD,"2,168.56",0.00,"2,168.56",1.0000,"2,168.56",0.00,Paid
INV-10169,C-0186,Hawthorne Fresh Market,02/02/2026,03/04/2026,Net 30,USD,"20,295.03",0.00,"20,295.03",1.0000,"20,295.03",0.00,Paid
INV-10170,C-0357,Mountain Grocers LLC,02/02/2026,03/04/2026,Net 30,USD,"13,584.66",0.00,"13,584.66",1.0000,"13,584.66",0.00,Paid
INV-10171,C-0142,Sextant Bakery,02/02/2026,02/17/2026,Net 15,USD,"1,250.19",0.00,"1,250.19",1.0000,"1,250.19",0.00,Paid
INV-10172,C-0420,Nehalem Bay Grocers,02/02/2026,03/04/2026,Net 30,USD,"14,837.18",0.00,"14,837.18",1.0000,"14,837.18",0.00,Paid
INV-10173,C-0143,Gorge Valley Co-op,02/09/2026,03/11/2026,Net 30,USD,"22,039.54",0.00,"22,039.54",1.0000,"22,039.54",0.00,Paid
INV-10174,C-0183,Madrona Food Co-op,02/10/2026,03/12/2026,Net 30,USD,"15,703.92",0.00,"15,703.92",1.0000,"15,703.92",0.00,Paid
INV-10175,C-0200,Ember Lane Grocers,02/10/2026,03/12/2026,Net 30,USD,"11,572.69",0.00,"11,572.69",1.0000,"11,572.69",0.00,Paid
INV-10176,C-0046,Yakima Orchard Market,02/02/2026,03/04/2026,Net 30,USD,"14,521.32",0.00,"14,521.32",1.0000,"14,521.32",0.00,Paid
INV-10177,C-0076,Thimbleberry Eatery,02/02/2026,02/17/2026,Net 15,USD,"3,119.55",0.00,"3,119.55",1.0000,"3,119.55",0.00,Paid
INV-10178,C-0100,Copperleaf Brasserie,02/02/2026,02/17/2026,Net 15,USD,"2,233.93",0.00,"2,233.93",1.0000,"2,233.93",0.00,Paid
INV-10179,C-0036,Alpine Eatery,02/03/2026,02/18/2026,Net 15,USD,"1,707.08",0.00,"1,707.08",1.0000,"1,707.08",0.00,Paid
INV-10180,C-0233,Rose City Market Hall,02/03/2026,03/05/2026,Net 30,USD,"14,044.15",0.00,"14,044.15",1.0000,"14,044.15",0.00,Paid
INV-10181,C-0348,Foxglove Market,02/10/2026,03/12/2026,Net 30,USD,"19,463.67",0.00,"19,463.67",1.0000,"19,463.67",0.00,Paid
INV-10182,C-0012,Olallie Market,02/09/2026,03/11/2026,Net 30,USD,"22,174.58",0.00,"22,174.58",1.0000,"22,174.58",0.00,Paid
INV-10183,C-0198,GREEN VALLEY COOP #2,02/09/2026,03/11/2026,Net 30,USD,"28,363.46",0.00,"28,363.46",1.0000,"28,363.46",0.00,Paid
INV-10184,C-0427,Deschutes Food Hall,02/09/2026,03/11/2026,Net 30,USD,"16,594.07",0.00,"16,594.07",1.0000,"16,594.07",0.00,Paid
INV-10185,C-0331,Ironwood Grocery,02/11/2026,03/13/2026,Net 30,USD,"13,736.93",0.00,"13,736.93",1.0000,"13,736.93",0.00,Paid
INV-10186,C-0182,Jasper Bakery,02/04/2026,02/19/2026,Net 15,USD,"3,932.30",0.00,"3,932.30",1.0000,"3,932.30",0.00,Paid
INV-10187,C-0362,Quince Noodle House,02/05/2026,02/20/2026,Net 15,USD,"3,167.86",0.00,"3,167.86",1.0000,"3,167.86",0.00,Paid
INV-10188,C-0297,Canopy Deli,02/06/2026,02/21/2026,Net 15,USD,"1,617.39",0.00,"1,617.39",1.0000,"1,617.39",0.00,Paid
INV-10189,C-0425,Thistle Pizzeria,02/06/2026,02/21/2026,Net 15,USD,"1,633.06",0.00,"1,633.06",1.0000,"1,633.06",0.00,Paid
INV-10190,C-0064,Juniper Hill Foods,02/11/2026,03/13/2026,Net 30,USD,"19,804.13",0.00,"19,804.13",1.0000,"19,804.13",0.00,Paid
INV-10191,C-0389,Umpqua Valley Foods,02/13/2026,03/15/2026,Net 30,USD,"19,512.87",0.00,"19,512.87",1.0000,"19,512.87",0.00,Paid
INV-10192,C-0090,Zigzag Mountain Grocery,02/09/2026,03/11/2026,Net 30,USD,"20,576.03",0.00,"20,576.03",1.0000,"20,576.03",0.00,Paid
INV-10193,C-0158,Umber Grill,02/06/2026,02/21/2026,Net 15,USD,"2,369.46",0.00,"2,369.46",1.0000,"2,369.46",0.00,Paid
INV-10194,C-0335,Mountain Grocers Inc.,02/09/2026,03/11/2026,Net 30,USD,"14,197.43",0.00,"14,197.43",1.0000,"14,197.43",0.00,Paid
INV-10195,C-0033,Treasure Valley Market,02/09/2026,03/11/2026,Net 30,USD,"12,292.81",0.00,"12,292.81",1.0000,"12,292.81",0.00,Paid
INV-10196,C-0105,Whidbey Harvest Co-op,02/09/2026,03/11/2026,Net 30,USD,"16,043.97",0.00,"16,043.97",1.0000,"16,043.97",0.00,Paid
INV-10197,C-0155,Lodestar Cafe,02/09/2026,02/24/2026,Net 15,USD,"3,419.34",0.00,"3,419.34",1.0000,"3,419.34",0.00,Paid
INV-10198,C-0264,Vale Brasserie,02/09/2026,02/24/2026,Net 15,USD,"3,100.36",0.00,"3,100.36",1.0000,"3,100.36",0.00,Paid
INV-10199,C-0273,Coldwater Creek Market,02/09/2026,03/11/2026,Net 30,USD,"24,949.92",0.00,"24,949.92",1.0000,"24,949.92",0.00,Paid
INV-10200,C-0328,Drumlin Bakery,02/09/2026,02/24/2026,Net 15,USD,"2,338.71",0.00,"2,338.71",1.0000,"2,338.71",0.00,Paid
INV-10201,C-0027,Cascade Harvest Grocers,02/10/2026,03/12/2026,Net 30,USD,"27,885.46",0.00,"27,885.46",1.0000,"27,885.46",0.00,Paid
INV-10202,C-0379,Filbert & Oak Market,02/16/2026,03/18/2026,Net 30,USD,"17,686.71",0.00,"17,686.71",1.0000,"17,686.71",0.00,Paid
INV-10203,C-0115,Gull Eatery,02/09/2026,02/24/2026,Net 15,USD,990.78,0.00,990.78,1.0000,990.78,0.00,Paid
INV-10204,C-0146,Jetty Tavern,02/09/2026,02/24/2026,Net 15,USD,"2,234.55",0.00,"2,234.55",1.0000,"2,234.55",0.00,Paid
INV-10205,C-0163,Elk Rock Provisions,02/09/2026,03/11/2026,Net 30,USD,"16,222.47",0.00,"16,222.47",1.0000,"16,222.47",0.00,Paid
INV-10206,C-0171,Dune Cantina,02/09/2026,02/24/2026,Net 15,USD,"2,286.68",0.00,"2,286.68",1.0000,"2,286.68",0.00,Paid
INV-10207,C-0074,Estuary Smokehouse,02/09/2026,02/24/2026,Net 15,USD,"1,451.87",0.00,"1,451.87",1.0000,"1,451.87",0.00,Paid
INV-10208,C-0108,Millrace Pizzeria,02/09/2026,02/24/2026,Net 15,USD,"3,649.53",0.00,"3,649.53",1.0000,"3,649.53",0.00,Paid
INV-10209,C-0133,Sawtooth Natural Foods,02/09/2026,03/11/2026,Net 30,USD,"12,231.32",0.00,"12,231.32",1.0000,"12,231.32",0.00,Paid
INV-10210,C-0156,Hollow Noodle House,02/09/2026,02/24/2026,Net 15,USD,"3,816.24",0.00,"3,816.24",1.0000,"3,816.24",0.00,Paid
INV-10211,C-0197,Elderberry Deli,02/09/2026,02/24/2026,Net 15,USD,"3,868.65",0.00,"3,868.65",1.0000,"3,868.65",0.00,Paid
INV-10212,C-0402,Verbena Supper Club,02/09/2026,02/24/2026,Net 15,USD,"2,133.20",0.00,"2,133.20",1.0000,"2,133.20",0.00,Paid
INV-10213,C-0400,Salmonberry Market,02/10/2026,03/12/2026,Net 30,USD,"22,885.38",0.00,"22,885.38",1.0000,"22,885.38",0.00,Paid
INV-10214,C-0122,Owyhee Mercantile,02/11/2026,03/13/2026,Net 30,USD,"16,402.50",0.00,"16,402.50",1.0000,"16,402.50",0.00,Paid
INV-10215,C-0046,Yakima Orchard Market,02/16/2026,03/18/2026,Net 30,USD,"19,843.22",0.00,"19,843.22",1.0000,"19,843.22",0.00,Paid
INV-10216,C-0088,Palouse Provisions,02/16/2026,03/18/2026,Net 30,USD,"16,261.42",0.00,"16,261.42",1.0000,"16,261.42",0.00,Paid
INV-10217,C-0420,Nehalem Bay Grocers,02/18/2026,03/20/2026,Net 30,USD,"22,548.10",0.00,"22,548.10",1.0000,"22,548.10",0.00,Paid
INV-10218,C-0209,Kelp Grill,02/12/2026,02/27/2026,Net 15,USD,"1,486.46",0.00,"1,486.46",1.0000,"1,486.46",0.00,Paid
INV-10219,C-0278,Sorrel Cantina,02/12/2026,02/27/2026,Net 15,USD,"1,237.45",0.00,"1,237.45",1.0000,"1,237.45",0.00,Paid
INV-10220,C-0415,Kestrel Market Hall,02/16/2026,03/18/2026,Net 30,USD,"16,006.83",0.00,"16,006.83",1.0000,"16,006.83",0.00,Paid
INV-10221,C-0069,Riverbend Natural Grocers,02/11/2026,03/13/2026,Net 30,USD,"21,887.96",0.00,"21,887.96",1.0000,"21,887.96",0.00,Paid
INV-10222,C-0282,Yarrow Deli,02/13/2026,02/28/2026,Net 15,USD,"1,089.54",0.00,"1,089.54",1.0000,"1,089.54",0.00,Paid
INV-10223,C-0107,Green Valley Co-op,02/16/2026,03/18/2026,Net 30,USD,"15,005.21",0.00,"15,005.21",1.0000,"15,005.21",0.00,Paid
INV-10224,C-0233,Rose City Market Hall,02/18/2026,03/20/2026,Net 30,USD,"20,619.60",0.00,"20,619.60",1.0000,"20,619.60",0.00,Paid
INV-10225,C-0371,Marrow Brasserie,02/12/2026,02/27/2026,Net 15,USD,"2,421.00",0.00,"2,421.00",1.0000,"2,421.00",0.00,Paid
INV-10226,C-0112,Loam Bakery,02/13/2026,02/28/2026,Net 15,USD,"3,927.04",0.00,"3,927.04",1.0000,"3,927.04",0.00,Paid
INV-10227,C-0298,Nimbus Cafe,02/13/2026,02/28/2026,Net 15,USD,"1,397.16",0.00,"1,397.16",1.0000,"1,397.16",0.00,Paid
INV-10228,C-0411,Iris Taproom,02/13/2026,02/28/2026,Net 15,USD,"2,695.21",0.00,"2,695.21",1.0000,"2,695.21",0.00,Paid
INV-10229,C-0396,Driftwood Pantry,02/19/2026,03/21/2026,Net 30,USD,"14,235.35",0.00,"14,235.35",1.0000,"14,235.35",0.00,Paid
INV-10230,C-0330,Alder Street Market,02/16/2026,03/18/2026,Net 30,USD,"25,297.50",0.00,"25,297.50",1.0000,"25,297.50",0.00,Paid
INV-10231,C-0399,Larch Mountain Mercantile,02/16/2026,03/18/2026,Net 30,USD,"22,777.06",0.00,"22,777.06",1.0000,"22,777.06",0.00,Paid
INV-10232,C-0414,Belmont Natural Foods,02/16/2026,03/18/2026,Net 30,USD,"13,382.71",0.00,"13,382.71",1.0000,"13,382.71",0.00,Paid
INV-10233,C-0147,Vashon Island Market,02/16/2026,03/18/2026,Net 30,USD,"14,542.81",0.00,"14,542.81",1.0000,"14,542.81",0.00,Paid
INV-10234,C-0186,Hawthorne Fresh Market,02/16/2026,03/18/2026,Net 30,USD,"12,682.86",0.00,"12,682.86",1.0000,"12,682.86",0.00,Paid
INV-10235,C-0299,Orchard Bakery,02/16/2026,03/03/2026,Net 15,USD,"2,005.61",0.00,"2,005.61",1.0000,"2,005.61",0.00,Paid
INV-10236,C-0325,Cobalt Cafe,02/16/2026,03/03/2026,Net 15,USD,"1,846.52",0.00,"1,846.52",1.0000,"1,846.52",0.00,Paid
INV-10237,C-0349,Dovetail Taproom,02/16/2026,03/03/2026,Net 15,USD,"2,911.95",0.00,"2,911.95",1.0000,"2,911.95",0.00,Paid
INV-10238,C-0380,Quill Grill,02/16/2026,03/03/2026,Net 15,USD,"1,186.49",0.00,"1,186.49",1.0000,"1,186.49",0.00,Paid
INV-10239,C-0045,Bridgetown Pantry,02/17/2026,03/19/2026,Net 30,USD,"19,778.95",0.00,"19,778.95",1.0000,"19,778.95",0.00,Paid
INV-10240,C-0037,Bellwether Tavern,02/16/2026,03/03/2026,Net 15,USD,"1,495.38",0.00,"1,495.38",1.0000,"1,495.38",0.00,Paid
INV-10241,C-0264,Vale Brasserie,02/16/2026,03/03/2026,Net 15,USD,871.18,0.00,871.18,1.0000,871.18,0.00,Paid
INV-10242,C-0096,Pioneer Square Provisions,02/17/2026,03/19/2026,Net 30,USD,"20,727.83",0.00,"20,727.83",1.0000,"20,727.83",0.00,Paid
INV-10243,C-0357,Mountain Grocers LLC,02/18/2026,03/20/2026,Net 30,USD,"28,409.10",0.00,"28,409.10",1.0000,"28,409.10",0.00,Paid
INV-10244,C-0273,Coldwater Creek Market,02/23/2026,03/25/2026,Net 30,USD,"27,605.07",0.00,"27,605.07",1.0000,"27,605.07",0.00,Paid
INV-10245,C-0105,Whidbey Harvest Co-op,02/24/2026,03/26/2026,Net 30,USD,"27,441.36",0.00,"27,441.36",1.0000,"27,441.36",0.00,Paid
INV-10246,C-0247,Wren Noodle House,02/16/2026,03/03/2026,Net 15,USD,"2,443.47",0.00,"2,443.47",1.0000,"2,443.47",0.00,Paid
INV-10247,C-0365,Quarry Bistro,02/16/2026,03/03/2026,Net 15,USD,"3,058.38",0.00,"3,058.38",1.0000,"3,058.38",0.00,Paid
INV-10248,C-0193,Quinault Country Store,02/20/2026,03/22/2026,Net 30,USD,"23,422.07",0.00,"23,422.07",1.0000,"23,422.07",0.00,Paid
INV-10249,C-0198,GREEN VALLEY COOP #2,02/23/2026,03/25/2026,Net 30,USD,"16,422.82",0.00,"16,422.82",1.0000,"16,422.82",0.00,Paid
INV-10250,C-0012,Olallie Market,02/25/2026,03/27/2026,Net 30,USD,"18,089.65",0.00,"18,089.65",1.0000,"18,089.65",0.00,Paid
INV-10251,C-0033,Treasure Valley Market,02/23/2026,03/25/2026,Net 30,USD,"25,655.12",0.00,"25,655.12",1.0000,"25,655.12",0.00,Paid
INV-10252,C-0122,Owyhee Mercantile,02/25/2026,03/27/2026,Net 30,USD,"27,833.34",0.00,"27,833.34",1.0000,"27,833.34",0.00,Paid
INV-10253,C-0306,Tillamook Road Grocery,02/20/2026,03/22/2026,Net 30,USD,"11,413.96",0.00,"11,413.96",1.0000,"11,413.96",0.00,Paid
INV-10254,C-0069,Riverbend Natural Grocers,02/23/2026,03/25/2026,Net 30,USD,"26,627.75",0.00,"26,627.75",1.0000,"26,627.75",0.00,Paid
INV-10255,C-0163,Elk Rock Provisions,02/23/2026,03/25/2026,Net 30,USD,"11,837.06",0.00,"11,837.06",1.0000,"11,837.06",0.00,Paid
INV-10256,C-0301,Alpenkost GmbH,04/01/2026,06/30/2026,Net 90,EUR,"9,045.31",0.00,"9,045.31",1.0812,"9,779.79","9,045.31",Open
INV-10257,C-0055,Lumen Kitchen,02/19/2026,03/06/2026,Net 15,USD,"2,468.89",0.00,"2,468.89",1.0000,"2,468.89",0.00,Paid
INV-10258,C-0145,Hearth Cantina,02/20/2026,03/07/2026,Net 15,USD,717.41,0.00,717.41,1.0000,717.41,0.00,Paid
INV-10259,C-0206,Otter Brasserie,02/20/2026,03/07/2026,Net 15,USD,"1,395.83",0.00,"1,395.83",1.0000,"1,395.83",0.00,Paid
INV-10260,C-0064,Juniper Hill Foods,02/23/2026,03/25/2026,Net 30,USD,"21,451.13",0.00,"21,451.13",1.0000,"21,451.13",0.00,Paid
INV-10261,C-0143,Gorge Valley Co-op,02/23/2026,03/25/2026,Net 30,USD,"25,616.78",0.00,"25,616.78",1.0000,"25,616.78",0.00,Paid
INV-10262,C-0335,Mountain Grocers Inc.,02/23/2026,03/25/2026,Net 30,USD,"19,806.28",0.00,"19,806.28",1.0000,"19,806.28",0.00,Paid
INV-10263,C-0400,Salmonberry Market,02/23/2026,03/25/2026,Net 30,USD,"19,331.23",0.00,"19,331.23",1.0000,"19,331.23",0.00,Paid
INV-10264,C-0427,Deschutes Food Hall,02/23/2026,03/25/2026,Net 30,USD,"14,897.69",0.00,"14,897.69",1.0000,"14,897.69",0.00,Paid
INV-10265,C-0027,Cascade Harvest Grocers,02/26/2026,03/28/2026,Net 30,USD,"11,533.86",0.00,"11,533.86",1.0000,"11,533.86",0.00,Paid
INV-10266,C-0331,Ironwood Grocery,02/27/2026,03/29/2026,Net 30,USD,"23,985.37",0.00,"23,985.37",1.0000,"23,985.37",0.00,Paid
INV-10267,C-0301,Alpenkost GmbH,03/23/2026,06/21/2026,Net 90,EUR,"10,120.30",0.00,"10,120.30",1.0828,"10,958.26","10,120.30",Open
INV-10268,C-0348,Foxglove Market,02/23/2026,03/25/2026,Net 30,USD,"16,366.94",0.00,"16,366.94",1.0000,"16,366.94",0.00,Paid
INV-10269,C-0090,Zigzag Mountain Grocery,02/24/2026,03/26/2026,Net 30,USD,"12,860.13",0.00,"12,860.13",1.0000,"12,860.13",0.00,Paid
INV-10270,C-0133,Sawtooth Natural Foods,02/23/2026,03/25/2026,Net 30,USD,"16,960.88",0.00,"16,960.88",1.0000,"16,960.88",0.00,Paid
INV-10271,C-0145,Hearth Cantina,02/23/2026,03/10/2026,Net 15,USD,"1,186.08",0.00,"1,186.08",1.0000,"1,186.08",0.00,Paid
INV-10272,C-0155,Lodestar Cafe,02/23/2026,03/10/2026,Net 15,USD,"1,098.61",0.00,"1,098.61",1.0000,"1,098.61",0.00,Paid
INV-10273,C-0171,Dune Cantina,02/23/2026,03/10/2026,Net 15,USD,"1,783.70",0.00,"1,783.70",1.0000,"1,783.70",0.00,Paid
INV-10274,C-0323,Waxwing Eatery,02/23/2026,03/10/2026,Net 15,USD,702.71,0.00,702.71,1.0000,702.71,0.00,Paid
INV-10275,C-0334,Isle Smokehouse,02/23/2026,03/10/2026,Net 15,USD,"4,121.26",0.00,"4,121.26",1.0000,"4,121.26",0.00,Paid
INV-10276,C-0183,Madrona Food Co-op,02/25/2026,03/27/2026,Net 30,USD,"16,883.54",0.00,"16,883.54",1.0000,"16,883.54",0.00,Paid
INV-10277,C-0303,Trillium Bistro,02/23/2026,03/10/2026,Net 15,USD,"2,865.72",0.00,"2,865.72",1.0000,"2,865.72",0.00,Paid
INV-10278,C-0403,Basalt Grill,02/23/2026,03/10/2026,Net 15,USD,"1,562.20",0.00,"1,562.20",1.0000,"1,562.20",0.00,Paid
INV-10279,C-0161,Bramble Noodle House,02/24/2026,03/11/2026,Net 15,USD,"3,525.42",0.00,"3,525.42",1.0000,"3,525.42",0.00,Paid
INV-10280,C-0379,Filbert & Oak Market,03/02/2026,04/01/2026,Net 30,USD,"24,872.86",0.00,"24,872.86",1.0000,"24,872.86",0.00,Paid
INV-10281,C-0414,Belmont Natural Foods,03/02/2026,04/01/2026,Net 30,USD,"18,191.63",0.00,"18,191.63",1.0000,"18,191.63",0.00,Paid
INV-10282,C-0209,Kelp Grill,02/23/2026,03/10/2026,Net 15,USD,"2,476.56",0.00,"2,476.56",1.0000,"2,476.56",0.00,Paid
INV-10283,C-0272,Ramble Deli,02/23/2026,03/10/2026,Net 15,USD,"2,350.35",0.00,"2,350.35",1.0000,"2,350.35",0.00,Paid
INV-10284,C-0158,Umber Grill,02/24/2026,03/11/2026,Net 15,USD,"2,854.93",0.00,"2,854.93",1.0000,"2,854.93",0.00,Paid
INV-10285,C-0197,Elderberry Deli,02/25/2026,03/12/2026,Net 15,USD,"1,063.39",0.00,"1,063.39",1.0000,"1,063.39",0.00,Paid
INV-10286,C-0389,Umpqua Valley Foods,03/02/2026,04/01/2026,Net 30,USD,"25,286.64",0.00,"25,286.64",1.0000,"25,286.64",0.00,Paid
INV-10287,C-0420,Nehalem Bay Grocers,03/04/2026,04/03/2026,Net 30,USD,"23,206.93",0.00,"23,206.93",1.0000,"23,206.93",0.00,Paid
INV-10288,C-0200,Ember Lane Grocers,02/25/2026,03/27/2026,Net 30,USD,"28,140.68",0.00,"28,140.68",1.0000,"28,140.68",0.00,Paid
INV-10289,C-0233,Rose City Market Hall,03/03/2026,04/02/2026,Net 30,USD,"14,801.76",0.00,"14,801.76",1.0000,"14,801.76",0.00,Paid
INV-10290,C-0096,Pioneer Square Provisions,03/04/2026,04/03/2026,Net 30,USD,"16,252.74",0.00,"16,252.74",1.0000,"16,252.74",0.00,Paid
INV-10291,C-0147,Vashon Island Market,03/04/2026,04/03/2026,Net 30,USD,"23,144.60",0.00,"23,144.60",1.0000,"23,144.60",0.00,Paid
INV-10292,C-0399,Larch Mountain Mercantile,03/04/2026,04/03/2026,Net 30,USD,"22,944.72",0.00,"22,944.72",1.0000,"22,944.72",0.00,Paid
INV-10293,C-0186,Hawthorne Fresh Market,03/02/2026,04/01/2026,Net 30,USD,"11,080.87",0.00,"11,080.87",1.0000,"11,080.87",0.00,Paid
INV-10294,C-0216,Arbor Kitchen,02/26/2026,03/13/2026,Net 15,USD,"2,275.20",0.00,"2,275.20",1.0000,"2,275.20",0.00,Paid
INV-10295,C-0050,Aster Kitchen,02/27/2026,03/14/2026,Net 15,USD,717.71,0.00,717.71,1.0000,717.71,0.00,Paid
INV-10296,C-0045,Bridgetown Pantry,03/03/2026,04/02/2026,Net 30,USD,"27,093.40",0.00,"27,093.40",1.0000,"27,093.40",0.00,Paid
INV-10297,C-0107,Green Valley Co-op,03/03/2026,04/02/2026,Net 30,USD,"23,991.49",0.00,"23,991.49",1.0000,"23,991.49",0.00,Paid
INV-10298,C-0217,Paddle Eatery,02/27/2026,03/14/2026,Net 15,USD,961.81,0.00,961.81,1.0000,961.81,0.00,Paid
INV-10299,C-0330,Alder Street Market,03/04/2026,04/03/2026,Net 30,USD,"21,946.30",0.00,"21,946.30",1.0000,"21,946.30",0.00,Paid
INV-10300,C-0403,Basalt Grill,03/02/2026,03/17/2026,Net 15,USD,"1,484.18",0.00,"1,484.18",1.0000,"1,484.18",0.00,Paid
INV-10301,C-0412,Cedar & Salt Bistro,02/20/2026,03/07/2026,Net 15,USD,"2,980.00",0.00,"2,980.00",1.0000,"2,980.00",0.00,Paid
INV-10302,C-0046,Yakima Orchard Market,03/03/2026,04/02/2026,Net 30,USD,"15,968.08",0.00,"15,968.08",1.0000,"15,968.08",0.00,Paid
INV-10303,C-0357,Mountain Grocers LLC,03/03/2026,04/02/2026,Net 30,USD,"13,596.59",0.00,"13,596.59",1.0000,"13,596.59",0.00,Paid
INV-10304,C-0206,Otter Brasserie,03/02/2026,03/17/2026,Net 15,USD,"3,232.54",0.00,"3,232.54",1.0000,"3,232.54",0.00,Paid
INV-10305,C-0237,Plover Supper Club,03/02/2026,03/17/2026,Net 15,USD,"1,925.18",0.00,"1,925.18",1.0000,"1,925.18",0.00,Paid
INV-10306,C-0282,Yarrow Deli,03/02/2026,03/17/2026,Net 15,USD,"3,567.24",0.00,"3,567.24",1.0000,"3,567.24",0.00,Paid
INV-10307,C-0415,Kestrel Market Hall,03/02/2026,04/01/2026,Net 30,USD,"11,704.08",0.00,"11,704.08",1.0000,"11,704.08",0.00,Paid
INV-10308,C-0088,Palouse Provisions,03/04/2026,04/03/2026,Net 30,USD,"20,233.38",0.00,"20,233.38",1.0000,"20,233.38",0.00,Paid
INV-10309,C-0064,Juniper Hill Foods,03/09/2026,04/08/2026,Net 30,USD,"15,014.13",0.00,"15,014.13",1.0000,"15,014.13",0.00,Paid
INV-10310,C-0105,Whidbey Harvest Co-op,03/09/2026,04/08/2026,Net 30,USD,"22,560.52",0.00,"22,560.52",1.0000,"22,560.52",0.00,Paid
INV-10311,C-0306,Tillamook Road Grocery,03/09/2026,04/08/2026,Net 30,USD,"21,529.67",0.00,"21,529.67",1.0000,"21,529.67",0.00,Paid
INV-10312,C-0325,Cobalt Cafe,03/02/2026,03/17/2026,Net 15,USD,"2,810.94",0.00,"2,810.94",1.0000,"2,810.94",0.00,Paid
INV-10313,C-0329,Oxbow Smokehouse,03/02/2026,03/17/2026,Net 15,USD,"1,645.92",0.00,"1,645.92",1.0000,"1,645.92",0.00,Paid
INV-10314,C-0120,Saltbox Kitchen,03/03/2026,03/18/2026,Net 15,USD,"1,250.00",0.00,"1,250.00",1.0000,"1,250.00",0.00,Paid
INV-10315,C-0378,Yellowjacket Taproom,03/03/2026,03/18/2026,Net 15,USD,"1,590.40",0.00,"1,590.40",1.0000,"1,590.40",0.00,Paid
INV-10316,C-0406,Wharf Cantina,03/03/2026,03/18/2026,Net 15,USD,"3,614.39",0.00,"3,614.39",1.0000,"3,614.39",0.00,Paid
INV-10317,C-0177,Quarterdeck Tavern,03/04/2026,03/19/2026,Net 15,USD,"1,525.67",0.00,"1,525.67",1.0000,"1,525.67",0.00,Paid
INV-10318,C-0143,Gorge Valley Co-op,03/09/2026,04/08/2026,Net 30,USD,"15,743.40",0.00,"15,743.40",1.0000,"15,743.40",0.00,Paid
INV-10319,C-0163,Elk Rock Provisions,03/09/2026,04/08/2026,Net 30,USD,"17,058.13",0.00,"17,058.13",1.0000,"17,058.13",0.00,Paid
INV-10320,C-0012,Olallie Market,03/10/2026,04/09/2026,Net 30,USD,"17,135.71",0.00,"17,135.71",1.0000,"17,135.71",0.00,Paid
INV-10321,C-0047,Gable Brasserie,03/03/2026,03/18/2026,Net 15,USD,"1,879.42",0.00,"1,879.42",1.0000,"1,879.42",0.00,Paid
INV-10322,C-0083,Acorn Supper Club,03/03/2026,03/18/2026,Net 15,USD,"3,529.24",0.00,"3,529.24",1.0000,"3,529.24",0.00,Paid
INV-10323,C-0401,Pinewood Kitchen,03/03/2026,03/18/2026,Net 15,USD,"3,376.55",0.00,"3,376.55",1.0000,"3,376.55",0.00,Paid
INV-10324,C-0035,Velvet Taproom,03/05/2026,03/20/2026,Net 15,USD,"2,428.04",0.00,"2,428.04",1.0000,"2,428.04",0.00,Paid
INV-10325,C-0396,Driftwood Pantry,03/05/2026,04/04/2026,Net 30,USD,"17,397.59",0.00,"17,397.59",1.0000,"17,397.59",0.00,Paid
INV-10326,C-0033,Treasure Valley Market,03/09/2026,04/08/2026,Net 30,USD,"25,409.31",0.00,"25,409.31",1.0000,"25,409.31",0.00,Paid
INV-10327,C-0348,Foxglove Market,03/10/2026,04/09/2026,Net 30,USD,"25,441.84",0.00,"25,441.84",1.0000,"25,441.84",0.00,Paid
INV-10328,C-0027,Cascade Harvest Grocers,03/11/2026,04/10/2026,Net 30,USD,"12,981.31",0.00,"12,981.31",1.0000,"12,981.31",0.00,Paid
INV-10329,C-0090,Zigzag Mountain Grocery,03/11/2026,04/10/2026,Net 30,USD,"23,930.58",0.00,"23,930.58",1.0000,"23,930.58",0.00,Paid
INV-10330,C-0397,Fable Kitchen,03/04/2026,03/19/2026,Net 15,USD,928.60,0.00,928.60,1.0000,928.60,0.00,Paid
INV-10331,C-0283,Yardarm Smokehouse,03/05/2026,03/20/2026,Net 15,USD,"2,336.22",0.00,"2,336.22",1.0000,"2,336.22",0.00,Paid
INV-10332,C-0406,Wharf Cantina,03/05/2026,03/20/2026,Net 15,USD,"1,667.67",0.00,"1,667.67",1.0000,"1,667.67",0.00,Paid
INV-10333,C-0133,Sawtooth Natural Foods,03/09/2026,04/08/2026,Net 30,USD,"13,466.98",0.00,"13,466.98",1.0000,"13,466.98",0.00,Paid
INV-10334,C-0198,GREEN VALLEY COOP #2,03/09/2026,04/08/2026,Net 30,USD,"15,438.62",0.00,"15,438.62",1.0000,"15,438.62",0.00,Paid
INV-10335,C-0183,Madrona Food Co-op,03/12/2026,04/11/2026,Net 30,USD,"13,269.11",0.00,"13,269.11",1.0000,"13,269.11",0.00,Paid
INV-10336,C-0193,Quinault Country Store,03/05/2026,04/04/2026,Net 30,USD,"18,869.53",0.00,"18,869.53",1.0000,"18,869.53",0.00,Paid
INV-10337,C-0282,Yarrow Deli,03/05/2026,03/20/2026,Net 15,USD,"3,189.04",0.00,"3,189.04",1.0000,"3,189.04",0.00,Paid
INV-10338,C-0369,Eddy Pizzeria,03/05/2026,03/20/2026,Net 15,USD,"1,154.06",0.00,"1,154.06",1.0000,"1,154.06",0.00,Paid
INV-10339,C-0122,Owyhee Mercantile,03/13/2026,04/12/2026,Net 30,USD,"21,953.97",0.00,"21,953.97",1.0000,"21,953.97",0.00,Paid
INV-10340,C-0200,Ember Lane Grocers,03/13/2026,04/12/2026,Net 30,USD,"16,980.43",0.00,"16,980.43",1.0000,"16,980.43",0.00,Paid
INV-10341,C-0035,Velvet Taproom,03/09/2026,03/24/2026,Net 15,USD,"3,930.89",0.00,"3,930.89",1.0000,"3,930.89",0.00,Paid
INV-10342,C-0121,Upland Kitchen,03/09/2026,03/24/2026,Net 15,USD,"3,488.07",0.00,"3,488.07",1.0000,"3,488.07",0.00,Paid
INV-10343,C-0272,Ramble Deli,03/09/2026,03/24/2026,Net 15,USD,"3,719.65",0.00,"3,719.65",1.0000,"3,719.65",0.00,Paid
INV-10344,C-0331,Ironwood Grocery,03/13/2026,04/12/2026,Net 30,USD,"18,621.98",0.00,"18,621.98",1.0000,"18,621.98",0.00,Paid
INV-10345,C-0047,Gable Brasserie,03/09/2026,03/24/2026,Net 15,USD,"2,373.51",0.00,"2,373.51",1.0000,"2,373.51",0.00,Paid
INV-10346,C-0399,Larch Mountain Mercantile,03/17/2026,04/16/2026,Net 30,USD,"26,807.25",0.00,"26,807.25",1.0000,"26,807.25",0.00,Paid
INV-10347,C-0130,Cinder Kitchen,03/09/2026,03/24/2026,Net 15,USD,"3,486.15",0.00,"3,486.15",1.0000,"3,486.15",0.00,Paid
INV-10348,C-0273,Coldwater Creek Market,03/09/2026,04/08/2026,Net 30,USD,"25,055.15",0.00,"25,055.15",1.0000,"25,055.15",0.00,Paid
INV-10349,C-0329,Oxbow Smokehouse,03/09/2026,03/24/2026,Net 15,USD,"2,970.99",0.00,"2,970.99",1.0000,"2,970.99",0.00,Paid
INV-10350,C-0335,Mountain Grocers Inc.,03/09/2026,04/08/2026,Net 30,USD,"23,092.42",0.00,"23,092.42",1.0000,"23,092.42",0.00,Paid
INV-10351,C-0400,Salmonberry Market,03/09/2026,04/08/2026,Net 30,USD,"11,628.61",0.00,"11,628.61",1.0000,"11,628.61",0.00,Paid
INV-10352,C-0120,Saltbox Kitchen,03/10/2026,03/25/2026,Net 15,USD,"1,250.00",0.00,"1,250.00",1.0000,"1,250.00",0.00,Paid
INV-10353,C-0215,Nook Eatery,03/10/2026,03/25/2026,Net 15,USD,"3,218.26",0.00,"3,218.26",1.0000,"3,218.26",0.00,Paid
INV-10354,C-0397,Fable Kitchen,03/10/2026,03/25/2026,Net 15,USD,"1,883.22",0.00,"1,883.22",1.0000,"1,883.22",0.00,Paid
INV-10355,C-0130,Cinder Kitchen,03/11/2026,03/26/2026,Net 15,USD,"1,019.53",0.00,"1,019.53",1.0000,"1,019.53",0.00,Paid
INV-10356,C-0427,Deschutes Food Hall,03/11/2026,04/10/2026,Net 30,USD,"24,323.71",0.00,"24,323.71",1.0000,"24,323.71",0.00,Paid
INV-10357,C-0045,Bridgetown Pantry,03/16/2026,04/15/2026,Net 30,USD,"21,684.60",0.00,"21,684.60",1.0000,"21,684.60",0.00,Paid
INV-10358,C-0186,Hawthorne Fresh Market,03/16/2026,04/15/2026,Net 30,USD,"27,013.20",0.00,"27,013.20",1.0000,"27,013.20",0.00,Paid
INV-10359,C-0096,Pioneer Square Provisions,03/18/2026,04/17/2026,Net 30,USD,"16,764.84",0.00,"16,764.84",1.0000,"16,764.84",0.00,Paid
INV-10360,C-0415,Kestrel Market Hall,03/18/2026,04/17/2026,Net 30,USD,"25,563.69",0.00,"25,563.69",1.0000,"25,563.69",0.00,Paid
INV-10361,C-0106,Fiddlehead Taproom,03/10/2026,03/25/2026,Net 15,USD,"1,469.49",0.00,"1,469.49",1.0000,"1,469.49",0.00,Paid
INV-10362,C-0401,Pinewood Kitchen,03/12/2026,03/27/2026,Net 15,USD,"1,893.50",0.00,"1,893.50",1.0000,"1,893.50",0.00,Paid
INV-10363,C-0389,Umpqua Valley Foods,03/16/2026,04/15/2026,Net 30,USD,"14,088.31",0.00,"14,088.31",1.0000,"14,088.31",0.00,Paid
INV-10364,C-0379,Filbert & Oak Market,03/18/2026,04/17/2026,Net 30,USD,"15,169.61",0.00,"15,169.61",1.0000,"15,169.61",0.00,Paid
INV-10365,C-0420,Nehalem Bay Grocers,03/18/2026,04/17/2026,Net 30,USD,"25,340.41",0.00,"25,340.41",1.0000,"25,340.41",0.00,Paid
INV-10366,C-0069,Riverbend Natural Grocers,03/11/2026,04/10/2026,Net 30,USD,"21,920.63",0.00,"21,920.63",1.0000,"21,920.63",0.00,Paid
INV-10367,C-0001,Meadowlark Bistro,03/12/2026,03/27/2026,Net 15,USD,"2,415.82",0.00,"2,415.82",1.0000,"2,415.82",0.00,Paid
INV-10368,C-0298,Nimbus Cafe,03/12/2026,03/27/2026,Net 15,USD,"1,971.39",0.00,"1,971.39",1.0000,"1,971.39",0.00,Paid
INV-10369,C-0132,Jubilee Cantina,03/13/2026,03/28/2026,Net 15,USD,"4,008.65",0.00,"4,008.65",1.0000,"4,008.65",0.00,Paid
INV-10370,C-0088,Palouse Provisions,03/18/2026,04/17/2026,Net 30,USD,"14,701.41",0.00,"14,701.41",1.0000,"14,701.41",0.00,Paid
INV-10371,C-0414,Belmont Natural Foods,03/16/2026,04/15/2026,Net 30,USD,"16,942.27",0.00,"16,942.27",1.0000,"16,942.27",0.00,Paid
INV-10372,C-0147,Vashon Island Market,03/17/2026,04/16/2026,Net 30,USD,"25,275.22",0.00,"25,275.22",1.0000,"25,275.22",0.00,Paid
INV-10373,C-0087,Inkwell Supper Club,03/16/2026,03/31/2026,Net 15,USD,"3,932.48",0.00,"3,932.48",1.0000,"3,932.48",0.00,Paid
INV-10374,C-0214,Nectar Noodle House,03/16/2026,03/31/2026,Net 15,USD,"3,286.86",0.00,"3,286.86",1.0000,"3,286.86",0.00,Paid
INV-10375,C-0308,Northstar Deli,03/16/2026,03/31/2026,Net 15,USD,"3,133.78",0.00,"3,133.78",1.0000,"3,133.78",0.00,Paid
INV-10376,C-0193,Quinault Country Store,03/18/2026,04/17/2026,Net 30,USD,"23,641.48",0.00,"23,641.48",1.0000,"23,641.48",0.00,Paid
INV-10377,C-0233,Rose City Market Hall,03/18/2026,04/17/2026,Net 30,USD,"27,098.29",0.00,"27,098.29",1.0000,"27,098.29",0.00,Paid
INV-10378,C-0046,Yakima Orchard Market,03/19/2026,04/18/2026,Net 30,USD,"20,391.96",0.00,"20,391.96",1.0000,"20,391.96",0.00,Paid
INV-10379,C-0056,Granary Pizzeria,03/16/2026,03/31/2026,Net 15,USD,"3,314.59",0.00,"3,314.59",1.0000,"3,314.59",0.00,Paid
INV-10380,C-0250,Nettle Cantina,03/16/2026,03/31/2026,Net 15,USD,"2,178.98",0.00,"2,178.98",1.0000,"2,178.98",0.00,Paid
INV-10381,C-0121,Upland Kitchen,03/17/2026,04/01/2026,Net 15,USD,"3,826.92",0.00,"3,826.92",1.0000,"3,826.92",0.00,Paid
INV-10382,C-0396,Driftwood Pantry,03/19/2026,04/18/2026,Net 30,USD,"15,865.90",0.00,"15,865.90",1.0000,"15,865.90",0.00,Paid
INV-10383,C-0033,Treasure Valley Market,03/23/2026,04/22/2026,Net 30,USD,"26,197.30",0.00,"26,197.30",1.0000,"26,197.30",0.00,Paid
INV-10384,C-0359,Yew Grill,03/16/2026,03/31/2026,Net 15,USD,"3,806.99",0.00,"3,806.99",1.0000,"3,806.99",0.00,Paid
INV-10385,C-0425,Thistle Pizzeria,03/16/2026,03/31/2026,Net 15,USD,"2,578.31",0.00,"2,578.31",1.0000,"2,578.31",0.00,Paid
INV-10386,C-0075,Vesper Pizzeria,03/17/2026,04/01/2026,Net 15,USD,766.37,0.00,766.37,1.0000,766.37,0.00,Paid
INV-10387,C-0082,Chanterelle Supper Club,03/17/2026,04/01/2026,Net 15,USD,"2,413.24",0.00,"2,413.24",1.0000,"2,413.24",0.00,Paid
INV-10388,C-0107,Green Valley Co-op,03/17/2026,04/16/2026,Net 30,USD,"18,545.31",0.00,"18,545.31",1.0000,"18,545.31",0.00,Paid
INV-10389,C-0219,Huckleberry Grill,03/17/2026,04/01/2026,Net 15,USD,"1,977.37",0.00,"1,977.37",1.0000,"1,977.37",0.00,Paid
INV-10390,C-0297,Canopy Deli,03/18/2026,04/02/2026,Net 15,USD,"1,971.79",0.00,"1,971.79",1.0000,"1,971.79",0.00,Paid
INV-10391,C-0027,Cascade Harvest Grocers,03/24/2026,04/23/2026,Net 30,USD,"19,736.94",0.00,"19,736.94",1.0000,"19,736.94",0.00,Paid
INV-10392,C-0306,Tillamook Road Grocery,03/24/2026,04/23/2026,Net 30,USD,"22,428.39",0.00,"22,428.39",1.0000,"22,428.39",0.00,Paid
INV-10393,C-0204,Foundry Bakery,03/17/2026,04/01/2026,Net 15,USD,"1,291.59",0.00,"1,291.59",1.0000,"1,291.59",0.00,Paid
INV-10394,C-0239,Larkspur Noodle House,03/17/2026,04/01/2026,Net 15,USD,"2,152.65",0.00,"2,152.65",1.0000,"2,152.65",0.00,Paid
INV-10395,C-0296,Bluebird Smokehouse,03/18/2026,04/02/2026,Net 15,USD,"1,182.12",0.00,"1,182.12",1.0000,"1,182.12",0.00,Paid
INV-10396,C-0330,Alder Street Market,03/19/2026,04/18/2026,Net 30,USD,"19,210.48",0.00,"19,210.48",1.0000,"19,210.48",0.00,Paid
INV-10397,C-0143,Gorge Valley Co-op,03/23/2026,04/22/2026,Net 30,USD,"18,860.46",0.00,"18,860.46",1.0000,"18,860.46",0.00,Paid
INV-10398,C-0198,GREEN VALLEY COOP #2,03/23/2026,04/22/2026,Net 30,USD,"21,009.71",0.00,"21,009.71",1.0000,"21,009.71",0.00,Paid
INV-10399,C-0335,Mountain Grocers Inc.,03/24/2026,04/23/2026,Net 30,USD,"25,376.90",0.00,"25,376.90",1.0000,"25,376.90",0.00,Paid
INV-10400,C-0182,Jasper Bakery,03/18/2026,04/02/2026,Net 15,USD,"3,417.54",0.00,"3,417.54",1.0000,"3,417.54",0.00,Paid
INV-10401,C-0206,Otter Brasserie,03/18/2026,04/02/2026,Net 15,USD,"1,934.23",0.00,"1,934.23",1.0000,"1,934.23",0.00,Paid
INV-10402,C-0324,Obsidian Grill,03/18/2026,04/02/2026,Net 15,USD,"2,978.85",0.00,"2,978.85",1.0000,"2,978.85",0.00,Paid
INV-10403,C-0093,Heron Cafe,03/19/2026,04/03/2026,Net 15,USD,"1,602.39",0.00,"1,602.39",1.0000,"1,602.39",0.00,Paid
INV-10404,C-0204,Foundry Bakery,03/19/2026,04/03/2026,Net 15,USD,"2,966.21",0.00,"2,966.21",1.0000,"2,966.21",0.00,Paid
INV-10405,C-0357,Mountain Grocers LLC,03/19/2026,04/18/2026,Net 30,USD,"24,488.05",0.00,"24,488.05",1.0000,"24,488.05",0.00,Paid
INV-10406,C-0348,Foxglove Market,03/24/2026,04/23/2026,Net 30,USD,"27,246.68",0.00,"27,246.68",1.0000,"27,246.68",0.00,Paid
INV-10407,C-0069,Riverbend Natural Grocers,03/23/2026,04/22/2026,Net 30,USD,"15,900.92",0.00,"15,900.92",1.0000,"15,900.92",0.00,Paid
INV-10408,C-0090,Zigzag Mountain Grocery,03/23/2026,04/22/2026,Net 30,USD,"22,322.79",0.00,"22,322.79",1.0000,"22,322.79",0.00,Paid
INV-10409,C-0163,Elk Rock Provisions,03/23/2026,04/22/2026,Net 30,USD,"21,299.02",0.00,"21,299.02",1.0000,"21,299.02",0.00,Paid
INV-10410,C-0200,Ember Lane Grocers,03/27/2026,04/26/2026,Net 30,USD,"28,128.51",0.00,"28,128.51",1.0000,"28,128.51",0.00,Paid
INV-10411,C-0305,Bittern Bistro,03/20/2026,04/04/2026,Net 15,USD,"4,160.19",0.00,"4,160.19",1.0000,"4,160.19",0.00,Paid
INV-10412,C-0064,Juniper Hill Foods,03/23/2026,04/22/2026,Net 30,USD,"22,461.23",0.00,"22,461.23",1.0000,"22,461.23",0.00,Paid
INV-10413,C-0105,Whidbey Harvest Co-op,03/23/2026,04/22/2026,Net 30,USD,"11,717.66",0.00,"11,717.66",1.0000,"11,717.66",0.00,Paid
INV-10414,C-0273,Coldwater Creek Market,03/23/2026,04/22/2026,Net 30,USD,"21,169.35",0.00,"21,169.35",1.0000,"21,169.35",0.00,Paid
INV-10415,C-0012,Olallie Market,03/23/2026,04/22/2026,Net 30,USD,"26,628.77",0.00,"26,628.77",1.0000,"26,628.77",0.00,Paid
INV-10416,C-0278,Sorrel Cantina,03/23/2026,04/07/2026,Net 15,USD,"2,522.58",0.00,"2,522.58",1.0000,"2,522.58",0.00,Paid
INV-10417,C-0400,Salmonberry Market,03/23/2026,04/22/2026,Net 30,USD,"25,282.19",0.00,"25,282.19",1.0000,"25,282.19",0.00,Paid
INV-10418,C-0402,Verbena Supper Club,03/24/2026,04/08/2026,Net 15,USD,"2,979.47",0.00,"2,979.47",1.0000,"2,979.47",0.00,Paid
INV-10419,C-0183,Madrona Food Co-op,03/26/2026,04/25/2026,Net 30,USD,"14,771.31",0.00,"14,771.31",1.0000,"14,771.31",0.00,Paid
INV-10420,C-0357,Mountain Grocers LLC,03/31/2026,04/30/2026,Net 30,USD,"15,705.30",0.00,"15,705.30",1.0000,"15,705.30",0.00,Paid
INV-10421,C-0379,Filbert & Oak Market,03/31/2026,04/30/2026,Net 30,USD,"26,928.94",0.00,"26,928.94",1.0000,"26,928.94",0.00,Paid
INV-10422,C-0272,Ramble Deli,03/23/2026,04/07/2026,Net 15,USD,745.02,0.00,745.02,1.0000,745.02,0.00,Paid
INV-10423,C-0281,Tidewater Deli,03/23/2026,04/07/2026,Net 15,USD,"1,276.54",0.00,"1,276.54",1.0000,"1,276.54",0.00,Paid
INV-10424,C-0396,Driftwood Pantry,04/01/2026,05/01/2026,Net 30,USD,"25,267.05",0.00,"25,267.05",1.0000,"25,267.05",0.00,Paid
INV-10425,C-0133,Sawtooth Natural Foods,03/25/2026,04/24/2026,Net 30,USD,"12,070.27",0.00,"12,070.27",1.0000,"12,070.27",0.00,Paid
INV-10426,C-0221,Kiln Deli,03/25/2026,04/09/2026,Net 15,USD,"3,403.84",0.00,"3,403.84",1.0000,"3,403.84",0.00,Paid
INV-10427,C-0329,Oxbow Smokehouse,03/26/2026,04/10/2026,Net 15,USD,"2,400.00",0.00,"2,400.00",1.0000,"2,400.00",0.00,Paid
INV-10428,C-0237,Plover Supper Club,03/25/2026,04/09/2026,Net 15,USD,"1,308.42",0.00,"1,308.42",1.0000,"1,308.42",0.00,Paid
INV-10429,C-0242,Pumice Cantina,03/25/2026,04/09/2026,Net 15,USD,"1,740.21",0.00,"1,740.21",1.0000,"1,740.21",0.00,Paid
INV-10430,C-0108,Millrace Pizzeria,03/26/2026,04/10/2026,Net 15,USD,"1,330.60",0.00,"1,330.60",1.0000,"1,330.60",0.00,Paid
INV-10431,C-0106,Fiddlehead Taproom,03/27/2026,04/11/2026,Net 15,USD,"3,937.47",0.00,"3,937.47",1.0000,"3,937.47",0.00,Paid
INV-10432,C-0122,Owyhee Mercantile,03/27/2026,04/26/2026,Net 30,USD,"27,657.31",0.00,"27,657.31",1.0000,"27,657.31",0.00,Paid
INV-10433,C-0132,Jubilee Cantina,03/27/2026,04/11/2026,Net 15,USD,"1,998.32",0.00,"1,998.32",1.0000,"1,998.32",0.00,Paid
INV-10434,C-0147,Vashon Island Market,03/31/2026,04/30/2026,Net 30,USD,"23,238.19",0.00,"23,238.19",1.0000,"23,238.19",0.00,Paid
INV-10435,C-0186,Hawthorne Fresh Market,04/01/2026,05/01/2026,Net 30,USD,"25,722.89",0.00,"25,722.89",1.0000,"25,722.89",0.00,Paid
INV-10436,C-0193,Quinault Country Store,04/03/2026,05/03/2026,Net 30,USD,"25,221.60",0.00,"25,221.60",1.0000,"25,221.60",0.00,Paid
INV-10437,C-0301,Alpenkost GmbH,05/01/2026,07/30/2026,Net 90,EUR,"10,237.67",0.00,"10,237.67",1.0990,"11,251.20","10,237.67",Open
INV-10438,C-0155,Lodestar Cafe,03/26/2026,04/10/2026,Net 15,USD,"2,418.84",0.00,"2,418.84",1.0000,"2,418.84",0.00,Paid
INV-10439,C-0197,Elderberry Deli,03/26/2026,04/10/2026,Net 15,USD,"3,401.87",0.00,"3,401.87",1.0000,"3,401.87",0.00,Paid
INV-10440,C-0427,Deschutes Food Hall,03/26/2026,04/25/2026,Net 30,USD,"11,368.92",0.00,"11,368.92",1.0000,"11,368.92",0.00,Paid
INV-10441,C-0129,Anchor Pizzeria,03/27/2026,04/11/2026,Net 15,USD,"3,791.77",0.00,"3,791.77",1.0000,"3,791.77",0.00,Paid
INV-10442,C-0389,Umpqua Valley Foods,03/30/2026,04/29/2026,Net 30,USD,"23,285.19",0.00,"23,285.19",1.0000,"23,285.19",0.00,Paid
INV-10443,C-0415,Kestrel Market Hall,03/30/2026,04/29/2026,Net 30,USD,"17,701.52",0.00,"17,701.52",1.0000,"17,701.52",0.00,Paid
INV-10444,C-0414,Belmont Natural Foods,04/01/2026,05/01/2026,Net 30,USD,"18,163.25",0.00,"18,163.25",1.0000,"18,163.25",0.00,Paid
INV-10445,C-0301,Alpenkost GmbH,04/22/2026,07/21/2026,Net 90,EUR,"8,357.86",0.00,"8,357.86",1.0913,"9,120.93","8,357.86",Open
INV-10446,C-0031,Oyster Taproom,03/27/2026,04/11/2026,Net 15,USD,"2,135.45",0.00,"2,135.45",1.0000,"2,135.45",0.00,Paid
INV-10447,C-0399,Larch Mountain Mercantile,03/31/2026,04/30/2026,Net 30,USD,"21,063.10",0.00,"21,063.10",1.0000,"21,063.10",0.00,Paid
INV-10448,C-0233,Rose City Market Hall,04/02/2026,05/02/2026,Net 30,USD,"18,766.80",0.00,"18,766.80",1.0000,"18,766.80",0.00,Paid
INV-10449,C-0420,Nehalem Bay Grocers,04/03/2026,05/03/2026,Net 30,USD,"12,393.77",0.00,"12,393.77",1.0000,"12,393.77",0.00,Paid
INV-10450,C-0045,Bridgetown Pantry,03/30/2026,04/29/2026,Net 30,USD,"26,629.68",0.00,"26,629.68",1.0000,"26,629.68",0.00,Paid
INV-10451,C-0331,Ironwood Grocery,03/30/2026,04/29/2026,Net 30,USD,"26,479.75",0.00,"26,479.75",1.0000,"26,479.75",0.00,Paid
INV-10452,C-0351,Yeoman Brasserie,03/30/2026,04/14/2026,Net 15,USD,"2,589.78",0.00,"2,589.78",1.0000,"2,589.78",0.00,Paid
INV-10453,C-0046,Yakima Orchard Market,04/03/2026,05/03/2026,Net 30,USD,"20,933.03",0.00,"20,933.03",1.0000,"20,933.03",0.00,Paid
INV-10454,C-0096,Pioneer Square Provisions,04/03/2026,05/03/2026,Net 30,USD,"20,156.87",0.00,"20,156.87",1.0000,"20,156.87",0.00,Paid
INV-10455,C-0001,Meadowlark Bistro,03/30/2026,04/14/2026,Net 15,USD,"2,577.47",0.00,"2,577.47",1.0000,"2,577.47",0.00,Paid
INV-10456,C-0089,Kinfolk Pizzeria,03/30/2026,04/14/2026,Net 15,USD,"1,369.77",0.00,"1,369.77",1.0000,"1,369.77",0.00,Paid
INV-10457,C-0115,Gull Eatery,03/30/2026,04/14/2026,Net 15,USD,"4,033.34",0.00,"4,033.34",1.0000,"4,033.34",0.00,Paid
INV-10458,C-0130,Cinder Kitchen,03/30/2026,04/14/2026,Net 15,USD,"2,804.75",0.00,"2,804.75",1.0000,"2,804.75",0.00,Paid
INV-10459,C-0359,Yew Grill,03/30/2026,04/14/2026,Net 15,USD,748.95,0.00,748.95,1.0000,748.95,0.00,Paid
INV-10460,C-0050,Aster Kitchen,03/31/2026,04/15/2026,Net 15,USD,"4,000.61",0.00,"4,000.61",1.0000,"4,000.61",0.00,Paid
INV-10461,C-0219,Huckleberry Grill,03/31/2026,04/15/2026,Net 15,USD,"2,485.52",0.00,"2,485.52",1.0000,"2,485.52",0.00,Paid
INV-10462,C-0088,Palouse Provisions,04/03/2026,05/03/2026,Net 30,USD,"11,978.31",0.00,"11,978.31",1.0000,"11,978.31",0.00,Paid
INV-10463,C-0183,Madrona Food Co-op,04/07/2026,05/07/2026,Net 30,USD,"19,026.90",0.00,"19,026.90",1.0000,"19,026.90",0.00,Paid
INV-10464,C-0143,Gorge Valley Co-op,04/06/2026,05/06/2026,Net 30,USD,"15,912.39",0.00,"15,912.39",1.0000,"15,912.39",0.00,Paid
INV-10465,C-0330,Alder Street Market,04/06/2026,05/06/2026,Net 30,USD,"16,278.68",0.00,"16,278.68",1.0000,"16,278.68",0.00,Paid
INV-10466,C-0012,Olallie Market,04/08/2026,05/08/2026,Net 30,USD,"12,851.26",0.00,"12,851.26",1.0000,"12,851.26",0.00,Paid
INV-10467,C-0306,Tillamook Road Grocery,04/07/2026,05/07/2026,Net 30,USD,"25,671.58",0.00,"25,671.58",1.0000,"25,671.58",0.00,Paid
INV-10468,C-0027,Cascade Harvest Grocers,04/08/2026,05/08/2026,Net 30,USD,"21,094.10",0.00,"21,094.10",1.0000,"21,094.10",0.00,Paid
INV-10469,C-0154,Green Valley Cooperative Market,04/01/2026,05/01/2026,Net 30,USD,"26,513.61",0.00,"26,513.61",1.0000,"26,513.61",0.00,Paid
INV-10470,C-0308,Northstar Deli,04/02/2026,04/17/2026,Net 15,USD,"2,180.16",0.00,"2,180.16",1.0000,"2,180.16",0.00,Paid
INV-10471,C-0112,Loam Bakery,04/03/2026,04/18/2026,Net 15,USD,"3,055.24",0.00,"3,055.24",1.0000,"3,055.24",0.00,Paid
INV-10472,C-0335,Mountain Grocers Inc.,04/06/2026,05/06/2026,Net 30,USD,"13,145.62",0.00,"13,145.62",1.0000,"13,145.62",0.00,Paid
INV-10473,C-0033,Treasure Valley Market,04/08/2026,05/08/2026,Net 30,USD,"20,503.00",0.00,"20,503.00",1.0000,"20,503.00",0.00,Paid
INV-10474,C-0380,Quill Grill,04/02/2026,04/17/2026,Net 15,USD,"1,932.96",0.00,"1,932.96",1.0000,"1,932.96",0.00,Paid
INV-10475,C-0115,Gull Eatery,04/03/2026,04/18/2026,Net 15,USD,"3,297.06",0.00,"3,297.06",1.0000,"3,297.06",0.00,Paid
INV-10476,C-0090,Zigzag Mountain Grocery,04/06/2026,05/06/2026,Net 30,USD,"22,500.87",0.00,"22,500.87",1.0000,"22,500.87",0.00,Paid
INV-10477,C-0133,Sawtooth Natural Foods,04/06/2026,05/06/2026,Net 30,USD,"23,596.99",0.00,"23,596.99",1.0000,"23,596.99",0.00,Paid
INV-10478,C-0163,Elk Rock Provisions,04/06/2026,05/06/2026,Net 30,USD,"22,694.03",0.00,"22,694.03",1.0000,"22,694.03",0.00,Paid
INV-10479,C-0198,GREEN VALLEY COOP #2,04/06/2026,05/06/2026,Net 30,USD,"28,504.16",0.00,"28,504.16",1.0000,"28,504.16",0.00,Paid
INV-10480,C-0275,Tamarack Smokehouse,04/06/2026,04/21/2026,Net 15,USD,"1,534.22",0.00,"1,534.22",1.0000,"1,534.22",0.00,Paid
INV-10481,C-0348,Foxglove Market,04/06/2026,05/06/2026,Net 30,USD,"22,064.11",0.00,"22,064.11",1.0000,"22,064.11",0.00,Paid
INV-10482,C-0427,Deschutes Food Hall,04/08/2026,05/08/2026,Net 30,USD,"15,784.59",0.00,"15,784.59",1.0000,"15,784.59",0.00,Paid
INV-10483,C-0037,Bellwether Tavern,04/06/2026,04/21/2026,Net 15,USD,"3,903.22",0.00,"3,903.22",1.0000,"3,903.22",0.00,Paid
INV-10484,C-0050,Aster Kitchen,04/06/2026,04/21/2026,Net 15,USD,"3,288.58",0.00,"3,288.58",1.0000,"3,288.58",0.00,Paid
INV-10485,C-0206,Otter Brasserie,04/06/2026,04/21/2026,Net 15,USD,"1,106.18",0.00,"1,106.18",1.0000,"1,106.18",0.00,Paid
INV-10486,C-0218,Undertow Bakery,04/06/2026,04/21/2026,Net 15,USD,"2,354.75",0.00,"2,354.75",1.0000,"2,354.75",0.00,Paid
INV-10487,C-0381,Rookery Cafe,04/07/2026,04/22/2026,Net 15,USD,"3,444.09",0.00,"3,444.09",1.0000,"3,444.09",0.00,Paid
INV-10488,C-0055,Lumen Kitchen,04/06/2026,04/21/2026,Net 15,USD,"2,864.35",0.00,"2,864.35",1.0000,"2,864.35",0.00,Paid
INV-10489,C-0093,Heron Cafe,04/06/2026,04/21/2026,Net 15,USD,"3,574.86",0.00,"3,574.86",1.0000,"3,574.86",0.00,Paid
INV-10490,C-0273,Coldwater Creek Market,04/06/2026,05/06/2026,Net 30,USD,"18,748.89",0.00,"18,748.89",1.0000,"18,748.89",0.00,Paid
INV-10491,C-0297,Canopy Deli,04/06/2026,04/21/2026,Net 15,USD,"3,837.93",0.00,"3,837.93",1.0000,"3,837.93",0.00,Paid
INV-10492,C-0406,Wharf Cantina,04/06/2026,04/21/2026,Net 15,USD,"2,723.76",0.00,"2,723.76",1.0000,"2,723.76",0.00,Paid
INV-10493,C-0064,Juniper Hill Foods,04/07/2026,05/07/2026,Net 30,USD,"17,562.79",0.00,"17,562.79",1.0000,"17,562.79",0.00,Paid
INV-10494,C-0069,Riverbend Natural Grocers,04/07/2026,05/07/2026,Net 30,USD,"15,402.42",0.00,"15,402.42",1.0000,"15,402.42",0.00,Paid
INV-10495,C-0105,Whidbey Harvest Co-op,04/07/2026,05/07/2026,Net 30,USD,"17,108.04",0.00,"17,108.04",1.0000,"17,108.04",0.00,Paid
INV-10496,C-0237,Plover Supper Club,04/07/2026,04/22/2026,Net 15,USD,"3,261.65",0.00,"3,261.65",1.0000,"3,261.65",0.00,Paid
INV-10497,C-0261,Harbor Tavern,04/08/2026,04/23/2026,Net 15,USD,"1,984.46",0.00,"1,984.46",1.0000,"1,984.46",0.00,Paid
INV-10498,C-0369,Eddy Pizzeria,04/08/2026,04/23/2026,Net 15,USD,"2,229.04",0.00,"2,229.04",1.0000,"2,229.04",0.00,Paid
INV-10499,C-0045,Bridgetown Pantry,04/13/2026,05/13/2026,Net 30,USD,"27,823.40",0.00,"27,823.40",1.0000,"27,823.40",0.00,Paid
INV-10500,C-0089,Kinfolk Pizzeria,04/07/2026,04/22/2026,Net 15,USD,"3,323.82",0.00,"3,323.82",1.0000,"3,323.82",0.00,Paid
INV-10501,C-0208,Ursa Noodle House,04/08/2026,04/23/2026,Net 15,USD,"1,721.60",0.00,"1,721.60",1.0000,"1,721.60",0.00,Paid
INV-10502,C-0390,Dogwood Bistro,04/08/2026,04/23/2026,Net 15,USD,"3,223.65",0.00,"3,223.65",1.0000,"3,223.65",0.00,Paid
INV-10503,C-0400,Salmonberry Market,04/08/2026,05/08/2026,Net 30,USD,"14,718.34",0.00,"14,718.34",1.0000,"14,718.34",0.00,Paid
INV-10504,C-0200,Ember Lane Grocers,04/10/2026,05/10/2026,Net 30,USD,"17,070.41",0.00,"17,070.41",1.0000,"17,070.41",0.00,Paid
INV-10505,C-0154,Green Valley Cooperative Market,04/13/2026,05/13/2026,Net 30,USD,"13,130.59",0.00,"13,130.59",1.0000,"13,130.59",0.00,Paid
INV-10506,C-0301,Alpenkost GmbH,05/26/2026,08/24/2026,Net 90,EUR,"11,239.37",0.00,"11,239.37",1.1124,"12,502.68","11,239.37",Open
INV-10507,C-0037,Bellwether Tavern,04/08/2026,04/23/2026,Net 15,USD,"1,118.39",0.00,"1,118.39",1.0000,"1,118.39",0.00,Paid
INV-10508,C-0136,Redtail Brasserie,04/08/2026,04/23/2026,Net 15,USD,"1,859.03",0.00,"1,859.03",1.0000,"1,859.03",0.00,Paid
INV-10509,C-0047,Gable Brasserie,04/10/2026,04/25/2026,Net 15,USD,"3,288.07",0.00,"3,288.07",1.0000,"3,288.07",0.00,Paid
INV-10510,C-0121,Upland Kitchen,04/10/2026,04/25/2026,Net 15,USD,"3,430.57",0.00,"3,430.57",1.0000,"3,430.57",0.00,Paid
INV-10511,C-0204,Foundry Bakery,04/10/2026,04/25/2026,Net 15,USD,"2,450.20",0.00,"2,450.20",1.0000,"2,450.20",0.00,Paid
INV-10512,C-0297,Canopy Deli,04/10/2026,04/25/2026,Net 15,USD,788.25,0.00,788.25,1.0000,788.25,0.00,Paid
INV-10513,C-0396,Driftwood Pantry,04/14/2026,05/14/2026,Net 30,USD,"25,736.54",0.00,"25,736.54",1.0000,"25,736.54",0.00,Paid
INV-10514,C-0428,Birchwood Bistro,04/10/2026,04/25/2026,Net 15,USD,"3,549.64",0.00,"3,549.64",1.0000,"3,549.64",0.00,Paid
INV-10515,C-0379,Filbert & Oak Market,04/16/2026,05/16/2026,Net 30,USD,"13,443.71",0.00,"13,443.71",1.0000,"13,443.71",0.00,Paid
INV-10516,C-0414,Belmont Natural Foods,04/17/2026,05/17/2026,Net 30,USD,"23,124.59",0.00,"23,124.59",1.0000,"23,124.59",0.00,Paid
INV-10517,C-0331,Ironwood Grocery,04/13/2026,05/13/2026,Net 30,USD,"20,370.14",0.00,"20,370.14",1.0000,"20,370.14",0.00,Paid
INV-10518,C-0014,Rivet Supper Club,04/13/2026,04/28/2026,Net 15,USD,"1,844.79",0.00,"1,844.79",1.0000,"1,844.79",0.00,Paid
INV-10519,C-0365,Quarry Bistro,04/13/2026,04/28/2026,Net 15,USD,"1,331.67",0.00,"1,331.67",1.0000,"1,331.67",0.00,Paid
INV-10520,C-0357,Mountain Grocers LLC,04/14/2026,05/14/2026,Net 30,USD,"21,933.71",0.00,"21,933.71",1.0000,"21,933.71",0.00,Paid
INV-10521,C-0186,Hawthorne Fresh Market,04/15/2026,05/15/2026,Net 30,USD,"19,367.27",0.00,"19,367.27",1.0000,"19,367.27",0.00,Paid
INV-10522,C-0198,GREEN VALLEY COOP #2,04/20/2026,05/20/2026,Net 30,USD,"18,863.48",0.00,"18,863.48",1.0000,"18,863.48",0.00,Paid
INV-10523,C-0330,Alder Street Market,04/20/2026,05/20/2026,Net 30,USD,"21,678.85",0.00,"21,678.85",1.0000,"21,678.85",0.00,Paid
INV-10524,C-0122,Owyhee Mercantile,04/13/2026,05/13/2026,Net 30,USD,"21,869.83",0.00,"21,869.83",1.0000,"21,869.83",0.00,Paid
INV-10525,C-0146,Jetty Tavern,04/13/2026,04/28/2026,Net 15,USD,"2,562.11",0.00,"2,562.11",1.0000,"2,562.11",0.00,Paid
INV-10526,C-0177,Quarterdeck Tavern,04/13/2026,04/28/2026,Net 15,USD,"1,272.36",0.00,"1,272.36",1.0000,"1,272.36",0.00,Paid
INV-10527,C-0189,Ironclad Brasserie,04/13/2026,04/28/2026,Net 15,USD,"3,541.41",0.00,"3,541.41",1.0000,"3,541.41",0.00,Paid
INV-10528,C-0281,Tidewater Deli,04/13/2026,04/28/2026,Net 15,USD,"1,476.37",0.00,"1,476.37",1.0000,"1,476.37",0.00,Paid
INV-10529,C-0298,Nimbus Cafe,04/13/2026,04/28/2026,Net 15,USD,"2,645.37",0.00,"2,645.37",1.0000,"2,645.37",0.00,Paid
INV-10530,C-0193,Quinault Country Store,04/16/2026,05/16/2026,Net 30,USD,"12,232.81",0.00,"12,232.81",1.0000,"12,232.81",0.00,Paid
INV-10531,C-0233,Rose City Market Hall,04/16/2026,05/16/2026,Net 30,USD,"20,075.79",0.00,"20,075.79",1.0000,"20,075.79",0.00,Paid
INV-10532,C-0090,Zigzag Mountain Grocery,04/20/2026,05/20/2026,Net 30,USD,"11,085.11",0.00,"11,085.11",1.0000,"11,085.11",0.00,Paid
INV-10533,C-0163,Elk Rock Provisions,04/21/2026,05/21/2026,Net 30,USD,"23,060.37",0.00,"23,060.37",1.0000,"23,060.37",0.00,Paid
INV-10534,C-0411,Iris Taproom,04/13/2026,04/28/2026,Net 15,USD,"3,631.28",0.00,"3,631.28",1.0000,"3,631.28",0.00,Paid
INV-10535,C-0145,Hearth Cantina,04/14/2026,04/29/2026,Net 15,USD,719.22,0.00,719.22,1.0000,719.22,0.00,Paid
INV-10536,C-0147,Vashon Island Market,04/15/2026,05/15/2026,Net 30,USD,"13,833.21",0.00,"13,833.21",1.0000,"13,833.21",0.00,Paid
INV-10537,C-0399,Larch Mountain Mercantile,04/16/2026,05/16/2026,Net 30,USD,"15,429.41",0.00,"15,429.41",1.0000,"15,429.41",0.00,Paid
INV-10538,C-0033,Treasure Valley Market,04/20/2026,05/20/2026,Net 30,USD,"27,765.59",0.00,"27,765.59",1.0000,"27,765.59",0.00,Paid
INV-10539,C-0133,Sawtooth Natural Foods,04/20/2026,05/20/2026,Net 30,USD,"21,418.70",0.00,"21,418.70",1.0000,"21,418.70",0.00,Paid
INV-10540,C-0143,Gorge Valley Co-op,04/20/2026,05/20/2026,Net 30,USD,"16,168.35",0.00,"16,168.35",1.0000,"16,168.35",0.00,Paid
INV-10541,C-0218,Undertow Bakery,04/14/2026,04/29/2026,Net 15,USD,"4,192.04",0.00,"4,192.04",1.0000,"4,192.04",0.00,Paid
INV-10542,C-0301,Alpenkost GmbH,03/12/2026,06/10/2026,Net 90,USD,"7,800.00",0.00,"7,800.00",1.0000,"7,800.00","7,800.00",Open
INV-10543,C-0389,Umpqua Valley Foods,04/14/2026,05/14/2026,Net 30,USD,"11,104.94",0.00,"11,104.94",1.0000,"11,104.94",0.00,Paid
INV-10544,C-0088,Palouse Provisions,04/16/2026,05/16/2026,Net 30,USD,"11,234.33",0.00,"11,234.33",1.0000,"11,234.33",0.00,Paid
INV-10545,C-0335,Mountain Grocers Inc.,04/20/2026,05/20/2026,Net 30,USD,"15,171.11",0.00,"15,171.11",1.0000,"15,171.11",0.00,Paid
INV-10546,C-0415,Kestrel Market Hall,04/15/2026,05/15/2026,Net 30,USD,"24,760.75",0.00,"24,760.75",1.0000,"24,760.75",0.00,Paid
INV-10547,C-0349,Dovetail Taproom,04/16/2026,05/01/2026,Net 15,USD,"2,884.82",0.00,"2,884.82",1.0000,"2,884.82",0.00,Paid
INV-10548,C-0306,Tillamook Road Grocery,04/20/2026,05/20/2026,Net 30,USD,"22,696.96",0.00,"22,696.96",1.0000,"22,696.96",0.00,Paid
INV-10549,C-0183,Madrona Food Co-op,04/20/2026,05/20/2026,Net 30,USD,"19,930.89",0.00,"19,930.89",1.0000,"19,930.89",0.00,Paid
INV-10550,C-0348,Foxglove Market,04/20/2026,05/20/2026,Net 30,USD,"25,326.00",0.00,"25,326.00",1.0000,"25,326.00",0.00,Paid
INV-10551,C-0273,Coldwater Creek Market,04/22/2026,05/22/2026,Net 30,USD,"11,531.93",0.00,"11,531.93",1.0000,"11,531.93",0.00,Paid
INV-10552,C-0420,Nehalem Bay Grocers,04/20/2026,05/20/2026,Net 30,USD,"16,365.04",0.00,"16,365.04",1.0000,"16,365.04",0.00,Paid
INV-10553,C-0012,Olallie Market,04/20/2026,05/20/2026,Net 30,USD,"19,943.44",0.00,"19,943.44",1.0000,"19,943.44",0.00,Paid
INV-10554,C-0081,Fernwood Grill,04/20/2026,05/05/2026,Net 15,USD,"1,456.65",0.00,"1,456.65",1.0000,"1,456.65",0.00,Paid
INV-10555,C-0264,Vale Brasserie,04/20/2026,05/05/2026,Net 15,USD,"2,212.10",0.00,"2,212.10",1.0000,"2,212.10",0.00,Paid
INV-10556,C-0291,Lantern Supper Club,04/20/2026,05/05/2026,Net 15,USD,"1,039.88",0.00,"1,039.88",1.0000,"1,039.88",0.00,Paid
INV-10557,C-0064,Juniper Hill Foods,04/22/2026,05/22/2026,Net 30,USD,"19,283.56",0.00,"19,283.56",1.0000,"19,283.56",0.00,Paid
INV-10558,C-0200,Ember Lane Grocers,04/27/2026,05/27/2026,Net 30,USD,"18,941.65",0.00,"18,941.65",1.0000,"18,941.65",0.00,Paid
INV-10559,C-0132,Jubilee Cantina,04/20/2026,05/05/2026,Net 15,USD,"2,884.94",0.00,"2,884.94",1.0000,"2,884.94",0.00,Paid
INV-10560,C-0190,Magpie Tavern,04/20/2026,05/05/2026,Net 15,USD,"1,639.67",0.00,"1,639.67",1.0000,"1,639.67",0.00,Paid
INV-10561,C-0207,Wildwood Tavern,04/20/2026,05/05/2026,Net 15,USD,"3,237.59",0.00,"3,237.59",1.0000,"3,237.59",0.00,Paid
INV-10562,C-0340,Eastside Cafe,04/21/2026,05/06/2026,Net 15,USD,"2,796.30",0.00,"2,796.30",1.0000,"2,796.30",0.00,Paid
INV-10563,C-0105,Whidbey Harvest Co-op,04/23/2026,05/23/2026,Net 30,USD,"27,397.71",0.00,"27,397.71",1.0000,"27,397.71",0.00,Paid
INV-10564,C-0107,Green Valley Co-op,04/27/2026,05/27/2026,Net 30,USD,"21,254.91",0.00,"21,254.91",1.0000,"21,254.91",0.00,Paid
INV-10565,C-0046,Yakima Orchard Market,04/20/2026,05/20/2026,Net 30,USD,"18,462.25",0.00,"18,462.25",1.0000,"18,462.25",0.00,Paid
INV-10566,C-0096,Pioneer Square Provisions,04/20/2026,05/20/2026,Net 30,USD,"17,506.13",0.00,"17,506.13",1.0000,"17,506.13",0.00,Paid
INV-10567,C-0121,Upland Kitchen,04/20/2026,05/05/2026,Net 15,USD,858.65,0.00,858.65,1.0000,858.65,0.00,Paid
INV-10568,C-0295,Zephyr Bakery,04/20/2026,05/05/2026,Net 15,USD,"2,121.90",0.00,"2,121.90",1.0000,"2,121.90",0.00,Paid
INV-10569,C-0337,Saffron Taproom,04/20/2026,05/05/2026,Net 15,USD,"3,035.48",0.00,"3,035.48",1.0000,"3,035.48",0.00,Paid
INV-10570,C-0404,Cairn Cafe,04/20/2026,05/05/2026,Net 15,USD,"3,785.15",0.00,"3,785.15",1.0000,"3,785.15",0.00,Paid
INV-10571,C-0427,Deschutes Food Hall,04/20/2026,05/20/2026,Net 30,USD,"27,663.47",0.00,"27,663.47",1.0000,"27,663.47",0.00,Paid
INV-10572,C-0045,Bridgetown Pantry,04/28/2026,05/28/2026,Net 30,USD,"16,817.71",0.00,"16,817.71",1.0000,"16,817.71",0.00,Paid
INV-10573,C-0308,Northstar Deli,04/22/2026,05/07/2026,Net 15,USD,"1,720.91",0.00,"1,720.91",1.0000,"1,720.91",0.00,Paid
INV-10574,C-0069,Riverbend Natural Grocers,04/23/2026,05/23/2026,Net 30,USD,"17,160.80",0.00,"17,160.80",1.0000,"17,160.80",0.00,Paid
INV-10575,C-0216,Arbor Kitchen,04/23/2026,05/08/2026,Net 15,USD,"1,057.26",0.00,"1,057.26",1.0000,"1,057.26",0.00,Paid
INV-10576,C-0186,Hawthorne Fresh Market,04/30/2026,05/30/2026,Net 30,USD,"16,630.88",0.00,"16,630.88",1.0000,"16,630.88",0.00,Paid
INV-10577,C-0161,Bramble Noodle House,04/22/2026,05/07/2026,Net 15,USD,"3,856.11",0.00,"3,856.11",1.0000,"3,856.11",0.00,Paid
INV-10578,C-0400,Salmonberry Market,04/22/2026,05/22/2026,Net 30,USD,"19,982.18",0.00,"19,982.18",1.0000,"19,982.18",0.00,Paid
INV-10579,C-0112,Loam Bakery,04/23/2026,05/08/2026,Net 15,USD,"1,657.67",0.00,"1,657.67",1.0000,"1,657.67",0.00,Paid
INV-10580,C-0367,Juniper Eatery,04/23/2026,05/08/2026,Net 15,USD,"2,395.92",0.00,"2,395.92",1.0000,"2,395.92",0.00,Paid
INV-10581,C-0389,Umpqua Valley Foods,04/30/2026,05/30/2026,Net 30,USD,"23,618.51",0.00,"23,618.51",1.0000,"23,618.51",0.00,Paid
INV-10582,C-0399,Larch Mountain Mercantile,05/01/2026,05/31/2026,Net 30,USD,"28,289.15",0.00,"28,289.15",1.0000,"28,289.15",0.00,Paid
INV-10583,C-0027,Cascade Harvest Grocers,04/24/2026,05/24/2026,Net 30,USD,"28,190.20",0.00,"28,190.20",1.0000,"28,190.20",0.00,Paid
INV-10584,C-0056,Granary Pizzeria,04/24/2026,05/09/2026,Net 15,USD,"1,467.26",0.00,"1,467.26",1.0000,"1,467.26",0.00,Paid
INV-10585,C-0323,Waxwing Eatery,04/24/2026,05/09/2026,Net 15,USD,"2,742.38",0.00,"2,742.38",1.0000,"2,742.38",0.00,Paid
INV-10586,C-0324,Obsidian Grill,04/24/2026,05/09/2026,Net 15,USD,"2,071.73",0.00,"2,071.73",1.0000,"2,071.73",0.00,Paid
INV-10587,C-0147,Vashon Island Market,04/27/2026,05/27/2026,Net 30,USD,"25,624.04",0.00,"25,624.04",1.0000,"25,624.04",0.00,Paid
INV-10588,C-0331,Ironwood Grocery,04/28/2026,05/28/2026,Net 30,USD,"22,890.38",0.00,"22,890.38",1.0000,"22,890.38",0.00,Paid
INV-10589,C-0396,Driftwood Pantry,04/30/2026,05/30/2026,Net 30,USD,"24,075.51",0.00,"24,075.51",1.0000,"24,075.51",0.00,Paid
INV-10590,C-0135,Vine Bistro,04/27/2026,05/12/2026,Net 15,USD,"4,075.63",0.00,"4,075.63",1.0000,"4,075.63",0.00,Paid
INV-10591,C-0305,Bittern Bistro,04/27/2026,05/12/2026,Net 15,USD,"3,200.15",0.00,"3,200.15",1.0000,"3,200.15",0.00,Paid
INV-10592,C-0357,Mountain Grocers LLC,04/27/2026,05/27/2026,Net 30,USD,"20,934.01",0.00,"20,934.01",1.0000,"20,934.01",0.00,Paid
INV-10593,C-0367,Juniper Eatery,04/27/2026,05/12/2026,Net 15,USD,"1,922.53",0.00,"1,922.53",1.0000,"1,922.53",0.00,Paid
INV-10594,C-0369,Eddy Pizzeria,04/27/2026,05/12/2026,Net 15,USD,"2,054.05",0.00,"2,054.05",1.0000,"2,054.05",0.00,Paid
INV-10595,C-0406,Wharf Cantina,04/27/2026,05/12/2026,Net 15,USD,"2,306.03",0.00,"2,306.03",1.0000,"2,306.03",0.00,Paid
INV-10596,C-0415,Kestrel Market Hall,05/01/2026,05/31/2026,Net 30,USD,"16,885.78",0.00,"16,885.78",1.0000,"16,885.78",0.00,Paid
INV-10597,C-0348,Foxglove Market,05/04/2026,06/03/2026,Net 30,USD,"15,132.48",0.00,"15,132.48",1.0000,"15,132.48",0.00,Paid
INV-10598,C-0122,Owyhee Mercantile,04/28/2026,05/28/2026,Net 30,USD,"11,841.17",0.00,"11,841.17",1.0000,"11,841.17",0.00,Paid
INV-10599,C-0291,Lantern Supper Club,04/28/2026,05/13/2026,Net 15,USD,"1,777.82",0.00,"1,777.82",1.0000,"1,777.82",0.00,Paid
INV-10600,C-0353,Uproot Cafe,04/28/2026,05/13/2026,Net 15,USD,"2,382.20",0.00,"2,382.20",1.0000,"2,382.20",0.00,Paid
INV-10601,C-0088,Palouse Provisions,04/30/2026,05/30/2026,Net 30,USD,"17,392.47",0.00,"17,392.47",1.0000,"17,392.47",0.00,Paid
INV-10602,C-0420,Nehalem Bay Grocers,05/04/2026,06/03/2026,Net 30,USD,"27,416.86",0.00,"27,416.86",1.0000,"27,416.86",0.00,Paid
INV-10603,C-0427,Deschutes Food Hall,05/04/2026,06/03/2026,Net 30,USD,"20,961.68",0.00,"20,961.68",1.0000,"20,961.68",0.00,Paid
INV-10604,C-0335,Mountain Grocers Inc.,05/06/2026,06/05/2026,Net 30,USD,"28,699.93",0.00,"28,699.93",1.0000,"28,699.93",0.00,Paid
INV-10605,C-0233,Rose City Market Hall,04/28/2026,05/28/2026,Net 30,USD,"11,347.62",0.00,"11,347.62",1.0000,"11,347.62",0.00,Paid
INV-10606,C-0116,Ember Eatery,04/29/2026,05/14/2026,Net 15,USD,"1,134.03",0.00,"1,134.03",1.0000,"1,134.03",0.00,Paid
INV-10607,C-0033,Treasure Valley Market,05/04/2026,06/03/2026,Net 30,USD,"18,129.90",0.00,"18,129.90",1.0000,"18,129.90",0.00,Paid
INV-10608,C-0046,Yakima Orchard Market,05/04/2026,06/03/2026,Net 30,USD,"18,576.68",0.00,"18,576.68",1.0000,"18,576.68",0.00,Paid
INV-10609,C-0133,Sawtooth Natural Foods,05/04/2026,06/03/2026,Net 30,USD,"27,667.04",0.00,"27,667.04",1.0000,"27,667.04",0.00,Paid
INV-10610,C-0414,Belmont Natural Foods,04/30/2026,05/30/2026,Net 30,USD,"24,333.93",0.00,"24,333.93",1.0000,"24,333.93",0.00,Paid
INV-10611,C-0301,Alpenkost GmbH,04/09/2026,07/08/2026,Net 90,USD,"5,450.00",0.00,"5,450.00",1.0000,"5,450.00","5,450.00",Open
INV-10612,C-0379,Filbert & Oak Market,05/01/2026,05/31/2026,Net 30,USD,"15,064.82",0.00,"15,064.82",1.0000,"15,064.82",0.00,Paid
INV-10613,C-0163,Elk Rock Provisions,05/04/2026,06/03/2026,Net 30,USD,"15,561.80",0.00,"15,561.80",1.0000,"15,561.80",0.00,Paid
INV-10614,C-0330,Alder Street Market,05/06/2026,06/05/2026,Net 30,USD,"24,653.89",0.00,"24,653.89",1.0000,"24,653.89",0.00,Paid
INV-10615,C-0064,Juniper Hill Foods,05/04/2026,06/03/2026,Net 30,USD,"23,151.10",0.00,"23,151.10",1.0000,"23,151.10",0.00,Paid
INV-10616,C-0096,Pioneer Square Provisions,05/04/2026,06/03/2026,Net 30,USD,"12,457.16",0.00,"12,457.16",1.0000,"12,457.16",0.00,Paid
INV-10617,C-0301,Alpenkost GmbH,06/05/2026,09/03/2026,Net 90,EUR,"5,960.01",0.00,"5,960.01",1.1110,"6,621.57","5,960.01",Open
INV-10618,C-0305,Bittern Bistro,05/01/2026,05/16/2026,Net 15,USD,"3,721.38",0.00,"3,721.38",1.0000,"3,721.38",0.00,Paid
INV-10619,C-0306,Tillamook Road Grocery,05/04/2026,06/03/2026,Net 30,USD,"23,763.98",0.00,"23,763.98",1.0000,"23,763.98",0.00,Paid
INV-10620,C-0090,Zigzag Mountain Grocery,05/05/2026,06/04/2026,Net 30,USD,"20,321.06",0.00,"20,321.06",1.0000,"20,321.06",0.00,Paid
INV-10621,C-0193,Quinault Country Store,05/04/2026,06/03/2026,Net 30,USD,"27,288.71",0.00,"27,288.71",1.0000,"27,288.71",0.00,Paid
INV-10622,C-0012,Olallie Market,05/05/2026,06/04/2026,Net 30,USD,"22,530.25",0.00,"22,530.25",1.0000,"22,530.25",0.00,Paid
INV-10623,C-0198,GREEN VALLEY COOP #2,05/05/2026,06/04/2026,Net 30,USD,"11,669.94",0.00,"11,669.94",1.0000,"11,669.94",0.00,Paid
INV-10624,C-0272,Ramble Deli,05/05/2026,05/20/2026,Net 15,USD,"2,393.66",0.00,"2,393.66",1.0000,"2,393.66",0.00,Paid
INV-10625,C-0402,Verbena Supper Club,05/05/2026,05/20/2026,Net 15,USD,"3,122.04",0.00,"3,122.04",1.0000,"3,122.04",0.00,Paid
INV-10626,C-0105,Whidbey Harvest Co-op,05/07/2026,06/06/2026,Net 30,USD,"20,659.14",0.00,"20,659.14",1.0000,"20,659.14",0.00,Paid
INV-10627,C-0147,Vashon Island Market,05/11/2026,06/10/2026,Net 30,USD,"11,293.13",0.00,"11,293.13",1.0000,"11,293.13",0.00,Paid
INV-10628,C-0218,Undertow Bakery,05/04/2026,05/19/2026,Net 15,USD,923.62,0.00,923.62,1.0000,923.62,0.00,Paid
INV-10629,C-0204,Foundry Bakery,05/05/2026,05/20/2026,Net 15,USD,"2,686.43",0.00,"2,686.43",1.0000,"2,686.43",0.00,Paid
INV-10630,C-0400,Salmonberry Market,05/06/2026,06/05/2026,Net 30,USD,"28,174.62",0.00,"28,174.62",1.0000,"28,174.62",0.00,Paid
INV-10631,C-0273,Coldwater Creek Market,05/08/2026,06/07/2026,Net 30,USD,"16,103.12",0.00,"16,103.12",1.0000,"16,103.12",0.00,Paid
INV-10632,C-0301,Alpenkost GmbH,06/26/2026,09/24/2026,Net 90,EUR,"11,645.50",0.00,"11,645.50",1.1075,"12,897.39","11,645.50",Open
INV-10633,C-0143,Gorge Valley Co-op,05/05/2026,06/04/2026,Net 30,USD,"28,781.20",0.00,"28,781.20",1.0000,"28,781.20",0.00,Paid
INV-10634,C-0183,Madrona Food Co-op,05/05/2026,06/04/2026,Net 30,USD,"23,497.02",0.00,"23,497.02",1.0000,"23,497.02",0.00,Paid
INV-10635,C-0349,Dovetail Taproom,05/05/2026,05/20/2026,Net 15,USD,"2,773.82",0.00,"2,773.82",1.0000,"2,773.82",0.00,Paid
INV-10636,C-0397,Fable Kitchen,05/07/2026,05/22/2026,Net 15,USD,"1,097.79",0.00,"1,097.79",1.0000,"1,097.79",0.00,Paid
INV-10637,C-0069,Riverbend Natural Grocers,05/08/2026,06/07/2026,Net 30,USD,"21,244.66",0.00,"21,244.66",1.0000,"21,244.66",0.00,Paid
INV-10638,C-0396,Driftwood Pantry,05/12/2026,06/11/2026,Net 30,USD,"17,186.20",0.00,"17,186.20",1.0000,"17,186.20",0.00,Paid
INV-10639,C-0027,Cascade Harvest Grocers,05/06/2026,06/05/2026,Net 30,USD,"16,976.57",0.00,"16,976.57",1.0000,"16,976.57",0.00,Paid
INV-10640,C-0208,Ursa Noodle House,05/06/2026,05/21/2026,Net 15,USD,"4,156.53",0.00,"4,156.53",1.0000,"4,156.53",0.00,Paid
INV-10641,C-0362,Quince Noodle House,05/06/2026,05/21/2026,Net 15,USD,"4,108.83",0.00,"4,108.83",1.0000,"4,108.83",0.00,Paid
INV-10642,C-0190,Magpie Tavern,05/07/2026,05/22/2026,Net 15,USD,"1,257.86",0.00,"1,257.86",1.0000,"1,257.86",0.00,Paid
INV-10643,C-0120,Saltbox Kitchen,05/08/2026,05/23/2026,Net 15,USD,"1,647.94",0.00,"1,647.94",1.0000,"1,647.94",0.00,Paid
INV-10644,C-0146,Jetty Tavern,05/08/2026,05/23/2026,Net 15,USD,"3,912.16",0.00,"3,912.16",1.0000,"3,912.16",0.00,Paid
INV-10645,C-0331,Ironwood Grocery,05/11/2026,06/10/2026,Net 30,USD,"27,862.97",0.00,"27,862.97",1.0000,"27,862.97",0.00,Paid
INV-10646,C-0186,Hawthorne Fresh Market,05/12/2026,06/11/2026,Net 30,USD,"15,803.46",0.00,"15,803.46",1.0000,"15,803.46",0.00,Paid
INV-10647,C-0379,Filbert & Oak Market,05/13/2026,06/12/2026,Net 30,USD,"28,835.76",0.00,"28,835.76",1.0000,"28,835.76",0.00,Paid
INV-10648,C-0357,Mountain Grocers LLC,05/13/2026,06/12/2026,Net 30,USD,"27,683.39",0.00,"27,683.39",1.0000,"27,683.39",0.00,Paid
INV-10649,C-0100,Copperleaf Brasserie,05/11/2026,05/26/2026,Net 15,USD,"1,313.11",0.00,"1,313.11",1.0000,"1,313.11",0.00,Paid
INV-10650,C-0102,Indigo Deli,05/11/2026,05/26/2026,Net 15,USD,"1,801.38",0.00,"1,801.38",1.0000,"1,801.38",0.00,Paid
INV-10651,C-0107,Green Valley Co-op,05/11/2026,06/10/2026,Net 30,USD,"12,709.79",0.00,"12,709.79",1.0000,"12,709.79",0.00,Paid
INV-10652,C-0113,Willet Cafe,05/11/2026,05/26/2026,Net 15,USD,"3,574.61",0.00,"3,574.61",1.0000,"3,574.61",0.00,Paid
INV-10653,C-0276,Mossy Rock Taproom,05/11/2026,05/26/2026,Net 15,USD,"3,303.68",0.00,"3,303.68",1.0000,"3,303.68",0.00,Paid
INV-10654,C-0308,Northstar Deli,05/11/2026,05/26/2026,Net 15,USD,"2,763.10",0.00,"2,763.10",1.0000,"2,763.10",0.00,Paid
INV-10655,C-0404,Cairn Cafe,05/11/2026,05/26/2026,Net 15,USD,"1,242.54",0.00,"1,242.54",1.0000,"1,242.54",0.00,Paid
INV-10656,C-0122,Owyhee Mercantile,05/12/2026,06/11/2026,Net 30,USD,"12,643.50",0.00,"12,643.50",1.0000,"12,643.50",0.00,Paid
INV-10657,C-0045,Bridgetown Pantry,05/11/2026,06/10/2026,Net 30,USD,"26,118.37",0.00,"26,118.37",1.0000,"26,118.37",0.00,Paid
INV-10658,C-0136,Redtail Brasserie,05/11/2026,05/26/2026,Net 15,USD,"1,382.00",0.00,"1,382.00",1.0000,"1,382.00",0.00,Paid
INV-10659,C-0191,Riverstone Smokehouse,05/11/2026,05/26/2026,Net 15,USD,"1,061.20",0.00,"1,061.20",1.0000,"1,061.20",0.00,Paid
INV-10660,C-0261,Harbor Tavern,05/11/2026,05/26/2026,Net 15,USD,"3,543.02",0.00,"3,543.02",1.0000,"3,543.02",0.00,Paid
INV-10661,C-0296,Bluebird Smokehouse,05/11/2026,05/26/2026,Net 15,USD,886.82,0.00,886.82,1.0000,886.82,0.00,Paid
INV-10662,C-0389,Umpqua Valley Foods,05/12/2026,06/11/2026,Net 30,USD,"21,442.19",0.00,"21,442.19",1.0000,"21,442.19",0.00,Paid
INV-10663,C-0233,Rose City Market Hall,05/13/2026,06/12/2026,Net 30,USD,"13,435.52",0.00,"13,435.52",1.0000,"13,435.52",0.00,Paid
INV-10664,C-0033,Treasure Valley Market,05/18/2026,06/17/2026,Net 30,USD,"28,529.53",0.00,"28,529.53",1.0000,"28,529.53",0.00,Paid
INV-10665,C-0427,Deschutes Food Hall,05/18/2026,06/17/2026,Net 30,USD,"21,125.60",0.00,"21,125.60",1.0000,"21,125.60",0.00,Paid
INV-10666,C-0200,Ember Lane Grocers,05/11/2026,06/10/2026,Net 30,USD,"18,329.69",0.00,"18,329.69",1.0000,"18,329.69",0.00,Paid
INV-10667,C-0090,Zigzag Mountain Grocery,05/18/2026,06/17/2026,Net 30,USD,"23,793.90",0.00,"23,793.90",1.0000,"23,793.90",0.00,Paid
INV-10668,C-0330,Alder Street Market,05/18/2026,06/17/2026,Net 30,USD,"14,637.74",0.00,"14,637.74",1.0000,"14,637.74",0.00,Paid
INV-10669,C-0088,Palouse Provisions,05/12/2026,06/11/2026,Net 30,USD,"19,811.31",0.00,"19,811.31",1.0000,"19,811.31",0.00,Paid
INV-10670,C-0106,Fiddlehead Taproom,05/12/2026,05/27/2026,Net 15,USD,"1,054.79",0.00,"1,054.79",1.0000,"1,054.79",0.00,Paid
INV-10671,C-0185,Gristmill Supper Club,05/12/2026,05/27/2026,Net 15,USD,"2,857.85",0.00,"2,857.85",1.0000,"2,857.85",0.00,Paid
INV-10672,C-0191,Riverstone Smokehouse,05/12/2026,05/27/2026,Net 15,USD,"1,590.75",0.00,"1,590.75",1.0000,"1,590.75",0.00,Paid
INV-10673,C-0307,Sparrow Tavern,05/15/2026,05/30/2026,Net 15,USD,"4,153.48",0.00,"4,153.48",1.0000,"4,153.48",0.00,Paid
INV-10674,C-0414,Belmont Natural Foods,05/15/2026,06/14/2026,Net 30,USD,"28,696.12",0.00,"28,696.12",1.0000,"28,696.12",0.00,Paid
INV-10675,C-0306,Tillamook Road Grocery,05/20/2026,06/19/2026,Net 30,USD,"27,723.37",0.00,"27,723.37",1.0000,"27,723.37",0.00,Paid
INV-10676,C-0012,Olallie Market,05/19/2026,06/18/2026,Net 30,USD,"19,959.39",0.00,"19,959.39",1.0000,"19,959.39",0.00,Paid
INV-10677,C-0348,Foxglove Market,05/20/2026,06/19/2026,Net 30,USD,"28,704.76",0.00,"28,704.76",1.0000,"28,704.76",0.00,Paid
INV-10678,C-0133,Sawtooth Natural Foods,05/18/2026,06/17/2026,Net 30,USD,"22,563.75",0.00,"22,563.75",1.0000,"22,563.75",0.00,Paid
INV-10679,C-0143,Gorge Valley Co-op,05/18/2026,06/17/2026,Net 30,USD,"18,162.80",0.00,"18,162.80",1.0000,"18,162.80",0.00,Paid
INV-10680,C-0399,Larch Mountain Mercantile,05/18/2026,06/17/2026,Net 30,USD,"20,252.27",0.00,"20,252.27",1.0000,"20,252.27",0.00,Paid
INV-10681,C-0420,Nehalem Bay Grocers,05/18/2026,06/17/2026,Net 30,USD,"22,305.54",0.00,"22,305.54",1.0000,"22,305.54",0.00,Paid
INV-10682,C-0193,Quinault Country Store,05/19/2026,06/18/2026,Net 30,USD,"20,558.54",0.00,"20,558.54",1.0000,"20,558.54",0.00,Paid
INV-10683,C-0172,Driftless Tavern,05/18/2026,06/02/2026,Net 15,USD,"1,605.23",0.00,"1,605.23",1.0000,"1,605.23",0.00,Paid
INV-10684,C-0064,Juniper Hill Foods,05/18/2026,06/17/2026,Net 30,USD,"24,456.30",0.00,"24,456.30",1.0000,"24,456.30",0.00,Paid
INV-10685,C-0161,Bramble Noodle House,05/18/2026,06/02/2026,Net 15,USD,"3,656.75",0.00,"3,656.75",1.0000,"3,656.75",0.00,Paid
INV-10686,C-0328,Drumlin Bakery,05/18/2026,06/02/2026,Net 15,USD,"2,897.47",0.00,"2,897.47",1.0000,"2,897.47",0.00,Paid
INV-10687,C-0415,Kestrel Market Hall,05/18/2026,06/17/2026,Net 30,USD,"28,887.05",0.00,"28,887.05",1.0000,"28,887.05",0.00,Paid
INV-10688,C-0087,Inkwell Supper Club,05/19/2026,06/03/2026,Net 15,USD,"2,465.06",0.00,"2,465.06",1.0000,"2,465.06",0.00,Paid
INV-10689,C-0301,Alpenkost GmbH,05/14/2026,08/12/2026,Net 90,USD,"11,200.00",0.00,"11,200.00",1.0000,"11,200.00",0.00,Paid
INV-10690,C-0113,Willet Cafe,05/19/2026,06/03/2026,Net 15,USD,784.17,0.00,784.17,1.0000,784.17,0.00,Paid
INV-10691,C-0155,Lodestar Cafe,05/19/2026,06/03/2026,Net 15,USD,"1,380.29",0.00,"1,380.29",1.0000,"1,380.29",0.00,Paid
INV-10692,C-0335,Mountain Grocers Inc.,05/20/2026,06/19/2026,Net 30,USD,"21,350.24",0.00,"21,350.24",1.0000,"21,350.24",0.00,Paid
INV-10693,C-0357,Mountain Grocers LLC,05/25/2026,06/24/2026,Net 30,USD,"25,980.47",0.00,"25,980.47",1.0000,"25,980.47",0.00,Paid
INV-10694,C-0046,Yakima Orchard Market,05/18/2026,06/17/2026,Net 30,USD,"26,561.22",0.00,"26,561.22",1.0000,"26,561.22",0.00,Paid
INV-10695,C-0096,Pioneer Square Provisions,05/18/2026,06/17/2026,Net 30,USD,"19,562.32",0.00,"19,562.32",1.0000,"19,562.32",0.00,Paid
INV-10696,C-0142,Sextant Bakery,05/18/2026,06/02/2026,Net 15,USD,"2,679.89",0.00,"2,679.89",1.0000,"2,679.89",0.00,Paid
INV-10697,C-0163,Elk Rock Provisions,05/19/2026,06/18/2026,Net 30,USD,"22,610.78",0.00,"22,610.78",1.0000,"22,610.78",0.00,Paid
INV-10698,C-0400,Salmonberry Market,05/21/2026,06/20/2026,Net 30,USD,"13,143.63",0.00,"13,143.63",1.0000,"13,143.63",0.00,Paid
INV-10699,C-0045,Bridgetown Pantry,05/25/2026,06/24/2026,Net 30,USD,"27,227.05",0.00,"27,227.05",1.0000,"27,227.05",0.00,Paid
INV-10700,C-0069,Riverbend Natural Grocers,05/25/2026,06/24/2026,Net 30,USD,"24,439.67",0.00,"24,439.67",1.0000,"24,439.67","24,439.67",Open
INV-10701,C-0088,Palouse Provisions,05/25/2026,06/24/2026,Net 30,USD,"27,205.00",0.00,"27,205.00",1.0000,"27,205.00","27,205.00",Open
INV-10702,C-0105,Whidbey Harvest Co-op,05/25/2026,06/24/2026,Net 30,USD,"22,439.91",0.00,"22,439.91",1.0000,"22,439.91",0.00,Paid
INV-10703,C-0331,Ironwood Grocery,05/25/2026,06/24/2026,Net 30,USD,"16,633.65",0.00,"16,633.65",1.0000,"16,633.65","16,633.65",Open
INV-10704,C-0183,Madrona Food Co-op,05/19/2026,06/18/2026,Net 30,USD,"14,671.41",0.00,"14,671.41",1.0000,"14,671.41",0.00,Paid
INV-10705,C-0239,Larkspur Noodle House,05/21/2026,06/05/2026,Net 15,USD,"3,734.50",0.00,"3,734.50",1.0000,"3,734.50",0.00,Paid
INV-10706,C-0233,Rose City Market Hall,05/26/2026,06/25/2026,Net 30,USD,"15,399.28",0.00,"15,399.28",1.0000,"15,399.28",0.00,Paid
INV-10707,C-0301,Alpenkost GmbH,06/16/2026,09/14/2026,Net 90,EUR,"12,149.35",0.00,"12,149.35",1.1105,"13,491.85","12,149.35",Open
INV-10708,C-0100,Copperleaf Brasserie,05/20/2026,06/04/2026,Net 15,USD,"2,419.30",0.00,"2,419.30",1.0000,"2,419.30",0.00,Paid
INV-10709,C-0027,Cascade Harvest Grocers,05/21/2026,06/20/2026,Net 30,USD,"15,227.16",0.00,"15,227.16",1.0000,"15,227.16",0.00,Paid
INV-10710,C-0282,Yarrow Deli,05/22/2026,06/06/2026,Net 15,USD,"2,839.66",0.00,"2,839.66",1.0000,"2,839.66",0.00,Paid
INV-10711,C-0122,Owyhee Mercantile,05/28/2026,06/27/2026,Net 30,USD,"27,039.23",0.00,"27,039.23",1.0000,"27,039.23",0.00,Paid
INV-10712,C-0158,Umber Grill,05/21/2026,06/05/2026,Net 15,USD,"2,123.77",0.00,"2,123.77",1.0000,"2,123.77",0.00,Paid
INV-10713,C-0198,GREEN VALLEY COOP #2,05/21/2026,06/20/2026,Net 30,USD,"12,547.03",0.00,"12,547.03",1.0000,"12,547.03",0.00,Paid
INV-10714,C-0355,Jackdaw Kitchen,05/21/2026,06/05/2026,Net 15,USD,"1,845.46",0.00,"1,845.46",1.0000,"1,845.46",0.00,Paid
INV-10715,C-0396,Driftwood Pantry,05/25/2026,06/24/2026,Net 30,USD,"25,385.77",0.00,"25,385.77",1.0000,"25,385.77","25,385.77",Open
INV-10716,C-0008,Alder Cantina,05/25/2026,06/09/2026,Net 15,USD,"1,543.66",0.00,"1,543.66",1.0000,"1,543.66",0.00,Paid
INV-10717,C-0081,Fernwood Grill,05/25/2026,06/09/2026,Net 15,USD,"1,493.36",0.00,"1,493.36",1.0000,"1,493.36",0.00,Paid
INV-10718,C-0247,Wren Noodle House,05/25/2026,06/09/2026,Net 15,USD,"2,313.25",0.00,"2,313.25",1.0000,"2,313.25",0.00,Paid
INV-10719,C-0273,Coldwater Creek Market,05/25/2026,06/24/2026,Net 30,USD,"19,789.98",0.00,"19,789.98",1.0000,"19,789.98","19,789.98",Open
INV-10720,C-0337,Saffron Taproom,05/25/2026,06/09/2026,Net 15,USD,"2,297.20",0.00,"2,297.20",1.0000,"2,297.20",0.00,Paid
INV-10721,C-0366,Kettle Bistro,05/25/2026,06/09/2026,Net 15,USD,"2,256.57",0.00,"2,256.57",1.0000,"2,256.57",0.00,Paid
INV-10722,C-0033,Treasure Valley Market,06/01/2026,07/01/2026,Net 30,USD,"14,162.77",0.00,"14,162.77",1.0000,"14,162.77","14,162.77",Open
INV-10723,C-0335,Mountain Grocers Inc.,06/01/2026,07/01/2026,Net 30,USD,"20,989.44",0.00,"20,989.44",1.0000,"20,989.44","20,989.44",Open
INV-10724,C-0130,Cinder Kitchen,05/25/2026,06/09/2026,Net 15,USD,"1,090.92",0.00,"1,090.92",1.0000,"1,090.92",0.00,Paid
INV-10725,C-0217,Paddle Eatery,05/26/2026,06/10/2026,Net 15,USD,"3,350.58",0.00,"3,350.58",1.0000,"3,350.58",0.00,Paid
INV-10726,C-0147,Vashon Island Market,05/27/2026,06/26/2026,Net 30,USD,"15,399.28",0.00,"15,399.28",1.0000,"15,399.28","15,399.28",Open
INV-10727,C-0186,Hawthorne Fresh Market,05/28/2026,06/27/2026,Net 30,USD,"22,287.57",0.00,"22,287.57",1.0000,"22,287.57","22,287.57",Open
INV-10728,C-0143,Gorge Valley Co-op,06/01/2026,07/01/2026,Net 30,USD,"14,422.98",0.00,"14,422.98",1.0000,"14,422.98","14,422.98",Open
INV-10729,C-0031,Oyster Taproom,05/25/2026,06/09/2026,Net 15,USD,"2,691.10",0.00,"2,691.10",1.0000,"2,691.10",0.00,Paid
INV-10730,C-0075,Vesper Pizzeria,05/25/2026,06/09/2026,Net 15,USD,"3,860.48",0.00,"3,860.48",1.0000,"3,860.48",0.00,Paid
INV-10731,C-0340,Eastside Cafe,05/26/2026,06/10/2026,Net 15,USD,"4,058.81",0.00,"4,058.81",1.0000,"4,058.81",0.00,Paid
INV-10732,C-0353,Uproot Cafe,05/26/2026,06/10/2026,Net 15,USD,"1,252.80",0.00,"1,252.80",1.0000,"1,252.80",0.00,Paid
INV-10733,C-0191,Riverstone Smokehouse,05/27/2026,06/11/2026,Net 15,USD,"1,904.20",0.00,"1,904.20",1.0000,"1,904.20",0.00,Paid
INV-10734,C-0389,Umpqua Valley Foods,05/28/2026,06/27/2026,Net 30,USD,"17,973.25",0.00,"17,973.25",1.0000,"17,973.25",0.00,Paid
INV-10735,C-0046,Yakima Orchard Market,06/02/2026,07/02/2026,Net 30,USD,"22,387.63",0.00,"22,387.63",1.0000,"22,387.63","22,387.63",Open
INV-10736,C-0090,Zigzag Mountain Grocery,06/03/2026,07/03/2026,Net 30,USD,"15,081.85",0.00,"15,081.85",1.0000,"15,081.85","15,081.85",Open
INV-10737,C-0107,Green Valley Co-op,05/26/2026,06/25/2026,Net 30,USD,"17,716.88",0.00,"17,716.88",1.0000,"17,716.88","17,716.88",Open
INV-10738,C-0200,Ember Lane Grocers,05/26/2026,06/25/2026,Net 30,USD,"18,710.90",0.00,"18,710.90",1.0000,"18,710.90","18,710.90",Open
INV-10739,C-0323,Waxwing Eatery,05/26/2026,06/10/2026,Net 15,USD,"1,959.05",0.00,"1,959.05",1.0000,"1,959.05",0.00,Paid
INV-10740,C-0379,Filbert & Oak Market,05/26/2026,06/25/2026,Net 30,USD,"26,076.09",0.00,"26,076.09",1.0000,"26,076.09","26,076.09",Open
INV-10741,C-0096,Pioneer Square Provisions,06/01/2026,07/01/2026,Net 30,USD,"24,245.29",0.00,"24,245.29",1.0000,"24,245.29","24,245.29",Open
INV-10742,C-0427,Deschutes Food Hall,06/02/2026,07/02/2026,Net 30,USD,"12,970.24",0.00,"12,970.24",1.0000,"12,970.24","12,970.24",Open
INV-10743,C-0171,Dune Cantina,05/27/2026,06/11/2026,Net 15,USD,"1,300.26",0.00,"1,300.26",1.0000,"1,300.26",0.00,Paid
INV-10744,C-0399,Larch Mountain Mercantile,06/01/2026,07/01/2026,Net 30,USD,"14,034.75",0.00,"14,034.75",1.0000,"14,034.75","14,034.75",Open
INV-10745,C-0027,Cascade Harvest Grocers,06/02/2026,07/02/2026,Net 30,USD,"28,217.96",0.00,"28,217.96",1.0000,"28,217.96","28,217.96",Open
INV-10746,C-0414,Belmont Natural Foods,05/28/2026,06/27/2026,Net 30,USD,"18,105.29",0.00,"18,105.29",1.0000,"18,105.29",0.00,Paid
INV-10747,C-0185,Gristmill Supper Club,05/29/2026,06/13/2026,Net 15,USD,"2,919.02",0.00,"2,919.02",1.0000,"2,919.02",0.00,Paid
INV-10748,C-0369,Eddy Pizzeria,05/29/2026,06/13/2026,Net 15,USD,"1,980.94",0.00,"1,980.94",1.0000,"1,980.94",0.00,Paid
INV-10749,C-0012,Olallie Market,06/01/2026,07/01/2026,Net 30,USD,"11,474.17",0.00,"11,474.17",1.0000,"11,474.17","11,474.17",Open
INV-10750,C-0330,Alder Street Market,06/01/2026,07/01/2026,Net 30,USD,"11,492.58",0.00,"11,492.58",1.0000,"11,492.58",0.00,Paid
INV-10751,C-0348,Foxglove Market,06/04/2026,07/04/2026,Net 30,USD,"28,280.75",0.00,"28,280.75",1.0000,"28,280.75","28,280.75",Open
INV-10752,C-0371,Marrow Brasserie,05/29/2026,06/13/2026,Net 15,USD,"3,740.30",0.00,"3,740.30",1.0000,"3,740.30",0.00,Paid
INV-10753,C-0133,Sawtooth Natural Foods,06/01/2026,07/01/2026,Net 30,USD,"24,896.19",0.00,"24,896.19",1.0000,"24,896.19","24,896.19",Open
INV-10754,C-0012,Olallie Market,06/05/2026,07/05/2026,Net 30,USD,"4,120.00",0.00,"4,120.00",1.0000,"4,120.00",0.00,Paid
INV-10755,C-0359,Yew Grill,06/01/2026,06/16/2026,Net 15,USD,"2,330.34",0.00,"2,330.34",1.0000,"2,330.34",0.00,Paid
INV-10756,C-0420,Nehalem Bay Grocers,06/01/2026,07/01/2026,Net 30,USD,"15,832.00",0.00,"15,832.00",1.0000,"15,832.00","15,832.00",Open
INV-10757,C-0163,Elk Rock Provisions,06/04/2026,07/04/2026,Net 30,USD,"24,212.80",0.00,"24,212.80",1.0000,"24,212.80","24,212.80",Open
INV-10758,C-0400,Salmonberry Market,06/08/2026,07/08/2026,Net 30,USD,"15,860.18",0.00,"15,860.18",1.0000,"15,860.18","15,860.18",Open
INV-10759,C-0082,Chanterelle Supper Club,06/01/2026,06/16/2026,Net 15,USD,"1,210.27",0.00,"1,210.27",1.0000,"1,210.27",0.00,Paid
INV-10760,C-0193,Quinault Country Store,06/01/2026,07/01/2026,Net 30,USD,"11,004.35",0.00,"11,004.35",1.0000,"11,004.35","11,004.35",Open
INV-10761,C-0325,Cobalt Cafe,06/01/2026,06/16/2026,Net 15,USD,"1,250.06",0.00,"1,250.06",1.0000,"1,250.06",0.00,Paid
INV-10762,C-0371,Marrow Brasserie,06/01/2026,06/16/2026,Net 15,USD,"1,219.42",0.00,"1,219.42",1.0000,"1,219.42",0.00,Paid
INV-10763,C-0064,Juniper Hill Foods,06/02/2026,07/02/2026,Net 30,USD,"19,953.50",0.00,"19,953.50",1.0000,"19,953.50",0.00,Paid
INV-10764,C-0306,Tillamook Road Grocery,06/04/2026,07/04/2026,Net 30,USD,"23,021.93",0.00,"23,021.93",1.0000,"23,021.93","23,021.93",Open
INV-10765,C-0198,GREEN VALLEY COOP #2,06/08/2026,07/08/2026,Net 30,USD,"13,535.35",0.00,"13,535.35",1.0000,"13,535.35","13,535.35",Open
INV-10766,C-0415,Kestrel Market Hall,06/01/2026,07/01/2026,Net 30,USD,"14,104.29",0.00,"14,104.29",1.0000,"14,104.29",0.00,Paid
INV-10767,C-0428,Birchwood Bistro,06/01/2026,06/16/2026,Net 15,USD,"4,016.14",0.00,"4,016.14",1.0000,"4,016.14",0.00,Paid
INV-10768,C-0397,Fable Kitchen,06/03/2026,06/18/2026,Net 15,USD,"2,025.31",0.00,"2,025.31",1.0000,"2,025.31",0.00,Paid
INV-10769,C-0183,Madrona Food Co-op,06/04/2026,07/04/2026,Net 30,USD,"17,915.23",0.00,"17,915.23",1.0000,"17,915.23","17,915.23",Open
INV-10770,C-0186,Hawthorne Fresh Market,06/10/2026,07/10/2026,Net 30,USD,"26,642.23",0.00,"26,642.23",1.0000,"26,642.23","26,642.23",Open
INV-10771,C-0307,Sparrow Tavern,06/04/2026,06/19/2026,Net 15,USD,"4,030.30",0.00,"4,030.30",1.0000,"4,030.30",0.00,Paid
INV-10772,C-0147,Vashon Island Market,06/08/2026,07/08/2026,Net 30,USD,"15,669.79",0.00,"15,669.79",1.0000,"15,669.79","15,669.79",Open
INV-10773,C-0404,Cairn Cafe,06/03/2026,06/18/2026,Net 15,USD,"1,278.68",0.00,"1,278.68",1.0000,"1,278.68",0.00,Paid
INV-10774,C-0083,Acorn Supper Club,06/04/2026,06/19/2026,Net 15,USD,"1,531.54",0.00,"1,531.54",1.0000,"1,531.54",0.00,Paid
INV-10775,C-0002,Flint Noodle House,06/05/2026,06/20/2026,Net 15,USD,"1,224.29",0.00,"1,224.29",1.0000,"1,224.29",0.00,Paid
INV-10776,C-0233,Rose City Market Hall,06/08/2026,07/08/2026,Net 30,USD,"19,104.72",0.00,"19,104.72",1.0000,"19,104.72","19,104.72",Open
INV-10777,C-0396,Driftwood Pantry,06/08/2026,07/08/2026,Net 30,USD,"26,569.22",0.00,"26,569.22",1.0000,"26,569.22","26,569.22",Open
INV-10778,C-0389,Umpqua Valley Foods,06/10/2026,07/10/2026,Net 30,USD,"11,113.59",0.00,"11,113.59",1.0000,"11,113.59","11,113.59",Open
INV-10779,C-0122,Owyhee Mercantile,06/11/2026,07/11/2026,Net 30,USD,"16,177.42",0.00,"16,177.42",1.0000,"16,177.42","16,177.42",Open
INV-10780,C-0362,Quince Noodle House,06/04/2026,06/19/2026,Net 15,USD,"3,291.57",0.00,"3,291.57",1.0000,"3,291.57",0.00,Paid
INV-10781,C-0045,Bridgetown Pantry,06/09/2026,07/09/2026,Net 30,USD,"21,972.90",0.00,"21,972.90",1.0000,"21,972.90","21,972.90",Open
INV-10782,C-0105,Whidbey Harvest Co-op,06/10/2026,07/10/2026,Net 30,USD,"19,487.39",0.00,"19,487.39",1.0000,"19,487.39","19,487.39",Open
INV-10783,C-0142,Sextant Bakery,06/08/2026,06/23/2026,Net 15,USD,"3,702.34",0.00,"3,702.34",1.0000,"3,702.34","3,702.34",Open
INV-10784,C-0200,Ember Lane Grocers,06/08/2026,07/08/2026,Net 30,USD,"18,048.28",0.00,"18,048.28",1.0000,"18,048.28","18,048.28",Open
INV-10785,C-0379,Filbert & Oak Market,06/11/2026,07/11/2026,Net 30,USD,"20,442.75",0.00,"20,442.75",1.0000,"20,442.75","20,442.75",Open
INV-10786,C-0156,Hollow Noodle House,06/08/2026,06/23/2026,Net 15,USD,"1,475.01",0.00,"1,475.01",1.0000,"1,475.01",0.00,Paid
INV-10787,C-0273,Coldwater Creek Market,06/08/2026,07/08/2026,Net 30,USD,"26,462.26",0.00,"26,462.26",1.0000,"26,462.26","26,462.26",Open
INV-10788,C-0331,Ironwood Grocery,06/08/2026,07/08/2026,Net 30,USD,"26,225.65",0.00,"26,225.65",1.0000,"26,225.65","26,225.65",Open
INV-10789,C-0081,Fernwood Grill,06/09/2026,06/24/2026,Net 15,USD,"1,056.55",0.00,"1,056.55",1.0000,"1,056.55","1,056.55",Open
INV-10790,C-0088,Palouse Provisions,06/09/2026,07/09/2026,Net 30,USD,"13,870.18",0.00,"13,870.18",1.0000,"13,870.18","13,870.18",Open
INV-10791,C-0133,Sawtooth Natural Foods,06/15/2026,07/15/2026,Net 30,USD,"24,146.77",0.00,"24,146.77",1.0000,"24,146.77","24,146.77",Open
INV-10792,C-0143,Gorge Valley Co-op,06/15/2026,07/15/2026,Net 30,USD,"24,214.79",0.00,"24,214.79",1.0000,"24,214.79","24,214.79",Open
INV-10793,C-0415,Kestrel Market Hall,06/16/2026,07/16/2026,Net 30,USD,"26,000.70",0.00,"26,000.70",1.0000,"26,000.70","26,000.70",Open
INV-10794,C-0357,Mountain Grocers LLC,06/08/2026,07/08/2026,Net 30,USD,"25,680.79",0.00,"25,680.79",1.0000,"25,680.79","25,680.79",Open
INV-10795,C-0390,Dogwood Bistro,06/08/2026,06/23/2026,Net 15,USD,"1,595.14",0.00,"1,595.14",1.0000,"1,595.14","1,595.14",Open
INV-10796,C-0423,Salt Marsh Kitchen,06/08/2026,06/23/2026,Net 15,USD,"1,512.55",0.00,"1,512.55",1.0000,"1,512.55",0.00,Paid
INV-10797,C-0069,Riverbend Natural Grocers,06/09/2026,07/09/2026,Net 30,USD,"11,169.64",0.00,"11,169.64",1.0000,"11,169.64","11,169.64",Open
INV-10798,C-0351,Yeoman Brasserie,06/10/2026,06/25/2026,Net 15,USD,"1,598.76",0.00,"1,598.76",1.0000,"1,598.76",0.00,Paid
INV-10799,C-0427,Deschutes Food Hall,06/17/2026,07/17/2026,Net 30,USD,"16,080.94",0.00,"16,080.94",1.0000,"16,080.94","16,080.94",Open
INV-10800,C-0414,Belmont Natural Foods,06/09/2026,07/09/2026,Net 30,USD,"13,904.28",0.00,"13,904.28",1.0000,"13,904.28","13,904.28",Open
INV-10801,C-0107,Green Valley Co-op,06/11/2026,07/11/2026,Net 30,USD,"25,515.70",0.00,"25,515.70",1.0000,"25,515.70","25,515.70",Open
INV-10802,C-0064,Juniper Hill Foods,06/15/2026,07/15/2026,Net 30,USD,"15,711.90",0.00,"15,711.90",1.0000,"15,711.90","15,711.90",Open
INV-10803,C-0046,Yakima Orchard Market,06/15/2026,07/15/2026,Net 30,USD,"12,040.55",0.00,"12,040.55",1.0000,"12,040.55","12,040.55",Open
INV-10804,C-0335,Mountain Grocers Inc.,06/15/2026,07/15/2026,Net 30,USD,"17,113.03",0.00,"17,113.03",1.0000,"17,113.03","17,113.03",Open
INV-10805,C-0035,Velvet Taproom,06/11/2026,06/26/2026,Net 15,USD,"1,080.06",0.00,"1,080.06",1.0000,"1,080.06","1,080.06",Open
INV-10806,C-0214,Nectar Noodle House,06/12/2026,06/27/2026,Net 15,USD,"1,762.61",0.00,"1,762.61",1.0000,"1,762.61",0.00,Paid
INV-10807,C-0012,Olallie Market,06/15/2026,07/15/2026,Net 30,USD,"27,949.59",0.00,"27,949.59",1.0000,"27,949.59","27,949.59",Open
INV-10808,C-0096,Pioneer Square Provisions,06/17/2026,07/17/2026,Net 30,USD,"21,354.06",0.00,"21,354.06",1.0000,"21,354.06","21,354.06",Open
INV-10809,C-0066,Keel Smokehouse,06/15/2026,06/30/2026,Net 15,USD,"1,672.28",0.00,"1,672.28",1.0000,"1,672.28","1,672.28",Open
INV-10810,C-0215,Nook Eatery,06/15/2026,06/30/2026,Net 15,USD,"1,432.16",0.00,"1,432.16",1.0000,"1,432.16","1,432.16",Open
INV-10811,C-0303,Trillium Bistro,06/15/2026,06/30/2026,Net 15,USD,"3,198.60",0.00,"3,198.60",1.0000,"3,198.60","3,198.60",Open
INV-10812,C-0330,Alder Street Market,06/15/2026,07/15/2026,Net 30,USD,"18,003.05",0.00,"18,003.05",1.0000,"18,003.05","18,003.05",Open
INV-10813,C-0399,Larch Mountain Mercantile,06/15/2026,07/15/2026,Net 30,USD,"13,092.94",0.00,"13,092.94",1.0000,"13,092.94","13,092.94",Open
INV-10814,C-0420,Nehalem Bay Grocers,06/15/2026,07/15/2026,Net 30,USD,"20,282.87",0.00,"20,282.87",1.0000,"20,282.87","20,282.87",Open
INV-10815,C-0154,Green Valley Cooperative Market,06/19/2026,07/19/2026,Net 30,USD,"3,215.40",0.00,"3,215.40",1.0000,"3,215.40","3,215.40",Open
INV-10816,C-0190,Magpie Tavern,06/15/2026,06/30/2026,Net 15,USD,"3,398.17",0.00,"3,398.17",1.0000,"3,398.17","3,398.17",Open
INV-10817,C-0362,Quince Noodle House,06/15/2026,06/30/2026,Net 15,USD,"2,671.34",0.00,"2,671.34",1.0000,"2,671.34",0.00,Paid
INV-10818,C-0090,Zigzag Mountain Grocery,06/16/2026,07/16/2026,Net 30,USD,"25,329.28",0.00,"25,329.28",1.0000,"25,329.28","25,329.28",Open
INV-10819,C-0193,Quinault Country Store,06/16/2026,07/16/2026,Net 30,USD,"18,501.15",0.00,"18,501.15",1.0000,"18,501.15","18,501.15",Open
INV-10820,C-0183,Madrona Food Co-op,06/19/2026,07/19/2026,Net 30,USD,"24,360.04",0.00,"24,360.04",1.0000,"24,360.04","24,360.04",Open
INV-10821,C-0147,Vashon Island Market,06/23/2026,07/23/2026,Net 30,USD,"17,548.42",0.00,"17,548.42",1.0000,"17,548.42","17,548.42",Open
INV-10822,C-0331,Ironwood Grocery,06/23/2026,07/23/2026,Net 30,USD,"11,742.95",0.00,"11,742.95",1.0000,"11,742.95","11,742.95",Open
INV-10823,C-0014,Rivet Supper Club,06/15/2026,06/30/2026,Net 15,USD,"2,566.54",0.00,"2,566.54",1.0000,"2,566.54","2,566.54",Open
INV-10824,C-0002,Flint Noodle House,06/16/2026,07/01/2026,Net 15,USD,"1,841.15",0.00,"1,841.15",1.0000,"1,841.15","1,841.15",Open
INV-10825,C-0027,Cascade Harvest Grocers,06/17/2026,07/17/2026,Net 30,USD,"27,800.18",0.00,"27,800.18",1.0000,"27,800.18","27,800.18",Open
INV-10826,C-0102,Indigo Deli,06/17/2026,07/02/2026,Net 15,USD,"3,394.22",0.00,"3,394.22",1.0000,"3,394.22","3,394.22",Open
INV-10827,C-0250,Nettle Cantina,06/17/2026,07/02/2026,Net 15,USD,"1,363.87",0.00,"1,363.87",1.0000,"1,363.87","1,363.87",Open
INV-10828,C-0209,Kelp Grill,06/17/2026,07/02/2026,Net 15,USD,862.53,0.00,862.53,1.0000,862.53,862.53,Open
INV-10829,C-0291,Lantern Supper Club,06/18/2026,07/03/2026,Net 15,USD,"3,613.12",0.00,"3,613.12",1.0000,"3,613.12","3,613.12",Open
INV-10830,C-0396,Driftwood Pantry,06/22/2026,07/22/2026,Net 30,USD,"13,922.73",0.00,"13,922.73",1.0000,"13,922.73","13,922.73",Open
INV-10831,C-0033,Treasure Valley Market,06/17/2026,07/17/2026,Net 30,USD,"22,863.90",0.00,"22,863.90",1.0000,"22,863.90","22,863.90",Open
INV-10832,C-0242,Pumice Cantina,06/17/2026,07/02/2026,Net 15,USD,"3,056.31",0.00,"3,056.31",1.0000,"3,056.31",0.00,Paid
INV-10833,C-0189,Ironclad Brasserie,06/19/2026,07/04/2026,Net 15,USD,"2,289.61",0.00,"2,289.61",1.0000,"2,289.61","2,289.61",Open
INV-10834,C-0163,Elk Rock Provisions,06/22/2026,07/22/2026,Net 30,USD,"20,463.72",0.00,"20,463.72",1.0000,"20,463.72","20,463.72",Open
INV-10835,C-0306,Tillamook Road Grocery,06/22/2026,07/22/2026,Net 30,USD,"16,269.23",0.00,"16,269.23",1.0000,"16,269.23","16,269.23",Open
INV-10836,C-0107,Green Valley Co-op,06/24/2026,07/24/2026,Net 30,USD,"16,907.39",0.00,"16,907.39",1.0000,"16,907.39","16,907.39",Open
INV-10837,C-0379,Filbert & Oak Market,06/25/2026,07/25/2026,Net 30,USD,"20,527.84",0.00,"20,527.84",1.0000,"20,527.84","20,527.84",Open
INV-10838,C-0389,Umpqua Valley Foods,06/26/2026,07/26/2026,Net 30,USD,"19,171.74",0.00,"19,171.74",1.0000,"19,171.74","19,171.74",Open
INV-10839,C-0102,Indigo Deli,06/19/2026,07/04/2026,Net 15,USD,"3,668.83",0.00,"3,668.83",1.0000,"3,668.83","3,668.83",Open
INV-10840,C-0088,Palouse Provisions,06/22/2026,07/22/2026,Net 30,USD,"20,180.73",0.00,"20,180.73",1.0000,"20,180.73","20,180.73",Open
INV-10841,C-0400,Salmonberry Market,06/23/2026,07/23/2026,Net 30,USD,"23,581.08",0.00,"23,581.08",1.0000,"23,581.08","23,581.08",Open
INV-10842,C-0045,Bridgetown Pantry,06/22/2026,07/22/2026,Net 30,USD,"22,445.31",0.00,"22,445.31",1.0000,"22,445.31","22,445.31",Open
INV-10843,C-0348,Foxglove Market,06/22/2026,07/22/2026,Net 30,USD,"27,314.36",0.00,"27,314.36",1.0000,"27,314.36","27,314.36",Open
INV-10844,C-0200,Ember Lane Grocers,06/23/2026,07/23/2026,Net 30,USD,"14,277.58",0.00,"14,277.58",1.0000,"14,277.58","14,277.58",Open
INV-10845,C-0122,Owyhee Mercantile,06/24/2026,07/24/2026,Net 30,USD,"26,912.41",0.00,"26,912.41",1.0000,"26,912.41","26,912.41",Open
INV-10846,C-0008,Alder Cantina,06/22/2026,07/07/2026,Net 15,USD,"1,371.34",0.00,"1,371.34",1.0000,"1,371.34","1,371.34",Open
INV-10847,C-0158,Umber Grill,06/22/2026,07/07/2026,Net 15,USD,"1,783.65",0.00,"1,783.65",1.0000,"1,783.65","1,783.65",Open
INV-10848,C-0197,Elderberry Deli,06/22/2026,07/07/2026,Net 15,USD,"3,280.89",0.00,"3,280.89",1.0000,"3,280.89","3,280.89",Open
INV-10849,C-0357,Mountain Grocers LLC,06/22/2026,07/22/2026,Net 30,USD,"22,346.83",0.00,"22,346.83",1.0000,"22,346.83","22,346.83",Open
INV-10850,C-0082,Chanterelle Supper Club,06/22/2026,07/07/2026,Net 15,USD,"1,984.29",0.00,"1,984.29",1.0000,"1,984.29","1,984.29",Open
INV-10851,C-0207,Wildwood Tavern,06/22/2026,07/07/2026,Net 15,USD,"1,761.49",0.00,"1,761.49",1.0000,"1,761.49","1,761.49",Open
INV-10852,C-0273,Coldwater Creek Market,06/22/2026,07/22/2026,Net 30,USD,"12,789.96",0.00,"12,789.96",1.0000,"12,789.96","12,789.96",Open
INV-10853,C-0414,Belmont Natural Foods,06/22/2026,07/22/2026,Net 30,USD,"24,609.11",0.00,"24,609.11",1.0000,"24,609.11","24,609.11",Open
INV-10854,C-0036,Alpine Eatery,06/23/2026,07/08/2026,Net 15,USD,"2,637.26",0.00,"2,637.26",1.0000,"2,637.26","2,637.26",Open
INV-10855,C-0139,Greenhouse Bistro,06/23/2026,07/08/2026,Net 15,USD,"1,269.80",0.00,"1,269.80",1.0000,"1,269.80","1,269.80",Open
INV-10856,C-0378,Yellowjacket Taproom,06/23/2026,07/08/2026,Net 15,USD,"2,476.56",0.00,"2,476.56",1.0000,"2,476.56","2,476.56",Open
INV-10857,C-0335,Mountain Grocers Inc.,06/29/2026,07/29/2026,Net 30,USD,"21,455.17",0.00,"21,455.17",1.0000,"21,455.17","21,455.17",Open
INV-10858,C-0172,Driftless Tavern,06/22/2026,07/07/2026,Net 15,USD,"2,740.14",0.00,"2,740.14",1.0000,"2,740.14","2,740.14",Open
INV-10859,C-0198,GREEN VALLEY COOP #2,06/22/2026,07/22/2026,Net 30,USD,"21,328.06",0.00,"21,328.06",1.0000,"21,328.06","21,328.06",Open
INV-10860,C-0215,Nook Eatery,06/22/2026,07/07/2026,Net 15,USD,"3,192.39",0.00,"3,192.39",1.0000,"3,192.39","3,192.39",Open
INV-10861,C-0237,Plover Supper Club,06/22/2026,07/07/2026,Net 15,USD,994.19,0.00,994.19,1.0000,994.19,994.19,Open
INV-10862,C-0366,Kettle Bistro,06/22/2026,07/07/2026,Net 15,USD,"3,401.33",0.00,"3,401.33",1.0000,"3,401.33","3,401.33",Open
INV-10863,C-0066,Keel Smokehouse,06/23/2026,07/08/2026,Net 15,USD,710.85,0.00,710.85,1.0000,710.85,710.85,Open
INV-10864,C-0186,Hawthorne Fresh Market,06/23/2026,07/23/2026,Net 30,USD,"27,185.27",0.00,"27,185.27",1.0000,"27,185.27","27,185.27",Open
INV-10865,C-0105,Whidbey Harvest Co-op,06/24/2026,07/24/2026,Net 30,USD,"26,294.77",0.00,"26,294.77",1.0000,"26,294.77","26,294.77",Open
INV-10866,C-0340,Eastside Cafe,06/24/2026,07/09/2026,Net 15,USD,"3,972.83",0.00,"3,972.83",1.0000,"3,972.83","3,972.83",Open
INV-10867,C-0046,Yakima Orchard Market,06/29/2026,07/29/2026,Net 30,USD,"21,450.82",0.00,"21,450.82",1.0000,"21,450.82","21,450.82",Open
INV-10868,C-0143,Gorge Valley Co-op,06/29/2026,07/29/2026,Net 30,USD,"22,487.66",0.00,"22,487.66",1.0000,"22,487.66","22,487.66",Open
INV-10869,C-0033,Treasure Valley Market,06/30/2026,07/30/2026,Net 30,USD,"18,982.98",0.00,"18,982.98",1.0000,"18,982.98","18,982.98",Open
INV-10870,C-0037,Bellwether Tavern,06/23/2026,07/08/2026,Net 15,USD,"3,798.41",0.00,"3,798.41",1.0000,"3,798.41","3,798.41",Open
INV-10871,C-0069,Riverbend Natural Grocers,06/23/2026,07/23/2026,Net 30,USD,"21,340.36",0.00,"21,340.36",1.0000,"21,340.36","21,340.36",Open
INV-10872,C-0075,Vesper Pizzeria,06/23/2026,07/08/2026,Net 15,USD,"2,277.73",0.00,"2,277.73",1.0000,"2,277.73","2,277.73",Open
INV-10873,C-0182,Jasper Bakery,06/25/2026,07/10/2026,Net 15,USD,"4,183.83",0.00,"4,183.83",1.0000,"4,183.83","4,183.83",Open
INV-10874,C-0133,Sawtooth Natural Foods,06/29/2026,07/29/2026,Net 30,USD,"28,456.37",0.00,"28,456.37",1.0000,"28,456.37","28,456.37",Open
INV-10875,C-0261,Harbor Tavern,06/24/2026,07/09/2026,Net 15,USD,818.62,0.00,818.62,1.0000,818.62,818.62,Open
INV-10876,C-0355,Jackdaw Kitchen,06/25/2026,07/10/2026,Net 15,USD,"3,517.19",0.00,"3,517.19",1.0000,"3,517.19","3,517.19",Open
INV-10877,C-0233,Rose City Market Hall,06/18/2026,07/18/2026,Net 30,USD,"9,340.00",0.00,"9,340.00",1.0000,"9,340.00","9,340.00",Open
INV-10878,C-0027,Cascade Harvest Grocers,06/30/2026,07/30/2026,Net 30,USD,"23,333.74",0.00,"23,333.74",1.0000,"23,333.74","23,333.74",Open
INV-10879,C-0415,Kestrel Market Hall,06/30/2026,07/30/2026,Net 30,USD,"18,114.28",0.00,"18,114.28",1.0000,"18,114.28","18,114.28",Open
INV-10880,C-0283,Yardarm Smokehouse,06/26/2026,07/11/2026,Net 15,USD,"3,807.29",0.00,"3,807.29",1.0000,"3,807.29","3,807.29",Open
INV-10881,C-0420,Nehalem Bay Grocers,06/29/2026,07/29/2026,Net 30,USD,"28,964.35",0.00,"28,964.35",1.0000,"28,964.35","28,964.35",Open
INV-10882,C-0330,Alder Street Market,06/30/2026,07/30/2026,Net 30,USD,"13,568.77",0.00,"13,568.77",1.0000,"13,568.77","13,568.77",Open
INV-10883,C-0399,Larch Mountain Mercantile,06/29/2026,07/29/2026,Net 30,USD,"28,431.97",0.00,"28,431.97",1.0000,"28,431.97","28,431.97",Open
INV-10884,C-0090,Zigzag Mountain Grocery,06/29/2026,07/29/2026,Net 30,USD,"22,790.07",0.00,"22,790.07",1.0000,"22,790.07","22,790.07",Open
INV-9851,C-0036,Alpine Eatery,10/06/2025,10/21/2025,Net 15,USD,"1,794.44",0.00,"1,794.44",1.0000,"1,794.44","1,794.44",Open
INV-9852,C-0035,Velvet Taproom,10/10/2025,10/25/2025,Net 15,USD,"1,795.43",0.00,"1,795.43",1.0000,"1,795.43","1,795.43",Open
INV-9853,C-0088,Palouse Provisions,12/04/2025,01/03/2026,Net 30,USD,"16,317.07",0.00,"16,317.07",1.0000,"16,317.07",0.00,Paid
INV-9854,C-0133,Sawtooth Natural Foods,12/04/2025,01/03/2026,Net 30,USD,"15,415.38",0.00,"15,415.38",1.0000,"15,415.38",0.00,Paid
INV-9855,C-0273,Coldwater Creek Market,12/04/2025,01/03/2026,Net 30,USD,"12,652.18",0.00,"12,652.18",1.0000,"12,652.18",0.00,Paid
INV-9856,C-0186,Hawthorne Fresh Market,12/04/2025,01/03/2026,Net 30,USD,"25,894.56",0.00,"25,894.56",1.0000,"25,894.56",0.00,Paid
INV-9857,C-0233,Rose City Market Hall,12/04/2025,01/03/2026,Net 30,USD,"21,035.01",0.00,"21,035.01",1.0000,"21,035.01",0.00,Paid
INV-9858,C-0330,Alder Street Market,12/05/2025,01/04/2026,Net 30,USD,"21,180.62",0.00,"21,180.62",1.0000,"21,180.62",0.00,Paid
INV-9859,C-0400,Salmonberry Market,12/05/2025,01/04/2026,Net 30,USD,"16,478.73",0.00,"16,478.73",1.0000,"16,478.73",0.00,Paid
INV-9860,C-0122,Owyhee Mercantile,12/04/2025,01/03/2026,Net 30,USD,"12,011.91",0.00,"12,011.91",1.0000,"12,011.91",0.00,Paid
INV-9861,C-0046,Yakima Orchard Market,12/05/2025,01/04/2026,Net 30,USD,"21,368.66",0.00,"21,368.66",1.0000,"21,368.66",0.00,Paid
INV-9862,C-0096,Pioneer Square Provisions,12/08/2025,01/07/2026,Net 30,USD,"22,257.49",0.00,"22,257.49",1.0000,"22,257.49",0.00,Paid
INV-9863,C-0331,Ironwood Grocery,12/08/2025,01/07/2026,Net 30,USD,"13,992.68",0.00,"13,992.68",1.0000,"13,992.68",0.00,Paid
INV-9864,C-0348,Foxglove Market,12/08/2025,01/07/2026,Net 30,USD,"26,178.70",0.00,"26,178.70",1.0000,"26,178.70",0.00,Paid
INV-9865,C-0389,Umpqua Valley Foods,12/04/2025,01/03/2026,Net 30,USD,"19,779.29",0.00,"19,779.29",1.0000,"19,779.29",0.00,Paid
INV-9866,C-0069,Riverbend Natural Grocers,12/05/2025,01/04/2026,Net 30,USD,"23,670.49",0.00,"23,670.49",1.0000,"23,670.49",0.00,Paid
INV-9867,C-0090,Zigzag Mountain Grocery,12/08/2025,01/07/2026,Net 30,USD,"27,626.10",0.00,"27,626.10",1.0000,"27,626.10",0.00,Paid
INV-9868,C-0143,Gorge Valley Co-op,12/08/2025,01/07/2026,Net 30,USD,"24,120.85",0.00,"24,120.85",1.0000,"24,120.85",0.00,Paid
INV-9869,C-0399,Larch Mountain Mercantile,12/10/2025,01/09/2026,Net 30,USD,"17,810.36",0.00,"17,810.36",1.0000,"17,810.36",0.00,Paid
INV-9870,C-0012,Olallie Market,12/04/2025,01/03/2026,Net 30,USD,"15,991.86",0.00,"15,991.86",1.0000,"15,991.86",0.00,Paid
INV-9871,C-0183,Madrona Food Co-op,12/04/2025,01/03/2026,Net 30,USD,"13,392.73",0.00,"13,392.73",1.0000,"13,392.73",0.00,Paid
INV-9872,C-0379,Filbert & Oak Market,12/05/2025,01/04/2026,Net 30,USD,"14,880.52",0.00,"14,880.52",1.0000,"14,880.52",0.00,Paid
INV-9873,C-0027,Cascade Harvest Grocers,12/10/2025,01/09/2026,Net 30,USD,"25,448.04",0.00,"25,448.04",1.0000,"25,448.04",0.00,Paid
INV-9874,C-0163,Elk Rock Provisions,12/10/2025,01/09/2026,Net 30,USD,"18,467.16",0.00,"18,467.16",1.0000,"18,467.16",0.00,Paid
INV-9875,C-0193,Quinault Country Store,12/04/2025,01/03/2026,Net 30,USD,"26,756.65",0.00,"26,756.65",1.0000,"26,756.65",0.00,Paid
INV-9876,C-0415,Kestrel Market Hall,12/04/2025,01/03/2026,Net 30,USD,"11,895.59",0.00,"11,895.59",1.0000,"11,895.59",0.00,Paid
INV-9877,C-0420,Nehalem Bay Grocers,12/04/2025,01/03/2026,Net 30,USD,"23,550.64",0.00,"23,550.64",1.0000,"23,550.64",0.00,Paid
INV-9878,C-0064,Juniper Hill Foods,12/05/2025,01/04/2026,Net 30,USD,"22,982.46",0.00,"22,982.46",1.0000,"22,982.46",0.00,Paid
INV-9879,C-0357,Mountain Grocers LLC,12/05/2025,01/04/2026,Net 30,USD,"23,929.86",0.00,"23,929.86",1.0000,"23,929.86",0.00,Paid
INV-9880,C-0427,Deschutes Food Hall,12/09/2025,01/08/2026,Net 30,USD,"22,488.49",0.00,"22,488.49",1.0000,"22,488.49",0.00,Paid
INV-9881,C-0306,Tillamook Road Grocery,12/04/2025,01/03/2026,Net 30,USD,"24,680.05",0.00,"24,680.05",1.0000,"24,680.05",0.00,Paid
INV-9882,C-0198,GREEN VALLEY COOP #2,12/08/2025,01/07/2026,Net 30,USD,"27,326.69",0.00,"27,326.69",1.0000,"27,326.69",0.00,Paid
INV-9883,C-0147,Vashon Island Market,12/05/2025,01/04/2026,Net 30,USD,"12,339.91",0.00,"12,339.91",1.0000,"12,339.91",0.00,Paid
INV-9884,C-0414,Belmont Natural Foods,12/08/2025,01/07/2026,Net 30,USD,"16,033.40",0.00,"16,033.40",1.0000,"16,033.40",0.00,Paid
INV-9885,C-0045,Bridgetown Pantry,12/09/2025,01/08/2026,Net 30,USD,"17,381.87",0.00,"17,381.87",1.0000,"17,381.87",0.00,Paid
INV-9886,C-0200,Ember Lane Grocers,12/09/2025,01/08/2026,Net 30,USD,"19,621.81",0.00,"19,621.81",1.0000,"19,621.81",0.00,Paid
INV-9887,C-0247,Wren Noodle House,12/08/2025,12/23/2025,Net 15,USD,"3,225.33",0.00,"3,225.33",1.0000,"3,225.33",0.00,Paid
INV-9888,C-0335,Mountain Grocers Inc.,12/08/2025,01/07/2026,Net 30,USD,"28,574.96",0.00,"28,574.96",1.0000,"28,574.96",0.00,Paid
INV-9889,C-0337,Saffron Taproom,12/08/2025,12/23/2025,Net 15,USD,"3,646.46",0.00,"3,646.46",1.0000,"3,646.46",0.00,Paid
INV-9890,C-0301,Alpenkost GmbH,01/20/2026,04/20/2026,Net 90,EUR,"9,695.94",0.00,"9,695.94",1.0770,"10,442.53",0.00,Paid
INV-9891,C-0033,Treasure Valley Market,12/09/2025,01/08/2026,Net 30,USD,"20,348.26",0.00,"20,348.26",1.0000,"20,348.26",0.00,Paid
INV-9892,C-0250,Nettle Cantina,12/09/2025,12/24/2025,Net 15,USD,"2,448.21",0.00,"2,448.21",1.0000,"2,448.21",0.00,Paid
INV-9893,C-0404,Cairn Cafe,12/09/2025,12/24/2025,Net 15,USD,"3,800.87",0.00,"3,800.87",1.0000,"3,800.87",0.00,Paid
INV-9894,C-0105,Whidbey Harvest Co-op,12/10/2025,01/09/2026,Net 30,USD,"28,391.28",0.00,"28,391.28",1.0000,"28,391.28",0.00,Paid
INV-9895,C-0105,Whidbey Harvest Co-op,12/16/2025,01/15/2026,Net 30,USD,"25,975.29",0.00,"25,975.29",1.0000,"25,975.29",0.00,Paid
INV-9896,C-0301,Alpenkost GmbH,01/08/2026,04/08/2026,Net 90,EUR,"10,376.62",0.00,"10,376.62",1.0755,"11,160.05",0.00,Paid
INV-9897,C-0190,Magpie Tavern,12/09/2025,12/24/2025,Net 15,USD,"2,224.26",0.00,"2,224.26",1.0000,"2,224.26",0.00,Paid
INV-9898,C-0401,Pinewood Kitchen,12/10/2025,12/25/2025,Net 15,USD,"2,476.93",0.00,"2,476.93",1.0000,"2,476.93",0.00,Paid
INV-9899,C-0420,Nehalem Bay Grocers,12/17/2025,01/16/2026,Net 30,USD,"19,905.22",0.00,"19,905.22",1.0000,"19,905.22",0.00,Paid
INV-9900,C-0396,Driftwood Pantry,12/09/2025,01/08/2026,Net 30,USD,"25,069.42",0.00,"25,069.42",1.0000,"25,069.42",0.00,Paid
INV-9901,C-0107,Green Valley Co-op,12/10/2025,01/09/2026,Net 30,USD,"24,744.11",0.00,"24,744.11",1.0000,"24,744.11",0.00,Paid
INV-9902,C-0136,Redtail Brasserie,12/11/2025,12/26/2025,Net 15,USD,"3,834.56",0.00,"3,834.56",1.0000,"3,834.56",0.00,Paid
INV-9903,C-0183,Madrona Food Co-op,12/17/2025,01/16/2026,Net 30,USD,"22,250.98",0.00,"22,250.98",1.0000,"22,250.98",0.00,Paid
INV-9904,C-0348,Foxglove Market,12/18/2025,01/17/2026,Net 30,USD,"16,079.74",0.00,"16,079.74",1.0000,"16,079.74",0.00,Paid
INV-9905,C-0115,Gull Eatery,12/10/2025,12/25/2025,Net 15,USD,"3,461.44",0.00,"3,461.44",1.0000,"3,461.44",0.00,Paid
INV-9906,C-0121,Upland Kitchen,12/10/2025,12/25/2025,Net 15,USD,"1,302.63",0.00,"1,302.63",1.0000,"1,302.63",0.00,Paid
INV-9907,C-0365,Quarry Bistro,12/10/2025,12/25/2025,Net 15,USD,"2,141.60",0.00,"2,141.60",1.0000,"2,141.60",0.00,Paid
INV-9908,C-0308,Northstar Deli,12/11/2025,12/26/2025,Net 15,USD,"3,934.01",0.00,"3,934.01",1.0000,"3,934.01",0.00,Paid
INV-9909,C-0087,Inkwell Supper Club,12/12/2025,12/27/2025,Net 15,USD,799.94,0.00,799.94,1.0000,799.94,0.00,Paid
INV-9910,C-0200,Ember Lane Grocers,12/18/2025,01/17/2026,Net 30,USD,"18,008.51",0.00,"18,008.51",1.0000,"18,008.51",0.00,Paid
INV-9911,C-0335,Mountain Grocers Inc.,12/19/2025,01/18/2026,Net 30,USD,"25,057.19",0.00,"25,057.19",1.0000,"25,057.19",0.00,Paid
INV-9912,C-0014,Rivet Supper Club,12/11/2025,12/26/2025,Net 15,USD,"2,851.99",0.00,"2,851.99",1.0000,"2,851.99",0.00,Paid
INV-9913,C-0329,Oxbow Smokehouse,12/12/2025,12/27/2025,Net 15,USD,"1,634.93",0.00,"1,634.93",1.0000,"1,634.93",0.00,Paid
INV-9914,C-0198,GREEN VALLEY COOP #2,12/18/2025,01/17/2026,Net 30,USD,"22,397.64",0.00,"22,397.64",1.0000,"22,397.64",0.00,Paid
INV-9915,C-0351,Yeoman Brasserie,12/12/2025,12/27/2025,Net 15,USD,831.13,0.00,831.13,1.0000,831.13,0.00,Paid
INV-9916,C-0193,Quinault Country Store,12/19/2025,01/18/2026,Net 30,USD,"28,571.94",0.00,"28,571.94",1.0000,"28,571.94",0.00,Paid
INV-9917,C-0089,Kinfolk Pizzeria,12/15/2025,12/30/2025,Net 15,USD,"1,118.19",0.00,"1,118.19",1.0000,"1,118.19",0.00,Paid
INV-9918,C-0100,Copperleaf Brasserie,12/15/2025,12/30/2025,Net 15,USD,"2,611.00",0.00,"2,611.00",1.0000,"2,611.00",0.00,Paid
INV-9919,C-0340,Eastside Cafe,12/15/2025,12/30/2025,Net 15,USD,809.95,0.00,809.95,1.0000,809.95,0.00,Paid
INV-9920,C-0423,Salt Marsh Kitchen,12/15/2025,12/30/2025,Net 15,USD,"3,860.75",0.00,"3,860.75",1.0000,"3,860.75",0.00,Paid
INV-9921,C-0400,Salmonberry Market,12/17/2025,01/16/2026,Net 30,USD,"14,264.15",0.00,"14,264.15",1.0000,"14,264.15",0.00,Paid
INV-9922,C-0357,Mountain Grocers LLC,12/16/2025,01/15/2026,Net 30,USD,"27,367.32",0.00,"27,367.32",1.0000,"27,367.32",0.00,Paid
INV-9923,C-0045,Bridgetown Pantry,12/19/2025,01/18/2026,Net 30,USD,"14,062.61",0.00,"14,062.61",1.0000,"14,062.61",0.00,Paid
INV-9924,C-0093,Heron Cafe,12/15/2025,12/30/2025,Net 15,USD,"3,147.29",0.00,"3,147.29",1.0000,"3,147.29",0.00,Paid
INV-9925,C-0325,Cobalt Cafe,12/15/2025,12/30/2025,Net 15,USD,"2,734.49",0.00,"2,734.49",1.0000,"2,734.49",0.00,Paid
INV-9926,C-0406,Wharf Cantina,12/15/2025,12/30/2025,Net 15,USD,962.88,0.00,962.88,1.0000,962.88,0.00,Paid
INV-9927,C-0076,Thimbleberry Eatery,12/17/2025,01/01/2026,Net 15,USD,"3,227.86",0.00,"3,227.86",1.0000,"3,227.86",0.00,Paid
INV-9928,C-0379,Filbert & Oak Market,12/19/2025,01/18/2026,Net 30,USD,"27,887.86",0.00,"27,887.86",1.0000,"27,887.86",0.00,Paid
INV-9929,C-0064,Juniper Hill Foods,12/22/2025,01/21/2026,Net 30,USD,"14,839.25",0.00,"14,839.25",1.0000,"14,839.25",0.00,Paid
INV-9930,C-0090,Zigzag Mountain Grocery,12/22/2025,01/21/2026,Net 30,USD,"25,533.85",0.00,"25,533.85",1.0000,"25,533.85",0.00,Paid
INV-9931,C-0399,Larch Mountain Mercantile,12/22/2025,01/21/2026,Net 30,USD,"21,761.02",0.00,"21,761.02",1.0000,"21,761.02",0.00,Paid
INV-9932,C-0046,Yakima Orchard Market,12/23/2025,01/22/2026,Net 30,USD,"25,875.31",0.00,"25,875.31",1.0000,"25,875.31",0.00,Paid
INV-9933,C-0331,Ironwood Grocery,12/23/2025,01/22/2026,Net 30,USD,"13,178.94",0.00,"13,178.94",1.0000,"13,178.94",0.00,Paid
INV-9934,C-0301,Alpenkost GmbH,01/30/2026,04/30/2026,Net 90,EUR,"5,212.36",0.00,"5,212.36",1.0773,"5,615.28",0.00,Paid
INV-9935,C-0033,Treasure Valley Market,12/16/2025,01/15/2026,Net 30,USD,"11,070.08",0.00,"11,070.08",1.0000,"11,070.08",0.00,Paid
INV-9936,C-0047,Gable Brasserie,12/16/2025,12/31/2025,Net 15,USD,"2,609.75",0.00,"2,609.75",1.0000,"2,609.75",0.00,Paid
INV-9937,C-0362,Quince Noodle House,12/16/2025,12/31/2025,Net 15,USD,"1,699.41",0.00,"1,699.41",1.0000,"1,699.41",0.00,Paid
INV-9938,C-0069,Riverbend Natural Grocers,12/18/2025,01/17/2026,Net 30,USD,"28,235.12",0.00,"28,235.12",1.0000,"28,235.12",0.00,Paid
INV-9939,C-0330,Alder Street Market,12/19/2025,01/18/2026,Net 30,USD,"12,453.75",0.00,"12,453.75",1.0000,"12,453.75",0.00,Paid
INV-9940,C-0122,Owyhee Mercantile,12/22/2025,01/21/2026,Net 30,USD,"21,083.67",0.00,"21,083.67",1.0000,"21,083.67",0.00,Paid
INV-9941,C-0133,Sawtooth Natural Foods,12/22/2025,01/21/2026,Net 30,USD,"25,261.60",0.00,"25,261.60",1.0000,"25,261.60",0.00,Paid
INV-9942,C-0273,Coldwater Creek Market,12/22/2025,01/21/2026,Net 30,USD,"11,542.68",0.00,"11,542.68",1.0000,"11,542.68",0.00,Paid
INV-9943,C-0396,Driftwood Pantry,12/22/2025,01/21/2026,Net 30,USD,"11,041.27",0.00,"11,041.27",1.0000,"11,041.27",0.00,Paid
INV-9944,C-0135,Vine Bistro,12/17/2025,01/01/2026,Net 15,USD,"3,748.06",0.00,"3,748.06",1.0000,"3,748.06",0.00,Paid
INV-9945,C-0155,Lodestar Cafe,12/18/2025,01/02/2026,Net 15,USD,"3,336.33",0.00,"3,336.33",1.0000,"3,336.33",0.00,Paid
INV-9946,C-0299,Orchard Bakery,12/18/2025,01/02/2026,Net 15,USD,"1,220.39",0.00,"1,220.39",1.0000,"1,220.39",0.00,Paid
INV-9947,C-0037,Bellwether Tavern,12/19/2025,01/03/2026,Net 15,USD,"1,361.95",0.00,"1,361.95",1.0000,"1,361.95",0.00,Paid
INV-9948,C-0189,Ironclad Brasserie,12/19/2025,01/03/2026,Net 15,USD,"3,271.05",0.00,"3,271.05",1.0000,"3,271.05",0.00,Paid
INV-9949,C-0107,Green Valley Co-op,12/22/2025,01/21/2026,Net 30,USD,"11,661.91",0.00,"11,661.91",1.0000,"11,661.91",0.00,Paid
INV-9950,C-0233,Rose City Market Hall,12/22/2025,01/21/2026,Net 30,USD,"14,939.30",0.00,"14,939.30",1.0000,"14,939.30",0.00,Paid
INV-9951,C-0389,Umpqua Valley Foods,12/22/2025,01/21/2026,Net 30,USD,"21,040.73",0.00,"21,040.73",1.0000,"21,040.73",0.00,Paid
INV-9952,C-0088,Palouse Provisions,12/23/2025,01/22/2026,Net 30,USD,"27,137.61",0.00,"27,137.61",1.0000,"27,137.61",0.00,Paid
INV-9953,C-0414,Belmont Natural Foods,12/23/2025,01/22/2026,Net 30,USD,"20,507.05",0.00,"20,507.05",1.0000,"20,507.05",0.00,Paid
INV-9954,C-0066,Keel Smokehouse,12/18/2025,01/02/2026,Net 15,USD,"2,044.03",0.00,"2,044.03",1.0000,"2,044.03",0.00,Paid
INV-9955,C-0186,Hawthorne Fresh Market,12/18/2025,01/17/2026,Net 30,USD,"26,764.42",0.00,"26,764.42",1.0000,"26,764.42",0.00,Paid
INV-9956,C-0305,Bittern Bistro,12/18/2025,01/02/2026,Net 15,USD,"1,449.33",0.00,"1,449.33",1.0000,"1,449.33",0.00,Paid
INV-9957,C-0403,Basalt Grill,12/18/2025,01/02/2026,Net 15,USD,"3,292.47",0.00,"3,292.47",1.0000,"3,292.47",0.00,Paid
INV-9958,C-0096,Pioneer Square Provisions,12/22/2025,01/21/2026,Net 30,USD,"27,932.99",0.00,"27,932.99",1.0000,"27,932.99",0.00,Paid
INV-9959,C-0143,Gorge Valley Co-op,12/22/2025,01/21/2026,Net 30,USD,"14,459.21",0.00,"14,459.21",1.0000,"14,459.21",0.00,Paid
INV-9960,C-0427,Deschutes Food Hall,12/22/2025,01/21/2026,Net 30,USD,"23,421.31",0.00,"23,421.31",1.0000,"23,421.31",0.00,Paid
INV-9961,C-0158,Umber Grill,12/19/2025,01/03/2026,Net 15,USD,"2,434.19",0.00,"2,434.19",1.0000,"2,434.19",0.00,Paid
INV-9962,C-0264,Vale Brasserie,12/19/2025,01/03/2026,Net 15,USD,"2,721.80",0.00,"2,721.80",1.0000,"2,721.80",0.00,Paid
INV-9963,C-0381,Rookery Cafe,12/19/2025,01/03/2026,Net 15,USD,"1,868.44",0.00,"1,868.44",1.0000,"1,868.44",0.00,Paid
INV-9964,C-0027,Cascade Harvest Grocers,12/23/2025,01/22/2026,Net 30,USD,"12,453.02",0.00,"12,453.02",1.0000,"12,453.02",0.00,Paid
INV-9965,C-0075,Vesper Pizzeria,12/22/2025,01/06/2026,Net 15,USD,"1,516.99",0.00,"1,516.99",1.0000,"1,516.99",0.00,Paid
INV-9966,C-0120,Saltbox Kitchen,12/22/2025,01/06/2026,Net 15,USD,"2,858.18",0.00,"2,858.18",1.0000,"2,858.18",0.00,Paid
INV-9967,C-0177,Quarterdeck Tavern,12/22/2025,01/06/2026,Net 15,USD,"2,525.93",0.00,"2,525.93",1.0000,"2,525.93",0.00,Paid
INV-9968,C-0366,Kettle Bistro,12/22/2025,01/06/2026,Net 15,USD,"3,481.45",0.00,"3,481.45",1.0000,"3,481.45",0.00,Paid
INV-9969,C-0415,Kestrel Market Hall,12/23/2025,01/22/2026,Net 30,USD,"25,849.00",0.00,"25,849.00",1.0000,"25,849.00",0.00,Paid
INV-9970,C-0040,Parsnip Pizzeria,12/22/2025,01/06/2026,Net 15,USD,"3,529.77",0.00,"3,529.77",1.0000,"3,529.77",0.00,Paid
INV-9971,C-0147,Vashon Island Market,12/22/2025,01/21/2026,Net 30,USD,"28,408.48",0.00,"28,408.48",1.0000,"28,408.48",0.00,Paid
INV-9972,C-0146,Jetty Tavern,12/23/2025,01/07/2026,Net 15,USD,"1,830.73",0.00,"1,830.73",1.0000,"1,830.73",0.00,Paid
INV-9973,C-0282,Yarrow Deli,12/23/2025,01/07/2026,Net 15,USD,"2,350.59",0.00,"2,350.59",1.0000,"2,350.59",0.00,Paid
INV-9974,C-0197,Elderberry Deli,12/22/2025,01/06/2026,Net 15,USD,"3,812.89",0.00,"3,812.89",1.0000,"3,812.89",0.00,Paid
INV-9975,C-0163,Elk Rock Provisions,12/23/2025,01/22/2026,Net 30,USD,"16,708.78",0.00,"16,708.78",1.0000,"16,708.78",0.00,Paid
INV-9976,C-0323,Waxwing Eatery,12/23/2025,01/07/2026,Net 15,USD,"1,847.44",0.00,"1,847.44",1.0000,"1,847.44",0.00,Paid
INV-9977,C-0012,Olallie Market,12/23/2025,01/22/2026,Net 30,USD,"16,152.03",0.00,"16,152.03",1.0000,"16,152.03",0.00,Paid
INV-9978,C-0216,Arbor Kitchen,12/23/2025,01/07/2026,Net 15,USD,"1,007.32",0.00,"1,007.32",1.0000,"1,007.32",0.00,Paid
INV-9979,C-0306,Tillamook Road Grocery,12/23/2025,01/22/2026,Net 30,USD,"24,793.84",0.00,"24,793.84",1.0000,"24,793.84",0.00,Paid
INV-9980,C-0328,Drumlin Bakery,12/23/2025,01/07/2026,Net 15,USD,"2,300.54",0.00,"2,300.54",1.0000,"2,300.54",0.00,Paid
INV-9981,C-0378,Yellowjacket Taproom,12/25/2025,01/09/2026,Net 15,USD,"3,434.88",0.00,"3,434.88",1.0000,"3,434.88",0.00,Paid
INV-9982,C-0106,Fiddlehead Taproom,12/25/2025,01/09/2026,Net 15,USD,"1,501.38",0.00,"1,501.38",1.0000,"1,501.38",0.00,Paid
INV-9983,C-0278,Sorrel Cantina,12/25/2025,01/09/2026,Net 15,USD,"3,242.64",0.00,"3,242.64",1.0000,"3,242.64",0.00,Paid
INV-9984,C-0390,Dogwood Bistro,12/25/2025,01/09/2026,Net 15,USD,"2,744.02",0.00,"2,744.02",1.0000,"2,744.02",0.00,Paid
INV-9985,C-0001,Meadowlark Bistro,12/26/2025,01/10/2026,Net 15,USD,"1,814.84",0.00,"1,814.84",1.0000,"1,814.84",0.00,Paid
INV-9986,C-0082,Chanterelle Supper Club,12/26/2025,01/10/2026,Net 15,USD,"1,954.82",0.00,"1,954.82",1.0000,"1,954.82",0.00,Paid
INV-9987,C-0132,Jubilee Cantina,12/29/2025,01/13/2026,Net 15,USD,778.29,0.00,778.29,1.0000,778.29,0.00,Paid
INV-9988,C-0191,Riverstone Smokehouse,12/29/2025,01/13/2026,Net 15,USD,"1,466.70",0.00,"1,466.70",1.0000,"1,466.70",0.00,Paid
INV-9989,C-0242,Pumice Cantina,12/29/2025,01/13/2026,Net 15,USD,"1,293.22",0.00,"1,293.22",1.0000,"1,293.22",0.00,Paid
INV-9990,C-0276,Mossy Rock Taproom,12/29/2025,01/13/2026,Net 15,USD,"3,288.23",0.00,"3,288.23",1.0000,"3,288.23",0.00,Paid
INV-9991,C-0295,Zephyr Bakery,12/29/2025,01/13/2026,Net 15,USD,"3,299.21",0.00,"3,299.21",1.0000,"3,299.21",0.00,Paid
INV-9992,C-0425,Thistle Pizzeria,12/29/2025,01/13/2026,Net 15,USD,"1,452.04",0.00,"1,452.04",1.0000,"1,452.04",0.00,Paid
INV-9993,C-0330,Alder Street Market,01/02/2026,02/01/2026,Net 30,USD,"12,093.45",0.00,"12,093.45",1.0000,"12,093.45",0.00,Paid
INV-9994,C-0206,Otter Brasserie,12/29/2025,01/13/2026,Net 15,USD,"3,626.31",0.00,"3,626.31",1.0000,"3,626.31",0.00,Paid
INV-9995,C-0237,Plover Supper Club,12/29/2025,01/13/2026,Net 15,USD,"3,190.25",0.00,"3,190.25",1.0000,"3,190.25",0.00,Paid
INV-9996,C-0275,Tamarack Smokehouse,12/29/2025,01/13/2026,Net 15,USD,863.93,0.00,863.93,1.0000,863.93,0.00,Paid
INV-9997,C-0296,Bluebird Smokehouse,12/29/2025,01/13/2026,Net 15,USD,"1,876.35",0.00,"1,876.35",1.0000,"1,876.35",0.00,Paid
INV-9998,C-0324,Obsidian Grill,12/29/2025,01/13/2026,Net 15,USD,"1,842.72",0.00,"1,842.72",1.0000,"1,842.72",0.00,Paid
INV-9999,C-0349,Dovetail Taproom,12/29/2025,01/13/2026,Net 15,USD,"2,076.85",0.00,"2,076.85",1.0000,"2,076.85",0.00,Paid
